p_smiles,Tm,has_Tm
C=C(C(=O)O[C@@H](C)C(=C)C(=O)O[C@H](C)C(=C)C(=O)O[C@@H](C)C(=C)C(=O)O[C@@H](C)C(=C)C(=O)O[C@H](C)C(=C)C(=O)O[C@@H](C)C(=C)C(=O)O[C@@H](C)C(=C)C(=O)O[C@H](C)C(=C)C(=O)O[C@@H](C)C(=C)C(=O)O[C@H](C)C(=C)C(=O)O[C@H](C)C(=C)C(=O)O[C@@H](C)C(=C)C(=O)O[C@H](C)C(=C)C(=O)O[C@H](C)C(=C)C(=O)O[C@H](C)C(=C)C(=O)O[C@@H](C)C(=C)C(=O)O[C@H](C)C(=C)C(=O)O[C@@H](C)C(=C)C(=O)O[C@H](C)C(=C)C(=O)O[C@@H](C)C(=C)C(=O)O[C@H](C)C(=C)C(=O)O[C@@H](C)C(=C)C(=O)O[C@H](C)C(=C)C(=O)O[C@@H](C)C(=C)C(=O)O[C@H](C)C(=C)C(=O)O[C@@H](C)C(=C)C(=O)O[C@H](C)C(=C)C(C)=O)[C@H](C)OC(=O)C(=C)[C@H](C)OC(=O)C(=C)[C@@H](C)OC(=O)C(=C)[C@@H](C)OC(=O)C(=C)[C@@H](C)OC(=O)C(=C)[C@H](C)OC(=O)C(=C)[C@H](C)OC(=O)C(=C)[C@@H](C)OC(=O)C(=C)[C@H](C)OC(=O)C(=C)[C@@H](C)OC(=O)C(=C)[C@@H](C)OC(=O)C(=C)[C@@H](C)OC(=O)C(=C)[C@@H](C)OC,80.5,True
C=C(C(=O)O[C@H](C)C(=C)C(=O)O[C@@H](C)C(=C)C(=O)O[C@H](C)C(=C)C(=O)O[C@H](C)C(=C)C(=O)O[C@@H](C)C(=C)C(=O)O[C@H](C)C(=C)C(=O)O[C@H](C)C(=C)C(=O)O[C@H](C)C(=C)C(=O)O[C@@H](C)C(=C)C(=O)O[C@H](C)C(=C)C(=O)O[C@@H](C)C(=C)C(=O)O[C@H](C)C(=C)C(=O)O[C@@H](C)C(=C)C(=O)O[C@H](C)C(=C)C(=O)O[C@@H](C)C(=C)C(=O)O[C@H](C)C(=C)C(=O)O[C@@H](C)C(=C)C(=O)O[C@H](C)C(=C)C(=O)O[C@@H](C)C(=C)C(=O)O[C@H](C)C(=C)C(C)=O)[C@H](C)OC(=O)C(=C)[C@H](C)OC(=O)C(=C)[C@@H](C)OC(=O)C(=C)[C@H](C)OC(=O)C(=C)[C@@H](C)OC(=O)C(=C)[C@H](C)OC(=O)C(=C)[C@@H](C)OC(=O)C(=C)[C@@H](C)OC(=O)C(=C)[C@@H](C)OC(=O)C(=C)[C@H](C)OC(=O)C(=C)[C@@H](C)OC(=O)C(=C)[C@@H](C)OC(=O)C(=C)[C@H](C)OC(=O)C(=C)[C@H](C)OC(=O)C(=C)[C@@H](C)OC(=O)C(=C)[C@H](C)OC(=O)C(=C)[C@@H](C)OC(=O)C(=C)[C@H](C)OC(=O)C(=C)[C@@H](C)OC(=O)C(=C)[C@@H](C)OC,109.2,True
C=C(C(=O)O[C@@H](C)C(=C)C(=O)O[C@@H](C)C(=C)C(=O)O[C@@H](C)C(=C)C(=O)O[C@@H](C)C(=C)C(=O)O[C@H](C)C(=C)C(=O)O[C@H](C)C(=C)C(=O)O[C@H](C)C(=C)C(=O)O[C@H](C)C(=C)C(=O)O[C@H](C)C(=C)C(=O)O[C@H](C)C(=C)C(=O)O[C@H](C)C(=C)C(C)=O)[C@H](C)OC(=O)C(=C)[C@H](C)OC(=O)C(=C)[C@H](C)OC(=O)C(=C)[C@H](C)OC(=O)C(=C)[C@H](C)OC(=O)C(=C)[C@@H](C)OC(=O)C(=C)[C@@H](C)OC(=O)C(=C)[C@@H](C)OC(=O)C(=C)[C@@H](C)OC(=O)C(=C)[C@@H](C)OC(=O)C(=C)[C@@H](C)OC(=O)C(=C)[C@@H](C)OC(=O)C(=C)[C@@H](C)OC(=O)C(=C)[C@@H](C)OC(=O)C(=C)[C@@H](C)OC(=O)C(=C)[C@@H](C)OC(=O)C(=C)[C@@H](C)OC(=O)C(=C)[C@@H](C)OC(=O)C(=C)[C@@H](C)OC(=O)C(=C)[C@@H](C)OC(=O)C(=C)[C@@H](C)OC(=O)C(=C)[C@@H](C)OC(=O)C(=C)[C@@H](C)OC(=O)C(=C)[C@@H](C)OC(=O)C(=C)[C@@H](C)OC(=O)C(=C)[C@@H](C)OC(=O)C(=C)[C@@H](C)OC(=O)C(=C)[C@@H](C)OC(=O)C(=C)[C@@H](C)OC,102.7,True
CC[C@](C)(C[C@](C)(C[C@](C)(C[C@](C)(C[C@](C)(C[C@](C)(C[C@](C)(C[C@](C)(C[C@](C)(C[C@](C)(C[C@](C)(C[C@](C)(C[C@](C)(C[C@](C)(C[C@](C)(C[C@](C)(C[C@](C)(C[C@](C)(C[C@](C)(C[C@](C)(C[C@](C)(C[C@](C)(C[C@](C)(C[C@](C)(C[C@@](C)(C[C@@](C)(C[C@@](C)(C[C@@](C)(C[C@@](C)(C[C@@](C)(C[C@@](C)(C[C@@](C)(C[C@@](C)(C[C@](C)(C[C@](C)(C[C@](C)(C[C@](C)(C[C@](C)(C[C@](C)(CC(C)(C)C(=O)OC)C(=O)OC)C(=O)OC)C(=O)OC)C(=O)OC)C(=O)OC)C(=O)OC)C(=O)OC)C(=O)OC)C(=O)OC)C(=O)OC)C(=O)OC)C(=O)OC)C(=O)OC)C(=O)OC)C(=O)OC)C(=O)OC)C(=O)OC)C(=O)OC)C(=O)OC)C(=O)OC)C(=O)OC)C(=O)OC)C(=O)OC)C(=O)OC)C(=O)OC)C(=O)OC)C(=O)OC)C(=O)OC)C(=O)OC)C(=O)OC)C(=O)OC)C(=O)OC)C(=O)OC)C(=O)OC)C(=O)OC)C(=O)OC)C(=O)OC)C(=O)OC)C(=O)OC,130.0,True
CC[C@@H](C)C[C@@H](C)C[C@@H](C)C[C@@H](C)C[C@@H](C)C[C@@H](C)C[C@H](C)C[C@H](C)C[C@H](C)C[C@H](C)C[C@H](C)C[C@H](C)C[C@H](C)C[C@H](C)C[C@H](C)C[C@H](C)C[C@H](C)C[C@H](C)C[C@@H](C)C[C@@H](C)C[C@H](C)C[C@H](C)C[C@H](C)C[C@H](C)C[C@@H](C)C[C@@H](C)C[C@@H](C)C[C@@H](C)C[C@H](C)C[C@H](C)C[C@@H](C)C[C@@H](C)C[C@@H](C)C[C@H](C)C[C@H](C)C[C@H](C)C[C@@H](C)C[C@@H](C)C[C@H](C)CC(C)C,138.1,True
CC[C@@H](C)C[C@@H](C)C[C@@H](C)C[C@@H](C)C[C@@H](C)C[C@@H](C)C[C@H](C)C[C@H](C)C[C@H](C)C[C@H](C)C[C@H](C)C[C@H](C)C[C@H](C)C[C@H](C)C[C@H](C)C[C@H](C)C[C@H](C)C[C@H](C)C[C@H](C)C[C@H](C)C[C@H](C)C[C@H](C)C[C@H](C)C[C@H](C)C[C@@H](C)C[C@@H](C)C[C@@H](C)C[C@@H](C)C[C@@H](C)C[C@@H](C)C[C@@H](C)C[C@@H](C)C[C@@H](C)C[C@H](C)C[C@H](C)C[C@H](C)C[C@H](C)C[C@H](C)C[C@@H](C)CC(C)C,141.6,True
CC[C@@H](C)C[C@@H](C)C[C@@H](C)C[C@@H](C)C[C@@H](C)C[C@@H](C)C[C@H](C)C[C@H](C)C[C@H](C)C[C@H](C)C[C@H](C)C[C@H](C)C[C@H](C)C[C@H](C)C[C@H](C)C[C@H](C)C[C@H](C)C[C@H](C)C[C@H](C)C[C@H](C)C[C@H](C)C[C@H](C)C[C@H](C)C[C@H](C)C[C@@H](C)C[C@@H](C)C[C@@H](C)C[C@@H](C)C[C@@H](C)C[C@@H](C)C[C@@H](C)C[C@@H](C)C[C@@H](C)C[C@H](C)C[C@H](C)C[C@H](C)C[C@H](C)C[C@H](C)C[C@H](C)CC(C)C,142.4,True
CC[C@@H](C)C[C@@H](C)C[C@@H](C)C[C@@H](C)C[C@@H](C)C[C@@H](C)C[C@@H](C)C[C@@H](C)C[C@@H](C)C[C@@H](C)C[C@@H](C)C[C@@H](C)C[C@@H](C)C[C@@H](C)C[C@@H](C)C[C@@H](C)C[C@@H](C)C[C@@H](C)C[C@@H](C)C[C@@H](C)C[C@@H](C)C[C@@H](C)C[C@@H](C)C[C@@H](C)C[C@H](C)C[C@H](C)C[C@H](C)C[C@H](C)C[C@H](C)C[C@H](C)C[C@H](C)C[C@H](C)C[C@H](C)C[C@@H](C)C[C@@H](C)C[C@@H](C)C[C@@H](C)C[C@@H](C)C[C@@H](C)CC(C)C,160.6,True
CC[C@@H](C)C[C@@H](C)C[C@@H](C)C[C@@H](C)C[C@@H](C)C[C@@H](C)C[C@H](C)C[C@H](C)C[C@H](C)C[C@H](C)C[C@H](C)C[C@H](C)C[C@H](C)C[C@H](C)C[C@H](C)C[C@H](C)C[C@H](C)C[C@H](C)C[C@H](C)C[C@H](C)C[C@H](C)C[C@H](C)C[C@H](C)C[C@H](C)C[C@@H](C)C[C@@H](C)C[C@@H](C)C[C@@H](C)C[C@@H](C)C[C@@H](C)C[C@@H](C)C[C@@H](C)C[C@@H](C)C[C@H](C)C[C@H](C)C[C@H](C)C[C@H](C)C[C@H](C)C[C@@H](C)CC(C)C,157.5,True
CC[C@@H](C)C[C@@H](C)C[C@@H](C)C[C@@H](C)C[C@@H](C)C[C@@H](C)C[C@@H](C)C[C@@H](C)C[C@@H](C)C[C@@H](C)C[C@@H](C)C[C@@H](C)C[C@@H](C)C[C@@H](C)C[C@@H](C)C[C@@H](C)C[C@@H](C)C[C@@H](C)C[C@@H](C)C[C@@H](C)C[C@@H](C)C[C@@H](C)C[C@@H](C)C[C@@H](C)C[C@@H](C)C[C@@H](C)C[C@@H](C)C[C@@H](C)C[C@@H](C)C[C@@H](C)C[C@@H](C)C[C@@H](C)C[C@@H](C)C[C@H](C)C[C@H](C)C[C@H](C)C[C@H](C)C[C@H](C)C[C@H](C)CC(C)C,161.0,True
CC[C@@H](C)C[C@@H](C)C[C@H](C)C[C@@H](C)C[C@H](C)C[C@@H](C)C[C@H](C)C[C@@H](C)C[C@H](C)C[C@H](C)C[C@@H](C)C[C@H](C)C[C@H](C)C[C@@H](C)C[C@H](C)C[C@@H](C)C[C@H](C)C[C@@H](C)C[C@H](C)C[C@H](C)C[C@@H](C)C[C@H](C)C[C@@H](C)C[C@H](C)C[C@@H](C)C[C@H](C)C[C@@H](C)C[C@H](C)C[C@@H](C)C[C@H](C)C[C@@H](C)C[C@H](C)C[C@@H](C)C[C@H](C)C[C@@H](C)C[C@H](C)C[C@@H](C)C[C@H](C)C[C@@H](C)CC(C)C,119.2,True
CC[C@H](C#N)C[C@@H](C#N)C[C@@H](C#N)C[C@@H](C#N)C[C@@H](C#N)C[C@@H](C#N)C[C@@H](C#N)C[C@H](C[C@@H](C#N)C[C@H](C#N)C[C@H](C#N)C[C@H](C#N)C[C@H](C#N)C[C@H](C#N)C[C@@H](C#N)C[C@H](C#N)C[C@@H](C#N)C[C@@H](C#N)C[C@H](C#N)C[C@@H](C[C@H](C#N)C[C@H](C[C@H](C#N)C[C@@H](C#N)C[C@H](C#N)C[C@H](C[C@H](C#N)C[C@H](C#N)C[C@H](C#N)C[C@@H](C[C@H](C#N)C[C@@H](C[C@@H](C#N)C[C@H](C#N)C[C@@H](C[C@@H](C#N)C[C@@H](C#N)C[C@@H](C[C@H](C#N)C[C@@H](C)C(=O)OC)C(=O)OC)C(=O)OC)C(=O)OC)C(=O)OC)C(=O)OC)C(=O)OC)C(=O)OC)C(=O)OC,161.1,True
CC[C@H](C#N)C[C@@H](C#N)C[C@@H](C#N)C[C@@H](C#N)C[C@@H](C#N)C[C@@H](C#N)C[C@@H](C#N)C[C@H](C[C@@H](C#N)C[C@H](C#N)C[C@H](C#N)C[C@H](C#N)C[C@H](C#N)C[C@H](C#N)C[C@@H](C#N)C[C@H](C#N)C[C@@H](C#N)C[C@@H](C#N)C[C@H](C#N)C[C@H](C#N)C[C@H](C#N)C[C@@H](C#N)C[C@H](C#N)C[C@H](C#N)C[C@@H](C#N)C[C@@H](C[C@@H](C#N)C[C@@H](C#N)C[C@@H](C#N)C[C@H](C[C@@H](C#N)C[C@@H](C#N)C[C@H](C#N)C[C@@H](C#N)C[C@H](C[C@H](C#N)C[C@H](C#N)C[C@@H](C#N)C[C@@H](C#N)C[C@H](C)C(=O)OC)C(=O)OC)C(=O)OC)C(=O)OC)C(=O)OC,154.5,True
CC[C@H](C#N)C[C@@H](C#N)C[C@@H](C#N)C[C@@H](C#N)C[C@@H](C#N)C[C@@H](C#N)C[C@@H](C#N)C[C@H](C[C@@H](C#N)C[C@H](C#N)C[C@H](C#N)C[C@H](C#N)C[C@H](C#N)C[C@H](C#N)C[C@@H](C#N)C[C@H](C#N)C[C@@H](C#N)C[C@@H](C#N)C[C@H](C#N)C[C@H](C#N)C[C@H](C#N)C[C@@H](C#N)C[C@H](C#N)C[C@@H](C#N)C[C@H](C#N)C[C@H](C[C@H](C#N)C[C@H](C#N)C[C@H](C#N)C[C@@H](C[C@H](C#N)C[C@H](C#N)C[C@@H](C#N)C[C@H](C#N)C[C@@H](C[C@@H](C#N)C[C@@H](C#N)C[C@@H](C[C@H](C#N)C[C@@H](C)C(=O)OC)C(=O)OC)C(=O)OC)C(=O)OC)C(=O)OC)C(=O)OC,163.8,True
CC[C@@H](C[C@@H](C[C@@H](C[C@@H](C[C@@H](C[C@@H](C[C@@H](C[C@@H](C[C@@H](C[C@@H](C[C@@H](C[C@@H](C[C@@H](C[C@@H](C[C@@H](C[C@@H](C[C@@H](C[C@@H](C[C@@H](C[C@@H](C[C@@H](C[C@@H](C[C@@H](C[C@@H](C[C@@H](C[C@@H](C[C@@H](C[C@@H](C[C@@H](C[C@@H](C[C@@H](C[C@@H](C[C@@H](C[C@H](C[C@H](C[C@H](C[C@H](C[C@H](C[C@H](C[C@H](C)C(=O)N(C)C)C(=O)N(C)C)C(=O)N(C)C)C(=O)N(C)C)C(=O)N(C)C)C(=O)N(C)C)C(=O)N(C)C)C(=O)N(C)C)C(=O)N(C)C)C(=O)N(C)C)C(=O)N(C)C)C(=O)N(C)C)C(=O)N(C)C)C(=O)N(C)C)C(=O)N(C)C)C(=O)N(C)C)C(=O)N(C)C)C(=O)N(C)C)C(=O)N(C)C)C(=O)N(C)C)C(=O)N(C)C)C(=O)N(C)C)C(=O)N(C)C)C(=O)N(C)C)C(=O)N(C)C)C(=O)N(C)C)C(=O)N(C)C)C(=O)N(C)C)C(=O)N(C)C)C(=O)N(C)C)C(=O)N(C)C)C(=O)N(C)C)C(=O)N(C)C)C(=O)N(C)C)C(=O)N(C)C)C(=O)N(C)C)C(=O)N(C)C)C(=O)N(C)C)C(=O)N(C)C)C(=O)N(C)C,310.0,True
CC[C@@H](C[C@@H](C[C@@H](C[C@@H](C[C@@H](C[C@@H](C[C@H](C[C@H](C[C@H](C[C@H](C[C@H](C[C@H](C[C@H](C[C@H](C[C@H](C[C@H](C[C@H](C[C@H](C[C@@H](C[C@@H](C[C@H](C[C@H](C[C@H](C[C@H](C[C@@H](C[C@@H](C[C@@H](C[C@@H](C[C@H](C[C@H](C[C@@H](C[C@@H](C[C@@H](C[C@H](C[C@H](C[C@H](C[C@@H](C[C@@H](C[C@H](C[C@H](C)C(=O)N(C)C)C(=O)N(C)C)C(=O)N(C)C)C(=O)N(C)C)C(=O)N(C)C)C(=O)N(C)C)C(=O)N(C)C)C(=O)N(C)C)C(=O)N(C)C)C(=O)N(C)C)C(=O)N(C)C)C(=O)N(C)C)C(=O)N(C)C)C(=O)N(C)C)C(=O)N(C)C)C(=O)N(C)C)C(=O)N(C)C)C(=O)N(C)C)C(=O)N(C)C)C(=O)N(C)C)C(=O)N(C)C)C(=O)N(C)C)C(=O)N(C)C)C(=O)N(C)C)C(=O)N(C)C)C(=O)N(C)C)C(=O)N(C)C)C(=O)N(C)C)C(=O)N(C)C)C(=O)N(C)C)C(=O)N(C)C)C(=O)N(C)C)C(=O)N(C)C)C(=O)N(C)C)C(=O)N(C)C)C(=O)N(C)C)C(=O)N(C)C)C(=O)N(C)C)C(=O)N(C)C)C(=O)N(C)C,313.0,True
CC[C@@H](C[C@@H](C[C@@H](C[C@@H](C[C@@H](C[C@@H](C[C@@H](C[C@@H](C[C@@H](C[C@@H](C[C@@H](C[C@@H](C[C@@H](C[C@@H](C[C@@H](C[C@@H](C[C@@H](C[C@@H](C[C@@H](C[C@@H](C[C@@H](C[C@@H](C[C@@H](C[C@@H](C[C@@H](C[C@@H](C[C@@H](C[C@@H](C[C@@H](C[C@@H](C[C@@H](C[C@@H](C[C@@H](C[C@@H](C[C@@H](C[C@@H](C[C@@H](C[C@@H](C[C@@H](C[C@@H](C)C(=O)N(C)C)C(=O)N(C)C)C(=O)N(C)C)C(=O)N(C)C)C(=O)N(C)C)C(=O)N(C)C)C(=O)N(C)C)C(=O)N(C)C)C(=O)N(C)C)C(=O)N(C)C)C(=O)N(C)C)C(=O)N(C)C)C(=O)N(C)C)C(=O)N(C)C)C(=O)N(C)C)C(=O)N(C)C)C(=O)N(C)C)C(=O)N(C)C)C(=O)N(C)C)C(=O)N(C)C)C(=O)N(C)C)C(=O)N(C)C)C(=O)N(C)C)C(=O)N(C)C)C(=O)N(C)C)C(=O)N(C)C)C(=O)N(C)C)C(=O)N(C)C)C(=O)N(C)C)C(=O)N(C)C)C(=O)N(C)C)C(=O)N(C)C)C(=O)N(C)C)C(=O)N(C)C)C(=O)N(C)C)C(=O)N(C)C)C(=O)N(C)C)C(=O)N(C)C)C(=O)N(C)C)C(=O)N(C)C,312.0,True
CC[C@@H](C[C@@H](C[C@@H](C[C@@H](C[C@@H](C[C@@H](C[C@@H](C[C@@H](C[C@@H](C[C@@H](C[C@@H](C[C@@H](C[C@@H](C[C@@H](C[C@@H](C[C@@H](C[C@@H](C[C@@H](C[C@@H](C[C@@H](C[C@@H](C[C@@H](C[C@@H](C[C@@H](C[C@@H](C[C@@H](C[C@@H](C[C@@H](C[C@@H](C[C@@H](C[C@@H](C[C@@H](C[C@@H](C[C@@H](C[C@@H](C[C@@H](C[C@@H](C[C@@H](C[C@@H](C[C@@H](C)C(=O)N(C)C)C(=O)N(C)C)C(=O)N(C)C)C(=O)N(C)C)C(=O)N(C)C)C(=O)N(C)C)C(=O)N(C)C)C(=O)N(C)C)C(=O)N(C)C)C(=O)N(C)C)C(=O)N(C)C)C(=O)N(C)C)C(=O)N(C)C)C(=O)N(C)C)C(=O)N(C)C)C(=O)N(C)C)C(=O)N(C)C)C(=O)N(C)C)C(=O)N(C)C)C(=O)N(C)C)C(=O)N(C)C)C(=O)N(C)C)C(=O)N(C)C)C(=O)N(C)C)C(=O)N(C)C)C(=O)N(C)C)C(=O)N(C)C)C(=O)N(C)C)C(=O)N(C)C)C(=O)N(C)C)C(=O)N(C)C)C(=O)N(C)C)C(=O)N(C)C)C(=O)N(C)C)C(=O)N(C)C)C(=O)N(C)C)C(=O)N(C)C)C(=O)N(C)C)C(=O)N(C)C)C(=O)N(C)C,308.0,True
CC[C@@H](C[C@@H](C[C@@H](C[C@@H](C[C@@H](C[C@@H](C[C@@H](C[C@@H](C[C@@H](C[C@@H](C[C@@H](C[C@@H](C[C@@H](C[C@@H](C[C@@H](C[C@@H](C[C@@H](C[C@@H](C[C@@H](C[C@@H](C[C@@H](C[C@@H](C[C@@H](C[C@@H](C[C@H](C[C@H](C[C@H](C[C@H](C[C@H](C[C@H](C[C@H](C[C@H](C[C@H](C[C@@H](C[C@@H](C[C@@H](C[C@@H](C[C@@H](C[C@@H](C[C@@H](C)C(=O)N(C)C)C(=O)N(C)C)C(=O)N(C)C)C(=O)N(C)C)C(=O)N(C)C)C(=O)N(C)C)C(=O)N(C)C)C(=O)N(C)C)C(=O)N(C)C)C(=O)N(C)C)C(=O)N(C)C)C(=O)N(C)C)C(=O)N(C)C)C(=O)N(C)C)C(=O)N(C)C)C(=O)N(C)C)C(=O)N(C)C)C(=O)N(C)C)C(=O)N(C)C)C(=O)N(C)C)C(=O)N(C)C)C(=O)N(C)C)C(=O)N(C)C)C(=O)N(C)C)C(=O)N(C)C)C(=O)N(C)C)C(=O)N(C)C)C(=O)N(C)C)C(=O)N(C)C)C(=O)N(C)C)C(=O)N(C)C)C(=O)N(C)C)C(=O)N(C)C)C(=O)N(C)C)C(=O)N(C)C)C(=O)N(C)C)C(=O)N(C)C)C(=O)N(C)C)C(=O)N(C)C)C(=O)N(C)C,306.0,True
CC[C@@H](C[C@@H](C[C@@H](C[C@@H](C[C@@H](C[C@@H](C[C@@H](C[C@@H](C[C@@H](C[C@@H](C[C@@H](C[C@@H](C[C@@H](C[C@@H](C[C@@H](C[C@@H](C[C@@H](C[C@@H](C[C@@H](C[C@@H](C[C@@H](C[C@@H](C[C@@H](C[C@@H](C[C@@H](C[C@@H](C[C@@H](C[C@@H](C[C@@H](C[C@@H](C[C@@H](C[C@@H](C[C@@H](C[C@@H](C[C@@H](C[C@@H](C[C@@H](C[C@@H](C[C@@H](C[C@@H](C)C(=O)N(C)C)C(=O)N(C)C)C(=O)N(C)C)C(=O)N(C)C)C(=O)N(C)C)C(=O)N(C)C)C(=O)N(C)C)C(=O)N(C)C)C(=O)N(C)C)C(=O)N(C)C)C(=O)N(C)C)C(=O)N(C)C)C(=O)N(C)C)C(=O)N(C)C)C(=O)N(C)C)C(=O)N(C)C)C(=O)N(C)C)C(=O)N(C)C)C(=O)N(C)C)C(=O)N(C)C)C(=O)N(C)C)C(=O)N(C)C)C(=O)N(C)C)C(=O)N(C)C)C(=O)N(C)C)C(=O)N(C)C)C(=O)N(C)C)C(=O)N(C)C)C(=O)N(C)C)C(=O)N(C)C)C(=O)N(C)C)C(=O)N(C)C)C(=O)N(C)C)C(=O)N(C)C)C(=O)N(C)C)C(=O)N(C)C)C(=O)N(C)C)C(=O)N(C)C)C(=O)N(C)C)C(=O)N(C)C,316.0,True
CC[C@@H](C[C@@H](C[C@@H](C[C@@H](C[C@@H](C[C@@H](C[C@@H](C[C@@H](C[C@@H](C[C@@H](C[C@@H](C[C@@H](C[C@@H](C[C@@H](C[C@@H](C[C@@H](C[C@@H](C[C@@H](C[C@@H](C[C@@H](C[C@@H](C[C@@H](C[C@@H](C[C@@H](C[C@@H](C[C@@H](C[C@@H](C[C@@H](C[C@@H](C[C@@H](C[C@@H](C[C@@H](C[C@@H](C[C@@H](C[C@@H](C[C@@H](C[C@@H](C[C@@H](C[C@@H](C[C@@H](C)C(=O)N(C)C)C(=O)N(C)C)C(=O)N(C)C)C(=O)N(C)C)C(=O)N(C)C)C(=O)N(C)C)C(=O)N(C)C)C(=O)N(C)C)C(=O)N(C)C)C(=O)N(C)C)C(=O)N(C)C)C(=O)N(C)C)C(=O)N(C)C)C(=O)N(C)C)C(=O)N(C)C)C(=O)N(C)C)C(=O)N(C)C)C(=O)N(C)C)C(=O)N(C)C)C(=O)N(C)C)C(=O)N(C)C)C(=O)N(C)C)C(=O)N(C)C)C(=O)N(C)C)C(=O)N(C)C)C(=O)N(C)C)C(=O)N(C)C)C(=O)N(C)C)C(=O)N(C)C)C(=O)N(C)C)C(=O)N(C)C)C(=O)N(C)C)C(=O)N(C)C)C(=O)N(C)C)C(=O)N(C)C)C(=O)N(C)C)C(=O)N(C)C)C(=O)N(C)C)C(=O)N(C)C)C(=O)N(C)C,306.0,True
CC[C@@H](C[C@@H](C[C@@H](C[C@@H](C[C@@H](C[C@@H](C[C@@H](C[C@@H](C[C@@H](C[C@@H](C[C@@H](C[C@@H](C[C@@H](C[C@@H](C[C@@H](C[C@@H](C[C@@H](C[C@@H](C[C@@H](C[C@@H](C[C@@H](C[C@@H](C[C@@H](C[C@@H](C[C@@H](C[C@@H](C[C@@H](C[C@@H](C[C@@H](C[C@@H](C[C@@H](C[C@@H](C[C@@H](C[C@@H](C[C@@H](C[C@@H](C[C@@H](C[C@@H](C[C@@H](C[C@@H](C)C(=O)N(C)C)C(=O)N(C)C)C(=O)N(C)C)C(=O)N(C)C)C(=O)N(C)C)C(=O)N(C)C)C(=O)N(C)C)C(=O)N(C)C)C(=O)N(C)C)C(=O)N(C)C)C(=O)N(C)C)C(=O)N(C)C)C(=O)N(C)C)C(=O)N(C)C)C(=O)N(C)C)C(=O)N(C)C)C(=O)N(C)C)C(=O)N(C)C)C(=O)N(C)C)C(=O)N(C)C)C(=O)N(C)C)C(=O)N(C)C)C(=O)N(C)C)C(=O)N(C)C)C(=O)N(C)C)C(=O)N(C)C)C(=O)N(C)C)C(=O)N(C)C)C(=O)N(C)C)C(=O)N(C)C)C(=O)N(C)C)C(=O)N(C)C)C(=O)N(C)C)C(=O)N(C)C)C(=O)N(C)C)C(=O)N(C)C)C(=O)N(C)C)C(=O)N(C)C)C(=O)N(C)C)C(=O)N(C)C,318.0,True
CC[C@@H](C)C[C@@H](C)C[C@@H](C)C[C@@H](C)C[C@@H](C)C[C@@H](C)C[C@@H](C)C[C@@H](C)C[C@@H](C)C[C@@H](C)C[C@@H](C)C[C@@H](C)C[C@@H](C)C[C@@H](C)C[C@@H](C)C[C@@H](C)C[C@@H](C)C[C@@H](C)C[C@@H](C)C[C@@H](C)C[C@@H](C)C[C@@H](C)C[C@@H](C)C[C@@H](C)C[C@@H](C)C[C@@H](C)C[C@@H](C)C[C@@H](C)C[C@@H](C)C[C@@H](C)C[C@@H](C)C[C@@H](C)C[C@@H](C)C[C@H](C)C[C@H](C)C[C@H](C)C[C@H](C)C[C@H](C)C[C@H](C)CC(C)C,136.1,True
CC[C@@H](C)C[C@@H](C)C[C@@H](C)C[C@@H](C)C[C@@H](C)C[C@@H](C)C[C@@H](C)C[C@@H](C)C[C@@H](C)C[C@@H](C)C[C@@H](C)C[C@@H](C)C[C@@H](C)C[C@@H](C)C[C@@H](C)C[C@@H](C)C[C@@H](C)C[C@H](C)C[C@H](C)C[C@H](C)C[C@H](C)C[C@H](C)C[C@H](C)C[C@H](C)C[C@H](C)C[C@H](C)C[C@H](C)C[C@H](C)C[C@H](C)C[C@H](C)C[C@H](C)C[C@H](C)C[C@H](C)C[C@H](C)C[C@H](C)C[C@H](C)C[C@H](C)C[C@H](C)CC(C)C,134.4,True
CC[C@@H](C)C[C@@H](C)C[C@@H](C)C[C@@H](C)C[C@@H](C)C[C@@H](C)C[C@@H](C)C[C@@H](C)C[C@@H](C)C[C@@H](C)C[C@@H](C)C[C@@H](C)C[C@@H](C)C[C@@H](C)C[C@@H](C)C[C@@H](C)C[C@@H](C)C[C@H](C)C[C@H](C)C[C@H](C)C[C@H](C)C[C@H](C)C[C@H](C)C[C@H](C)C[C@H](C)C[C@H](C)C[C@H](C)C[C@H](C)C[C@H](C)C[C@H](C)C[C@H](C)C[C@H](C)C[C@H](C)C[C@H](C)C[C@H](C)C[C@H](C)C[C@H](C)C[C@H](C)CC(C)C,126.2,True
CCC[C@H](C[C@H](C)C[C@H](C)C[C@H](C)C[C@H](CCC)C[C@H](C)C[C@H](C)C[C@H](C)C[C@H](C)C[C@H](C)C[C@H](C)C[C@H](C)C[C@H](C)C[C@H](C)CC(C)C)C[C@@H](C)C[C@@H](C)C[C@@H](C)C[C@@H](C)C[C@@H](C)C[C@@H](C)C[C@@H](C)C[C@H](C)C[C@H](C)C[C@H](C)C[C@H](C)C[C@H](C)C[C@H](C)C[C@H](C)C[C@H](C)C[C@H](C)C[C@H](C)C[C@H](C)C[C@H](C)C[C@H](C)C[C@H](C)C[C@H](C)C[C@H](C)C[C@H](C)CC,102.7,True
CCC[C@H](C[C@H](C)C[C@H](C)C[C@H](C)C[C@H](C)C[C@H](C)CC)C[C@@H](C)C[C@@H](C)C[C@@H](C)C[C@@H](C)C[C@@H](C)C[C@@H](C)C[C@@H](C)C[C@@H](C)C[C@@H](C)C[C@@H](C)C[C@@H](C)C[C@H](C)C[C@H](C)C[C@H](C)C[C@H](CCC)C[C@H](C)C[C@H](C)C[C@H](C)C[C@H](CCC)C[C@H](C)C[C@H](C)C[C@H](C)C[C@H](CCC)C[C@H](C)C[C@H](C)C[C@H](C)C[C@H](C)C[C@H](C)C[C@H](C)C[C@H](C)C[C@H](C)C[C@H](C)CC(C)C,74.2,True
CCC[C@H](C[C@H](C)CC)C[C@@H](C)C[C@@H](C)C[C@@H](C)C[C@@H](CCC)C[C@@H](C)C[C@@H](C)C[C@@H](C)C[C@@H](C)C[C@@H](C)C[C@@H](C)C[C@@H](C)C[C@@H](C)C[C@@H](C)C[C@@H](CCC)C[C@@H](C)C[C@H](C)C[C@H](C)C[C@H](C)C[C@H](CCC)C[C@H](C)C[C@H](C)C[C@H](C)C[C@H](CCC)C[C@H](CCC)C[C@H](C)C[C@H](C)C[C@H](CCC)C[C@H](C)C[C@H](C)C[C@H](C)C[C@H](C)C[C@H](C)C[C@H](C)C[C@H](C)C[C@H](C)C[C@H](C)CC(C)C,59.5,True
CC[C@@H](C)C[C@@H](C)C[C@@H](C)C[C@@H](C)C[C@@H](C)C[C@@H](C)C[C@@H](C)C[C@@H](C)C[C@@H](C)C[C@@H](C)C[C@@H](C)C[C@@H](C)C[C@@H](C)C[C@@H](C)C[C@@H](C)C[C@@H](C)C[C@@H](C)C[C@@H](C)C[C@@H](C)C[C@@H](C)C[C@@H](C)C[C@@H](C)C[C@@H](C)C[C@@H](C)C[C@@H](C)C[C@@H](C)C[C@@H](C)C[C@@H](C)C[C@@H](C)C[C@@H](C)C[C@@H](C)C[C@@H](C)C[C@@H](C)C[C@@H](C)C[C@@H](C)C[C@@H](C)C[C@@H](C)C[C@@H](C)C[C@@H](C)CC(C)C,149.2,True
CC[C@@H](C)C[C@@H](C)C[C@@H](C)C[C@@H](C)C[C@@H](C)C[C@@H](C)C[C@@H](C)C[C@@H](C)C[C@@H](C)C[C@@H](C)C[C@@H](C)C[C@@H](C)C[C@@H](C)C[C@@H](C)C[C@@H](C)C[C@@H](C)C[C@@H](C)C[C@H](C)C[C@H](C)C[C@H](C)C[C@H](C)C[C@H](C)C[C@H](C)C[C@H](C)C[C@H](C)C[C@H](C)C[C@H](C)C[C@H](C)C[C@H](C)C[C@H](C)C[C@H](C)C[C@H](C)C[C@H](C)C[C@H](C)C[C@H](C)C[C@H](C)C[C@H](C)C[C@H](C)CC(C)C,135.1,True
CCC[C@H](C[C@H](C)C[C@H](C)C[C@H](C)C[C@H](C)C[C@H](C)C[C@H](C)C[C@H](C)C[C@H](C)C[C@H](C)C[C@H](C)C[C@H](C)C[C@H](C)C[C@H](C)CC(C)C)C[C@@H](C)C[C@@H](C)C[C@@H](C)C[C@@H](C)C[C@@H](C)C[C@@H](C)C[C@@H](C)C[C@H](C)C[C@H](C)C[C@H](C)C[C@H](C)C[C@H](C)C[C@H](C)C[C@H](C)C[C@H](C)C[C@H](C)C[C@H](C)C[C@H](C)C[C@H](C)C[C@H](C)C[C@H](C)C[C@H](C)C[C@H](C)C[C@H](C)CC,123.6,True
CCC[C@H](C[C@H](C)C[C@H](C)C[C@H](C)C[C@H](CCC)C[C@H](C)C[C@H](C)C[C@H](C)C[C@H](C)C[C@H](C)C[C@H](C)C[C@H](C)C[C@H](C)C[C@H](C)CC(C)C)C[C@@H](C)C[C@@H](C)C[C@@H](C)C[C@@H](C)C[C@@H](C)C[C@@H](C)C[C@@H](C)C[C@H](C)C[C@H](C)C[C@H](C)C[C@H](C)C[C@H](C)C[C@H](C)C[C@H](C)C[C@H](C)C[C@H](C)C[C@H](C)C[C@H](C)C[C@H](C)C[C@H](C)C[C@H](C)C[C@H](C)C[C@H](C)C[C@H](C)CC,97.3,True
CCC[C@H](C[C@H](C)C[C@H](C)C[C@H](C)C[C@H](C)C[C@H](C)CC)C[C@@H](C)C[C@H](C)C[C@H](C)C[C@H](C)C[C@H](C)C[C@H](C)C[C@H](C)C[C@H](C)C[C@H](C)C[C@H](C)C[C@H](C)C[C@@H](C)C[C@@H](C)C[C@@H](C)C[C@@H](CCC)C[C@@H](C)C[C@@H](C)C[C@@H](C)C[C@@H](CCC)C[C@@H](C)C[C@@H](C)C[C@@H](C)C[C@@H](CCC)C[C@@H](C)C[C@@H](C)C[C@@H](C)C[C@@H](C)C[C@@H](C)C[C@H](C)C[C@H](C)C[C@H](C)C[C@H](C)CC(C)C,77.5,True
CCC[C@H](C[C@H](C)CC)C[C@@H](C)C[C@@H](C)C[C@@H](C)C[C@@H](CCC)C[C@@H](C)C[C@H](C)C[C@H](CCC)C[C@H](C)C[C@H](C)C[C@H](C)C[C@H](C)C[C@H](C)C[C@H](C)C[C@H](CCC)C[C@H](C)C[C@@H](C)C[C@@H](C)C[C@@H](C)C[C@@H](CCC)C[C@@H](C)C[C@@H](C)C[C@@H](C)C[C@@H](CCC)C[C@@H](CCC)C[C@@H](C)C[C@@H](C)C[C@@H](CCC)C[C@@H](C)C[C@@H](C)C[C@@H](C)C[C@@H](C)C[C@@H](C)C[C@H](C)C[C@H](C)C[C@H](C)C[C@H](C)CC(C)C,63.2,True
CCCCCCCCCCCCCCC[C@H](C)C[C@@H](CCCCCCCCCCCCCCC)C[C@@H](CCCCCCCCCCCCCCC)C[C@@H](CCCCCCCCCCCCCCC)C[C@@H](CCCCCCCCCCCCCCC)C[C@@H](CCCCCCCCCCCCCCC)C[C@@H](CCCCCCCCCCCCCCC)C[C@H](CCCCCCCCCCCCCCC)C[C@H](CCCCCCCCCCCCCCC)C[C@H](CCCCCCCCCCCCCCC)C[C@H](CCCCCCCCCCCCCCC)C[C@H](CCCCCCCCCCCCCCC)C[C@H](CCCCCCCCCCCCCCC)C[C@H](CCCCCCCCCCCCCCC)C[C@H](CCCCCCCCCCCCCCC)C[C@H](CCCCCCCCCCCCCCC)C[C@@H](CCCCCCCCCCCCCCC)C[C@@H](CCCCCCCCCCCCCCC)C[C@@H](CCCCCCCCCCCCCCC)C[C@@H](CCCCCCCCCCCCCCC)C[C@@H](CCCCCCCCCCCCCCC)C[C@@H](CCCCCCCCCCCCCCC)C[C@@H](CCCCCCCCCCCCCCC)C[C@@H](CCCCCCCCCCCCCCC)C[C@@H](CCCCCCCCCCCCCCC)C[C@@H](CCCCCCCCCCCCCCC)C[C@@H](CCCCCCCCCCCCCCC)C[C@@H](CCCCCCCCCCCCCCC)C[C@@H](CCCCCCCCCCCCCCC)C[C@@H](CCCCCCCCCCCCCCC)C[C@@H](CCCCCCCCCCCCCCC)C[C@@H](CCCCCCCCCCCCCCC)C[C@@H](CCCCCCCCCCCCCCC)C[C@@H](CCCCCCCCCCCCCCC)C[C@@H](CCCCCCCCCCCCCCC)C[C@@H](CCCCCCCCCCCCCCC)C[C@@H](CCCCCCCCCCCCCCC)C[C@@H](CCCCCCCCCCCCCCC)C[C@@H](CCCCCCCCCCCCCCC)C[C@H](CC)CCCCCCCCCCCCCCC,67.0,True
CCCCCCCCCCCCCCC[C@H](C)C[C@H](CCCCCCCCCCCCCCC)C[C@@H](CCCCCCCCCCCCCCC)C[C@H](CCCCCCCCCCCCCCC)C[C@@H](CCCCCCCCCCCCCCC)C[C@H](CCCCCCCCCCCCCCC)C[C@H](CCCCCCCCCCCCCCC)C[C@@H](CCCCCCCCCCCCCCC)C[C@H](CCCCCCCCCCCCCCC)C[C@@H](CCCCCCCCCCCCCCC)C[C@H](CCCCCCCCCCCCCCC)C[C@@H](CCCCCCCCCCCCCCC)C[C@H](CCCCCCCCCCCCCCC)C[C@H](CCCCCCCCCCCCCCC)C[C@H](CCCCCCCCCCCCCCC)C[C@H](CCCCCCCCCCCCCCC)C[C@@H](CCCCCCCCCCCCCCC)C[C@@H](CCCCCCCCCCCCCCC)C[C@@H](CCCCCCCCCCCCCCC)C[C@H](CCCCCCCCCCCCCCC)C[C@@H](CCCCCCCCCCCCCCC)C[C@@H](CCCCCCCCCCCCCCC)C[C@H](CCCCCCCCCCCCCCC)C[C@@H](CCCCCCCCCCCCCCC)C[C@@H](CCCCCCCCCCCCCCC)C[C@H](CCCCCCCCCCCCCCC)C[C@@H](CCCCCCCCCCCCCCC)C[C@@H](CCCCCCCCCCCCCCC)C[C@@H](CCCCCCCCCCCCCCC)C[C@H](CCCCCCCCCCCCCCC)C[C@H](CCCCCCCCCCCCCCC)C[C@H](CCCCCCCCCCCCCCC)C[C@H](CCCCCCCCCCCCCCC)C[C@H](CCCCCCCCCCCCCCC)C[C@@H](CCCCCCCCCCCCCCC)C[C@H](CCCCCCCCCCCCCCC)C[C@@H](CCCCCCCCCCCCCCC)C[C@@H](CCCCCCCCCCCCCCC)C[C@@H](CCCCCCCCCCCCCCC)C[C@H](CC)CCCCCCCCCCCCCCC,36.0,True
CO[C@@H](CC(=O)O[C@@H](CC(=O)O[C@H](CC(=O)O[C@@H](CC(=O)O[C@H](CC(=O)O[C@@H](CC(=O)O[C@H](CC(=O)O[C@H](CC(=O)O[C@@H](CC(=O)O[C@@H](CC(=O)O[C@H](CC(=O)O[C@@H](CC(=O)O[C@@H](CC(=O)O[C@H](CC(=O)O[C@@H](CC(=O)O[C@H](CC(=O)O[C@@H](CC(=O)O[C@H](CC(=O)O[C@@H](CC(=O)O[C@@H](CC(=O)O[C@H](CC(=O)O[C@@H](CC(=O)O[C@H](CC(=O)O[C@H](CC(=O)O[C@@H](CC(=O)O[C@H](CC(=O)O[C@H](CC(=O)O[C@H](CC(=O)O[C@@H](CC(=O)O[C@H](CC(=O)O[C@@H](CC(=O)O[C@H](CC(=O)O[C@@H](CC(=O)O[C@H](CC(=O)O[C@@H](CC(=O)O[C@H](CC(=O)O[C@@H](CC(=O)O[C@H](CC(=O)O[C@@H](CC(=O)O[C@H](CC(C)=O)C(=O)OCc1ccccc1)C(=O)OCc1ccccc1)C(=O)OCc1ccccc1)C(=O)OCc1ccccc1)C(=O)OCc1ccccc1)C(=O)OCc1ccccc1)C(=O)OCc1ccccc1)C(=O)OCc1ccccc1)C(=O)OCc1ccccc1)C(=O)OCc1ccccc1)C(=O)OCc1ccccc1)C(=O)OCc1ccccc1)C(=O)OCc1ccccc1)C(=O)OCc1ccccc1)C(=O)OCc1ccccc1)C(=O)OCc1ccccc1)C(=O)OCc1ccccc1)C(=O)OCc1ccccc1)C(=O)OCc1ccccc1)C(=O)OCc1ccccc1)C(=O)OCc1ccccc1)C(=O)OCc1ccccc1)C(=O)OCc1ccccc1)C(=O)OCc1ccccc1)C(=O)OCc1ccccc1)C(=O)OCc1ccccc1)C(=O)OCc1ccccc1)C(=O)OCc1ccccc1)C(=O)OCc1ccccc1)C(=O)OCc1ccccc1)C(=O)OCc1ccccc1)C(=O)OCc1ccccc1)C(=O)OCc1ccccc1)C(=O)OCc1ccccc1)C(=O)OCc1ccccc1)C(=O)OCc1ccccc1)C(=O)OCc1ccccc1)C(=O)OCc1ccccc1)C(=O)OCc1ccccc1)C(=O)OCc1ccccc1,79.0,True
CO[C@@H](CC(=O)O[C@@H](CC(=O)O[C@H](CC(=O)O[C@@H](CC(=O)O[C@H](CC(=O)O[C@@H](CC(=O)O[C@H](CC(=O)O[C@H](CC(=O)O[C@@H](CC(=O)O[C@@H](CC(=O)O[C@H](CC(=O)O[C@@H](CC(=O)O[C@@H](CC(=O)O[C@@H](CC(=O)O[C@H](CC(=O)O[C@@H](CC(=O)O[C@H](CC(=O)O[C@@H](CC(=O)O[C@H](CC(=O)O[C@H](CC(=O)O[C@@H](CC(=O)O[C@H](CC(=O)O[C@@H](CC(=O)O[C@@H](CC(=O)O[C@H](CC(=O)O[C@@H](CC(=O)O[C@@H](CC(=O)O[C@@H](CC(=O)O[C@H](CC(=O)O[C@@H](CC(=O)O[C@H](CC(=O)O[C@@H](CC(=O)O[C@H](CC(=O)O[C@@H](CC(=O)O[C@H](CC(=O)O[C@@H](CC(=O)O[C@H](CC(=O)O[C@@H](CC(=O)O[C@H](CC(=O)O[C@@H](CC(C)=O)C(=O)OCc1ccccc1)C(=O)OCc1ccccc1)C(=O)OCc1ccccc1)C(=O)OCc1ccccc1)C(=O)OCc1ccccc1)C(=O)OCc1ccccc1)C(=O)OCc1ccccc1)C(=O)OCc1ccccc1)C(=O)OCc1ccccc1)C(=O)OCc1ccccc1)C(=O)OCc1ccccc1)C(=O)OCc1ccccc1)C(=O)OCc1ccccc1)C(=O)OCc1ccccc1)C(=O)OCc1ccccc1)C(=O)OCc1ccccc1)C(=O)OCc1ccccc1)C(=O)OCc1ccccc1)C(=O)OCc1ccccc1)C(=O)OCc1ccccc1)C(=O)OCc1ccccc1)C(=O)OCc1ccccc1)C(=O)OCc1ccccc1)C(=O)OCc1ccccc1)C(=O)OCc1ccccc1)C(=O)OCc1ccccc1)C(=O)OCc1ccccc1)C(=O)OCc1ccccc1)C(=O)OCc1ccccc1)C(=O)OCc1ccccc1)C(=O)OCc1ccccc1)C(=O)OCc1ccccc1)C(=O)OCc1ccccc1)C(=O)OCc1ccccc1)C(=O)OCc1ccccc1)C(=O)OCc1ccccc1)C(=O)OCc1ccccc1)C(=O)OCc1ccccc1)C(=O)OCc1ccccc1)C(=O)OCc1ccccc1,74.0,True
CO[C@@H](CC(=O)O[C@@H](CC(=O)O[C@H](CC(=O)O[C@@H](CC(=O)O[C@H](CC(=O)O[C@@H](CC(=O)O[C@H](CC(=O)O[C@H](CC(=O)O[C@@H](CC(=O)O[C@@H](CC(=O)O[C@H](CC(=O)O[C@@H](CC(=O)O[C@@H](CC(=O)O[C@@H](CC(=O)O[C@H](CC(=O)O[C@@H](CC(=O)O[C@H](CC(=O)O[C@@H](CC(=O)O[C@H](CC(=O)O[C@H](CC(=O)O[C@@H](CC(=O)O[C@H](CC(=O)O[C@@H](CC(=O)O[C@@H](CC(=O)O[C@H](CC(=O)O[C@@H](CC(=O)O[C@@H](CC(=O)O[C@@H](CC(=O)O[C@H](CC(=O)O[C@@H](CC(=O)O[C@H](CC(=O)O[C@@H](CC(=O)O[C@H](CC(=O)O[C@@H](CC(=O)O[C@H](CC(=O)O[C@@H](CC(=O)O[C@H](CC(=O)O[C@@H](CC(=O)O[C@H](CC(=O)O[C@@H](CC(C)=O)C(=O)OCc1ccccc1)C(=O)OCc1ccccc1)C(=O)OCc1ccccc1)C(=O)OCc1ccccc1)C(=O)OCc1ccccc1)C(=O)OCc1ccccc1)C(=O)OCc1ccccc1)C(=O)OCc1ccccc1)C(=O)OCc1ccccc1)C(=O)OCc1ccccc1)C(=O)OCc1ccccc1)C(=O)OCc1ccccc1)C(=O)OCc1ccccc1)C(=O)OCc1ccccc1)C(=O)OCc1ccccc1)C(=O)OCc1ccccc1)C(=O)OCc1ccccc1)C(=O)OCc1ccccc1)C(=O)OCc1ccccc1)C(=O)OCc1ccccc1)C(=O)OCc1ccccc1)C(=O)OCc1ccccc1)C(=O)OCc1ccccc1)C(=O)OCc1ccccc1)C(=O)OCc1ccccc1)C(=O)OCc1ccccc1)C(=O)OCc1ccccc1)C(=O)OCc1ccccc1)C(=O)OCc1ccccc1)C(=O)OCc1ccccc1)C(=O)OCc1ccccc1)C(=O)OCc1ccccc1)C(=O)OCc1ccccc1)C(=O)OCc1ccccc1)C(=O)OCc1ccccc1)C(=O)OCc1ccccc1)C(=O)OCc1ccccc1)C(=O)OCc1ccccc1)C(=O)OCc1ccccc1)C(=O)OCc1ccccc1,71.0,True
CO[C@@H](CC(=O)O[C@@H](CC(=O)O[C@H](CC(=O)O[C@@H](CC(=O)O[C@H](CC(=O)O[C@@H](CC(=O)O[C@H](CC(=O)O[C@H](CC(=O)O[C@@H](CC(=O)O[C@@H](CC(=O)O[C@H](CC(=O)O[C@@H](CC(=O)O[C@@H](CC(=O)O[C@@H](CC(=O)O[C@H](CC(=O)O[C@@H](CC(=O)O[C@H](CC(=O)O[C@@H](CC(=O)O[C@H](CC(=O)O[C@H](CC(=O)O[C@@H](CC(=O)O[C@H](CC(=O)O[C@@H](CC(=O)O[C@@H](CC(=O)O[C@H](CC(=O)O[C@@H](CC(=O)O[C@@H](CC(=O)O[C@@H](CC(=O)O[C@H](CC(=O)O[C@@H](CC(=O)O[C@H](CC(=O)O[C@@H](CC(=O)O[C@H](CC(=O)O[C@@H](CC(=O)O[C@H](CC(=O)O[C@@H](CC(=O)O[C@H](CC(=O)O[C@@H](CC(=O)O[C@H](CC(=O)O[C@@H](CC(C)=O)C(=O)OCc1ccccc1)C(=O)OCc1ccccc1)C(=O)OCc1ccccc1)C(=O)OCc1ccccc1)C(=O)OCc1ccccc1)C(=O)OCc1ccccc1)C(=O)OCc1ccccc1)C(=O)OCc1ccccc1)C(=O)OCc1ccccc1)C(=O)OCc1ccccc1)C(=O)OCc1ccccc1)C(=O)OCc1ccccc1)C(=O)OCc1ccccc1)C(=O)OCc1ccccc1)C(=O)OCc1ccccc1)C(=O)OCc1ccccc1)C(=O)OCc1ccccc1)C(=O)OCc1ccccc1)C(=O)OCc1ccccc1)C(=O)OCc1ccccc1)C(=O)OCc1ccccc1)C(=O)OCc1ccccc1)C(=O)OCc1ccccc1)C(=O)OCc1ccccc1)C(=O)OCc1ccccc1)C(=O)OCc1ccccc1)C(=O)OCc1ccccc1)C(=O)OCc1ccccc1)C(=O)OCc1ccccc1)C(=O)OCc1ccccc1)C(=O)OCc1ccccc1)C(=O)OCc1ccccc1)C(=O)OCc1ccccc1)C(=O)OCc1ccccc1)C(=O)OCc1ccccc1)C(=O)OCc1ccccc1)C(=O)OCc1ccccc1)C(=O)OCc1ccccc1)C(=O)OCc1ccccc1)C(=O)OCc1ccccc1,72.0,True
CO[C@@H](CC(=O)O[C@@H](CC(=O)O[C@H](CC(=O)O[C@@H](CC(=O)O[C@H](CC(=O)O[C@@H](CC(=O)O[C@H](CC(=O)O[C@H](CC(=O)O[C@@H](CC(=O)O[C@@H](CC(=O)O[C@H](CC(=O)O[C@@H](CC(=O)O[C@@H](CC(=O)O[C@H](CC(=O)O[C@@H](CC(=O)O[C@H](CC(=O)O[C@@H](CC(=O)O[C@H](CC(=O)O[C@@H](CC(=O)O[C@@H](CC(=O)O[C@H](CC(=O)O[C@@H](CC(=O)O[C@H](CC(=O)O[C@@H](CC(=O)O[C@H](CC(=O)O[C@@H](CC(=O)O[C@@H](CC(=O)O[C@@H](CC(=O)O[C@H](CC(=O)O[C@@H](CC(=O)O[C@H](CC(=O)O[C@@H](CC(=O)O[C@H](CC(=O)O[C@@H](CC(=O)O[C@H](CC(=O)O[C@@H](CC(=O)O[C@H](CC(=O)O[C@@H](CC(=O)O[C@H](CC(=O)O[C@@H](CC(C)=O)C(=O)OCc1ccccc1)C(=O)OCc1ccccc1)C(=O)OCc1ccccc1)C(=O)OCc1ccccc1)C(=O)OCc1ccccc1)C(=O)OCc1ccccc1)C(=O)OCc1ccccc1)C(=O)OCc1ccccc1)C(=O)OCc1ccccc1)C(=O)OCc1ccccc1)C(=O)OCc1ccccc1)C(=O)OCc1ccccc1)C(=O)OCc1ccccc1)C(=O)OCc1ccccc1)C(=O)OCc1ccccc1)C(=O)OCc1ccccc1)C(=O)OCc1ccccc1)C(=O)OCc1ccccc1)C(=O)OCc1ccccc1)C(=O)OCc1ccccc1)C(=O)OCc1ccccc1)C(=O)OCc1ccccc1)C(=O)OCc1ccccc1)C(=O)OCc1ccccc1)C(=O)OCc1ccccc1)C(=O)OCc1ccccc1)C(=O)OCc1ccccc1)C(=O)OCc1ccccc1)C(=O)OCc1ccccc1)C(=O)OCc1ccccc1)C(=O)OCc1ccccc1)C(=O)OCc1ccccc1)C(=O)OCc1ccccc1)C(=O)OCc1ccccc1)C(=O)OCc1ccccc1)C(=O)OCc1ccccc1)C(=O)OCc1ccccc1)C(=O)OCc1ccccc1)C(=O)OCc1ccccc1)C(=O)OCc1ccccc1,87.0,True
CO[C@@H](CC(=O)O[C@@H](CC(=O)O[C@H](CC(=O)O[C@@H](CC(=O)O[C@H](CC(=O)O[C@@H](CC(=O)O[C@H](CC(=O)O[C@H](CC(=O)O[C@@H](CC(=O)O[C@@H](CC(=O)O[C@H](CC(=O)O[C@@H](CC(=O)O[C@@H](CC(=O)O[C@H](CC(=O)O[C@@H](CC(=O)O[C@H](CC(=O)O[C@@H](CC(=O)O[C@H](CC(=O)O[C@@H](CC(=O)O[C@@H](CC(=O)O[C@H](CC(=O)O[C@@H](CC(=O)O[C@H](CC(=O)O[C@@H](CC(=O)O[C@H](CC(=O)O[C@@H](CC(=O)O[C@@H](CC(=O)O[C@@H](CC(=O)O[C@H](CC(=O)O[C@@H](CC(=O)O[C@H](CC(=O)O[C@@H](CC(=O)O[C@H](CC(=O)O[C@@H](CC(=O)O[C@H](CC(=O)O[C@@H](CC(=O)O[C@H](CC(=O)O[C@@H](CC(=O)O[C@H](CC(=O)O[C@@H](CC(C)=O)C(=O)OCc1ccccc1)C(=O)OCc1ccccc1)C(=O)OCc1ccccc1)C(=O)OCc1ccccc1)C(=O)OCc1ccccc1)C(=O)OCc1ccccc1)C(=O)OCc1ccccc1)C(=O)OCc1ccccc1)C(=O)OCc1ccccc1)C(=O)OCc1ccccc1)C(=O)OCc1ccccc1)C(=O)OCc1ccccc1)C(=O)OCc1ccccc1)C(=O)OCc1ccccc1)C(=O)OCc1ccccc1)C(=O)OCc1ccccc1)C(=O)OCc1ccccc1)C(=O)OCc1ccccc1)C(=O)OCc1ccccc1)C(=O)OCc1ccccc1)C(=O)OCc1ccccc1)C(=O)OCc1ccccc1)C(=O)OCc1ccccc1)C(=O)OCc1ccccc1)C(=O)OCc1ccccc1)C(=O)OCc1ccccc1)C(=O)OCc1ccccc1)C(=O)OCc1ccccc1)C(=O)OCc1ccccc1)C(=O)OCc1ccccc1)C(=O)OCc1ccccc1)C(=O)OCc1ccccc1)C(=O)OCc1ccccc1)C(=O)OCc1ccccc1)C(=O)OCc1ccccc1)C(=O)OCc1ccccc1)C(=O)OCc1ccccc1)C(=O)OCc1ccccc1)C(=O)OCc1ccccc1)C(=O)OCc1ccccc1,86.0,True
CO[C@@H](CC(=O)O[C@@H](CC(=O)O[C@H](CC(=O)O[C@@H](CC(=O)O[C@H](CC(=O)O[C@@H](CC(=O)O[C@H](CC(=O)O[C@@H](CC(=O)O[C@H](CC(=O)O[C@H](CC(=O)O[C@@H](CC(=O)O[C@H](CC(=O)O[C@H](CC(=O)O[C@@H](CC(=O)O[C@H](CC(=O)O[C@@H](CC(=O)O[C@H](CC(=O)O[C@@H](CC(=O)O[C@H](CC(=O)O[C@H](CC(=O)O[C@@H](CC(=O)O[C@H](CC(=O)O[C@@H](CC(=O)O[C@H](CC(=O)O[C@@H](CC(=O)O[C@H](CC(=O)O[C@@H](CC(=O)O[C@H](CC(=O)O[C@@H](CC(=O)O[C@H](CC(=O)O[C@@H](CC(=O)O[C@H](CC(=O)O[C@@H](CC(=O)O[C@H](CC(=O)O[C@@H](CC(=O)O[C@H](CC(=O)O[C@@H](CC(=O)O[C@H](CC(=O)O[C@@H](CC(=O)O[C@H](CC(C)=O)C(=O)OCc1ccccc1)C(=O)OCc1ccccc1)C(=O)OCc1ccccc1)C(=O)OCc1ccccc1)C(=O)OCc1ccccc1)C(=O)OCc1ccccc1)C(=O)OCc1ccccc1)C(=O)OCc1ccccc1)C(=O)OCc1ccccc1)C(=O)OCc1ccccc1)C(=O)OCc1ccccc1)C(=O)OCc1ccccc1)C(=O)OCc1ccccc1)C(=O)OCc1ccccc1)C(=O)OCc1ccccc1)C(=O)OCc1ccccc1)C(=O)OCc1ccccc1)C(=O)OCc1ccccc1)C(=O)OCc1ccccc1)C(=O)OCc1ccccc1)C(=O)OCc1ccccc1)C(=O)OCc1ccccc1)C(=O)OCc1ccccc1)C(=O)OCc1ccccc1)C(=O)OCc1ccccc1)C(=O)OCc1ccccc1)C(=O)OCc1ccccc1)C(=O)OCc1ccccc1)C(=O)OCc1ccccc1)C(=O)OCc1ccccc1)C(=O)OCc1ccccc1)C(=O)OCc1ccccc1)C(=O)OCc1ccccc1)C(=O)OCc1ccccc1)C(=O)OCc1ccccc1)C(=O)OCc1ccccc1)C(=O)OCc1ccccc1)C(=O)OCc1ccccc1)C(=O)OCc1ccccc1)C(=O)OCc1ccccc1,111.0,True
CO[C@@H](CC(=O)O[C@@H](CC(=O)O[C@H](CC(=O)O[C@@H](CC(=O)O[C@H](CC(=O)O[C@@H](CC(=O)O[C@H](CC(=O)O[C@@H](CC(=O)O[C@H](CC(=O)O[C@H](CC(=O)O[C@@H](CC(=O)O[C@H](CC(=O)O[C@H](CC(=O)O[C@@H](CC(=O)O[C@H](CC(=O)O[C@@H](CC(=O)O[C@H](CC(=O)O[C@@H](CC(=O)O[C@H](CC(=O)O[C@H](CC(=O)O[C@@H](CC(=O)O[C@H](CC(=O)O[C@@H](CC(=O)O[C@H](CC(=O)O[C@@H](CC(=O)O[C@H](CC(=O)O[C@@H](CC(=O)O[C@H](CC(=O)O[C@@H](CC(=O)O[C@H](CC(=O)O[C@@H](CC(=O)O[C@H](CC(=O)O[C@@H](CC(=O)O[C@H](CC(=O)O[C@@H](CC(=O)O[C@H](CC(=O)O[C@@H](CC(=O)O[C@H](CC(=O)O[C@@H](CC(=O)O[C@H](CC(C)=O)C(=O)OCc1ccccc1)C(=O)OCc1ccccc1)C(=O)OCc1ccccc1)C(=O)OCc1ccccc1)C(=O)OCc1ccccc1)C(=O)OCc1ccccc1)C(=O)OCc1ccccc1)C(=O)OCc1ccccc1)C(=O)OCc1ccccc1)C(=O)OCc1ccccc1)C(=O)OCc1ccccc1)C(=O)OCc1ccccc1)C(=O)OCc1ccccc1)C(=O)OCc1ccccc1)C(=O)OCc1ccccc1)C(=O)OCc1ccccc1)C(=O)OCc1ccccc1)C(=O)OCc1ccccc1)C(=O)OCc1ccccc1)C(=O)OCc1ccccc1)C(=O)OCc1ccccc1)C(=O)OCc1ccccc1)C(=O)OCc1ccccc1)C(=O)OCc1ccccc1)C(=O)OCc1ccccc1)C(=O)OCc1ccccc1)C(=O)OCc1ccccc1)C(=O)OCc1ccccc1)C(=O)OCc1ccccc1)C(=O)OCc1ccccc1)C(=O)OCc1ccccc1)C(=O)OCc1ccccc1)C(=O)OCc1ccccc1)C(=O)OCc1ccccc1)C(=O)OCc1ccccc1)C(=O)OCc1ccccc1)C(=O)OCc1ccccc1)C(=O)OCc1ccccc1)C(=O)OCc1ccccc1)C(=O)OCc1ccccc1,117.0,True
CO[C@@H](CC(=O)O[C@@H](CC(=O)O[C@H](CC(=O)O[C@@H](CC(=O)O[C@H](CC(=O)O[C@@H](CC(=O)O[C@H](CC(=O)O[C@@H](CC(=O)O[C@H](CC(=O)O[C@H](CC(=O)O[C@@H](CC(=O)O[C@H](CC(=O)O[C@H](CC(=O)O[C@@H](CC(=O)O[C@H](CC(=O)O[C@@H](CC(=O)O[C@H](CC(=O)O[C@@H](CC(=O)O[C@H](CC(=O)O[C@H](CC(=O)O[C@@H](CC(=O)O[C@H](CC(=O)O[C@@H](CC(=O)O[C@H](CC(=O)O[C@@H](CC(=O)O[C@H](CC(=O)O[C@@H](CC(=O)O[C@H](CC(=O)O[C@@H](CC(=O)O[C@H](CC(=O)O[C@@H](CC(=O)O[C@H](CC(=O)O[C@@H](CC(=O)O[C@H](CC(=O)O[C@@H](CC(=O)O[C@H](CC(=O)O[C@@H](CC(=O)O[C@H](CC(=O)O[C@@H](CC(=O)O[C@H](CC(C)=O)C(=O)OCc1ccccc1)C(=O)OCc1ccccc1)C(=O)OCc1ccccc1)C(=O)OCc1ccccc1)C(=O)OCc1ccccc1)C(=O)OCc1ccccc1)C(=O)OCc1ccccc1)C(=O)OCc1ccccc1)C(=O)OCc1ccccc1)C(=O)OCc1ccccc1)C(=O)OCc1ccccc1)C(=O)OCc1ccccc1)C(=O)OCc1ccccc1)C(=O)OCc1ccccc1)C(=O)OCc1ccccc1)C(=O)OCc1ccccc1)C(=O)OCc1ccccc1)C(=O)OCc1ccccc1)C(=O)OCc1ccccc1)C(=O)OCc1ccccc1)C(=O)OCc1ccccc1)C(=O)OCc1ccccc1)C(=O)OCc1ccccc1)C(=O)OCc1ccccc1)C(=O)OCc1ccccc1)C(=O)OCc1ccccc1)C(=O)OCc1ccccc1)C(=O)OCc1ccccc1)C(=O)OCc1ccccc1)C(=O)OCc1ccccc1)C(=O)OCc1ccccc1)C(=O)OCc1ccccc1)C(=O)OCc1ccccc1)C(=O)OCc1ccccc1)C(=O)OCc1ccccc1)C(=O)OCc1ccccc1)C(=O)OCc1ccccc1)C(=O)OCc1ccccc1)C(=O)OCc1ccccc1)C(=O)OCc1ccccc1,114.0,True
CO[C@@H](CC(=O)O[C@@H](CC(=O)O[C@H](CC(=O)O[C@@H](CC(=O)O[C@H](CC(=O)O[C@@H](CC(=O)O[C@H](CC(=O)O[C@H](CC(=O)O[C@@H](CC(=O)O[C@@H](CC(=O)O[C@H](CC(=O)O[C@@H](CC(=O)O[C@@H](CC(=O)O[C@H](CC(=O)O[C@@H](CC(=O)O[C@H](CC(=O)O[C@@H](CC(=O)O[C@H](CC(=O)O[C@@H](CC(=O)O[C@@H](CC(=O)O[C@H](CC(=O)O[C@@H](CC(=O)O[C@H](CC(=O)O[C@@H](CC(=O)O[C@H](CC(=O)O[C@@H](CC(=O)O[C@H](CC(=O)O[C@@H](CC(=O)O[C@H](CC(=O)O[C@@H](CC(=O)O[C@H](CC(=O)O[C@@H](CC(=O)O[C@H](CC(=O)O[C@@H](CC(=O)O[C@H](CC(=O)O[C@@H](CC(=O)O[C@H](CC(=O)O[C@@H](CC(=O)O[C@H](CC(=O)O[C@@H](CC(C)=O)C(=O)OCc1ccccc1)C(=O)OCc1ccccc1)C(=O)OCc1ccccc1)C(=O)OCc1ccccc1)C(=O)OCc1ccccc1)C(=O)OCc1ccccc1)C(=O)OCc1ccccc1)C(=O)OCc1ccccc1)C(=O)OCc1ccccc1)C(=O)OCc1ccccc1)C(=O)OCc1ccccc1)C(=O)OCc1ccccc1)C(=O)OCc1ccccc1)C(=O)OCc1ccccc1)C(=O)OCc1ccccc1)C(=O)OCc1ccccc1)C(=O)OCc1ccccc1)C(=O)OCc1ccccc1)C(=O)OCc1ccccc1)C(=O)OCc1ccccc1)C(=O)OCc1ccccc1)C(=O)OCc1ccccc1)C(=O)OCc1ccccc1)C(=O)OCc1ccccc1)C(=O)OCc1ccccc1)C(=O)OCc1ccccc1)C(=O)OCc1ccccc1)C(=O)OCc1ccccc1)C(=O)OCc1ccccc1)C(=O)OCc1ccccc1)C(=O)OCc1ccccc1)C(=O)OCc1ccccc1)C(=O)OCc1ccccc1)C(=O)OCc1ccccc1)C(=O)OCc1ccccc1)C(=O)OCc1ccccc1)C(=O)OCc1ccccc1)C(=O)OCc1ccccc1)C(=O)OCc1ccccc1)C(=O)OCc1ccccc1,100.0,True
CO[C@@H](CC(=O)O[C@@H](CC(=O)O[C@H](CC(=O)O[C@@H](CC(=O)O[C@H](CC(=O)O[C@@H](CC(=O)O[C@H](CC(=O)O[C@@H](CC(=O)O[C@H](CC(=O)O[C@H](CC(=O)O[C@@H](CC(=O)O[C@H](CC(=O)O[C@H](CC(=O)O[C@@H](CC(=O)O[C@H](CC(=O)O[C@@H](CC(=O)O[C@H](CC(=O)O[C@@H](CC(=O)O[C@H](CC(=O)O[C@H](CC(=O)O[C@@H](CC(=O)O[C@H](CC(=O)O[C@@H](CC(=O)O[C@H](CC(=O)O[C@@H](CC(=O)O[C@H](CC(=O)O[C@@H](CC(=O)O[C@H](CC(=O)O[C@@H](CC(=O)O[C@H](CC(=O)O[C@@H](CC(=O)O[C@H](CC(=O)O[C@@H](CC(=O)O[C@H](CC(=O)O[C@@H](CC(=O)O[C@H](CC(=O)O[C@@H](CC(=O)O[C@H](CC(=O)O[C@@H](CC(=O)O[C@H](CC(C)=O)C(=O)OCc1ccccc1)C(=O)OCc1ccccc1)C(=O)OCc1ccccc1)C(=O)OCc1ccccc1)C(=O)OCc1ccccc1)C(=O)OCc1ccccc1)C(=O)OCc1ccccc1)C(=O)OCc1ccccc1)C(=O)OCc1ccccc1)C(=O)OCc1ccccc1)C(=O)OCc1ccccc1)C(=O)OCc1ccccc1)C(=O)OCc1ccccc1)C(=O)OCc1ccccc1)C(=O)OCc1ccccc1)C(=O)OCc1ccccc1)C(=O)OCc1ccccc1)C(=O)OCc1ccccc1)C(=O)OCc1ccccc1)C(=O)OCc1ccccc1)C(=O)OCc1ccccc1)C(=O)OCc1ccccc1)C(=O)OCc1ccccc1)C(=O)OCc1ccccc1)C(=O)OCc1ccccc1)C(=O)OCc1ccccc1)C(=O)OCc1ccccc1)C(=O)OCc1ccccc1)C(=O)OCc1ccccc1)C(=O)OCc1ccccc1)C(=O)OCc1ccccc1)C(=O)OCc1ccccc1)C(=O)OCc1ccccc1)C(=O)OCc1ccccc1)C(=O)OCc1ccccc1)C(=O)OCc1ccccc1)C(=O)OCc1ccccc1)C(=O)OCc1ccccc1)C(=O)OCc1ccccc1)C(=O)OCc1ccccc1,104.0,True
C=CCOC(=O)[C@H](CC(=O)O[C@@H](CC(=O)O[C@H](CC(=O)O[C@@H](CC(=O)O[C@H](CC(=O)O[C@@H](CC(=O)O[C@H](CC(=O)O[C@H](CC(=O)O[C@@H](CC(=O)O[C@@H](CC(=O)O[C@H](CC(=O)O[C@@H](CC(=O)O[C@@H](CC(=O)O[C@H](CC(=O)O[C@@H](CC(=O)O[C@H](CC(=O)O[C@@H](CC(=O)O[C@H](CC(=O)O[C@@H](CC(=O)O[C@@H](CC(=O)O[C@H](CC(=O)O[C@@H](CC(=O)O[C@H](CC(=O)O[C@H](CC(=O)O[C@@H](CC(=O)O[C@H](CC(=O)O[C@H](CC(=O)O[C@H](CC(=O)O[C@@H](CC(=O)O[C@H](CC(=O)O[C@@H](CC(=O)O[C@H](CC(=O)O[C@@H](CC(=O)O[C@H](CC(=O)O[C@@H](CC(=O)O[C@H](CC(=O)O[C@@H](CC(=O)O[C@H](CC(=O)O[C@@H](CC(=O)O[C@H](CC(C)=O)C(=O)OCC=C)C(=O)OCC=C)C(=O)OCC=C)C(=O)OCC=C)C(=O)OCC=C)C(=O)OCC=C)C(=O)OCC=C)C(=O)OCC=C)C(=O)OCC=C)C(=O)OCC=C)C(=O)OCC=C)C(=O)OCC=C)C(=O)OCC=C)C(=O)OCC=C)C(=O)OCC=C)C(=O)OCC=C)C(=O)OCC=C)C(=O)OCC=C)C(=O)OCC=C)C(=O)OCC=C)C(=O)OCC=C)C(=O)OCC=C)C(=O)OCC=C)C(=O)OCC=C)C(=O)OCC=C)C(=O)OCC=C)C(=O)OCC=C)C(=O)OCC=C)C(=O)OCC=C)C(=O)OCC=C)C(=O)OCC=C)C(=O)OCC=C)C(=O)OCC=C)C(=O)OCC=C)C(=O)OCC=C)C(=O)OCC=C)C(=O)OCC=C)C(=O)OCC=C)C(=O)OCC=C)OC,49.0,True
C=CCOC(=O)[C@H](CC(=O)O[C@@H](CC(=O)O[C@H](CC(=O)O[C@@H](CC(=O)O[C@H](CC(=O)O[C@@H](CC(=O)O[C@H](CC(=O)O[C@H](CC(=O)O[C@@H](CC(=O)O[C@@H](CC(=O)O[C@H](CC(=O)O[C@@H](CC(=O)O[C@@H](CC(=O)O[C@H](CC(=O)O[C@@H](CC(=O)O[C@H](CC(=O)O[C@@H](CC(=O)O[C@H](CC(=O)O[C@@H](CC(=O)O[C@@H](CC(=O)O[C@H](CC(=O)O[C@@H](CC(=O)O[C@H](CC(=O)O[C@H](CC(=O)O[C@@H](CC(=O)O[C@H](CC(=O)O[C@H](CC(=O)O[C@H](CC(=O)O[C@@H](CC(=O)O[C@H](CC(=O)O[C@@H](CC(=O)O[C@H](CC(=O)O[C@@H](CC(=O)O[C@H](CC(=O)O[C@@H](CC(=O)O[C@H](CC(=O)O[C@@H](CC(=O)O[C@H](CC(=O)O[C@@H](CC(=O)O[C@H](CC(C)=O)C(=O)OCC=C)C(=O)OCC=C)C(=O)OCC=C)C(=O)OCC=C)C(=O)OCC=C)C(=O)OCC=C)C(=O)OCC=C)C(=O)OCC=C)C(=O)OCC=C)C(=O)OCC=C)C(=O)OCC=C)C(=O)OCC=C)C(=O)OCC=C)C(=O)OCC=C)C(=O)OCC=C)C(=O)OCC=C)C(=O)OCC=C)C(=O)OCC=C)C(=O)OCC=C)C(=O)OCC=C)C(=O)OCC=C)C(=O)OCC=C)C(=O)OCC=C)C(=O)OCC=C)C(=O)OCC=C)C(=O)OCC=C)C(=O)OCC=C)C(=O)OCC=C)C(=O)OCC=C)C(=O)OCC=C)C(=O)OCC=C)C(=O)OCC=C)C(=O)OCC=C)C(=O)OCC=C)C(=O)OCC=C)C(=O)OCC=C)C(=O)OCC=C)C(=O)OCC=C)C(=O)OCC=C)OC,51.0,True
C=CCOC(=O)[C@H](CC(=O)O[C@@H](CC(=O)O[C@H](CC(=O)O[C@@H](CC(=O)O[C@H](CC(=O)O[C@@H](CC(=O)O[C@H](CC(=O)O[C@H](CC(=O)O[C@@H](CC(=O)O[C@@H](CC(=O)O[C@H](CC(=O)O[C@@H](CC(=O)O[C@@H](CC(=O)O[C@H](CC(=O)O[C@@H](CC(=O)O[C@H](CC(=O)O[C@@H](CC(=O)O[C@H](CC(=O)O[C@@H](CC(=O)O[C@@H](CC(=O)O[C@H](CC(=O)O[C@@H](CC(=O)O[C@H](CC(=O)O[C@@H](CC(=O)O[C@H](CC(=O)O[C@@H](CC(=O)O[C@@H](CC(=O)O[C@@H](CC(=O)O[C@H](CC(=O)O[C@@H](CC(=O)O[C@H](CC(=O)O[C@@H](CC(=O)O[C@H](CC(=O)O[C@@H](CC(=O)O[C@H](CC(=O)O[C@@H](CC(=O)O[C@H](CC(=O)O[C@@H](CC(=O)O[C@H](CC(=O)O[C@@H](CC(C)=O)C(=O)OCC=C)C(=O)OCC=C)C(=O)OCC=C)C(=O)OCC=C)C(=O)OCC=C)C(=O)OCC=C)C(=O)OCC=C)C(=O)OCC=C)C(=O)OCC=C)C(=O)OCC=C)C(=O)OCC=C)C(=O)OCC=C)C(=O)OCC=C)C(=O)OCC=C)C(=O)OCC=C)C(=O)OCC=C)C(=O)OCC=C)C(=O)OCC=C)C(=O)OCC=C)C(=O)OCC=C)C(=O)OCC=C)C(=O)OCC=C)C(=O)OCC=C)C(=O)OCC=C)C(=O)OCC=C)C(=O)OCC=C)C(=O)OCC=C)C(=O)OCC=C)C(=O)OCC=C)C(=O)OCC=C)C(=O)OCC=C)C(=O)OCC=C)C(=O)OCC=C)C(=O)OCC=C)C(=O)OCC=C)C(=O)OCC=C)C(=O)OCC=C)C(=O)OCC=C)C(=O)OCC=C)OC,80.0,True
C=CCOC(=O)[C@H](CC(=O)O[C@@H](CC(=O)O[C@H](CC(=O)O[C@@H](CC(=O)O[C@H](CC(=O)O[C@@H](CC(=O)O[C@H](CC(=O)O[C@@H](CC(=O)O[C@H](CC(=O)O[C@H](CC(=O)O[C@@H](CC(=O)O[C@H](CC(=O)O[C@H](CC(=O)O[C@@H](CC(=O)O[C@H](CC(=O)O[C@@H](CC(=O)O[C@H](CC(=O)O[C@@H](CC(=O)O[C@H](CC(=O)O[C@H](CC(=O)O[C@@H](CC(=O)O[C@H](CC(=O)O[C@@H](CC(=O)O[C@H](CC(=O)O[C@@H](CC(=O)O[C@H](CC(=O)O[C@@H](CC(=O)O[C@H](CC(=O)O[C@@H](CC(=O)O[C@H](CC(=O)O[C@@H](CC(=O)O[C@H](CC(=O)O[C@@H](CC(=O)O[C@H](CC(=O)O[C@@H](CC(=O)O[C@H](CC(=O)O[C@@H](CC(=O)O[C@H](CC(=O)O[C@@H](CC(=O)O[C@H](CC(C)=O)C(=O)OCC=C)C(=O)OCC=C)C(=O)OCC=C)C(=O)OCC=C)C(=O)OCC=C)C(=O)OCC=C)C(=O)OCC=C)C(=O)OCC=C)C(=O)OCC=C)C(=O)OCC=C)C(=O)OCC=C)C(=O)OCC=C)C(=O)OCC=C)C(=O)OCC=C)C(=O)OCC=C)C(=O)OCC=C)C(=O)OCC=C)C(=O)OCC=C)C(=O)OCC=C)C(=O)OCC=C)C(=O)OCC=C)C(=O)OCC=C)C(=O)OCC=C)C(=O)OCC=C)C(=O)OCC=C)C(=O)OCC=C)C(=O)OCC=C)C(=O)OCC=C)C(=O)OCC=C)C(=O)OCC=C)C(=O)OCC=C)C(=O)OCC=C)C(=O)OCC=C)C(=O)OCC=C)C(=O)OCC=C)C(=O)OCC=C)C(=O)OCC=C)C(=O)OCC=C)C(=O)OCC=C)OC,112.0,True
C=CCOC(=O)[C@H](CC(=O)O[C@@H](CC(=O)O[C@H](CC(=O)O[C@@H](CC(=O)O[C@H](CC(=O)O[C@@H](CC(=O)O[C@H](CC(=O)O[C@@H](CC(=O)O[C@H](CC(=O)O[C@H](CC(=O)O[C@@H](CC(=O)O[C@H](CC(=O)O[C@H](CC(=O)O[C@@H](CC(=O)O[C@H](CC(=O)O[C@@H](CC(=O)O[C@H](CC(=O)O[C@@H](CC(=O)O[C@H](CC(=O)O[C@H](CC(=O)O[C@@H](CC(=O)O[C@H](CC(=O)O[C@@H](CC(=O)O[C@H](CC(=O)O[C@@H](CC(=O)O[C@H](CC(=O)O[C@@H](CC(=O)O[C@H](CC(=O)O[C@@H](CC(=O)O[C@H](CC(=O)O[C@@H](CC(=O)O[C@H](CC(=O)O[C@@H](CC(=O)O[C@H](CC(=O)O[C@@H](CC(=O)O[C@H](CC(=O)O[C@@H](CC(=O)O[C@H](CC(=O)O[C@@H](CC(=O)O[C@H](CC(C)=O)C(=O)OCC=C)C(=O)OCC=C)C(=O)OCC=C)C(=O)OCC=C)C(=O)OCC=C)C(=O)OCC=C)C(=O)OCC=C)C(=O)OCC=C)C(=O)OCC=C)C(=O)OCC=C)C(=O)OCC=C)C(=O)OCC=C)C(=O)OCC=C)C(=O)OCC=C)C(=O)OCC=C)C(=O)OCC=C)C(=O)OCC=C)C(=O)OCC=C)C(=O)OCC=C)C(=O)OCC=C)C(=O)OCC=C)C(=O)OCC=C)C(=O)OCC=C)C(=O)OCC=C)C(=O)OCC=C)C(=O)OCC=C)C(=O)OCC=C)C(=O)OCC=C)C(=O)OCC=C)C(=O)OCC=C)C(=O)OCC=C)C(=O)OCC=C)C(=O)OCC=C)C(=O)OCC=C)C(=O)OCC=C)C(=O)OCC=C)C(=O)OCC=C)C(=O)OCC=C)C(=O)OCC=C)OC,107.0,True
COC(=O)[C@H](CC(=O)O[C@@H](CC(=O)O[C@H](CC(=O)O[C@@H](CC(=O)O[C@H](CC(=O)O[C@@H](CC(=O)O[C@H](CC(=O)O[C@H](CC(=O)O[C@@H](CC(=O)O[C@@H](CC(=O)O[C@H](CC(=O)O[C@@H](CC(=O)O[C@@H](CC(=O)O[C@H](CC(=O)O[C@@H](CC(=O)O[C@H](CC(=O)O[C@@H](CC(=O)O[C@H](CC(=O)O[C@@H](CC(=O)O[C@@H](CC(=O)O[C@H](CC(=O)O[C@@H](CC(=O)O[C@H](CC(=O)O[C@H](CC(=O)O[C@@H](CC(=O)O[C@H](CC(=O)O[C@H](CC(=O)O[C@H](CC(=O)O[C@@H](CC(=O)O[C@H](CC(=O)O[C@@H](CC(=O)O[C@H](CC(=O)O[C@@H](CC(=O)O[C@H](CC(=O)O[C@@H](CC(=O)O[C@H](CC(=O)O[C@@H](CC(=O)O[C@H](CC(=O)O[C@@H](CC(=O)O[C@H](CC(C)=O)C(=O)OC)C(=O)OC)C(=O)OC)C(=O)OC)C(=O)OC)C(=O)OC)C(=O)OC)C(=O)OC)C(=O)OC)C(=O)OC)C(=O)OC)C(=O)OC)C(=O)OC)C(=O)OC)C(=O)OC)C(=O)OC)C(=O)OC)C(=O)OC)C(=O)OC)C(=O)OC)C(=O)OC)C(=O)OC)C(=O)OC)C(=O)OC)C(=O)OC)C(=O)OC)C(=O)OC)C(=O)OC)C(=O)OC)C(=O)OC)C(=O)OC)C(=O)OC)C(=O)OC)C(=O)OC)C(=O)OC)C(=O)OC)C(=O)OC)C(=O)OC)C(=O)OC)OC,173.0,True
COC(=O)[C@H](CC(=O)O[C@@H](CC(=O)O[C@H](CC(=O)O[C@H](CC(=O)O[C@@H](CC(=O)O[C@H](CC(=O)O[C@@H](CC(=O)O[C@@H](CC(=O)O[C@H](CC(=O)O[C@H](CC(=O)O[C@H](CC(=O)O[C@@H](CC(=O)O[C@@H](CC(=O)O[C@@H](CC(=O)O[C@H](CC(=O)O[C@@H](CC(=O)O[C@@H](CC(=O)O[C@H](CC(=O)O[C@@H](CC(=O)O[C@@H](CC(=O)O[C@H](CC(=O)O[C@@H](CC(=O)O[C@H](CC(=O)O[C@H](CC(=O)O[C@@H](CC(=O)O[C@H](CC(=O)O[C@H](CC(=O)O[C@H](CC(=O)O[C@@H](CC(=O)O[C@H](CC(=O)O[C@@H](CC(=O)O[C@H](CC(=O)O[C@@H](CC(=O)O[C@H](CC(=O)O[C@@H](CC(=O)O[C@H](CC(=O)O[C@@H](CC(=O)O[C@H](CC(=O)O[C@@H](CC(=O)O[C@H](CC(C)=O)C(=O)OC)C(=O)OC)C(=O)OC)C(=O)OC)C(=O)OC)C(=O)OC)C(=O)OC)C(=O)OC)C(=O)OC)C(=O)OC)C(=O)OC)C(=O)OC)C(=O)OC)C(=O)OC)C(=O)OC)C(=O)OC)C(=O)OC)C(=O)OC)C(=O)OC)C(=O)OC)C(=O)OC)C(=O)OC)C(=O)OC)C(=O)OC)C(=O)OC)C(=O)OC)C(=O)OC)C(=O)OC)C(=O)OC)C(=O)OC)C(=O)OC)C(=O)OC)C(=O)OC)C(=O)OC)C(=O)OC)C(=O)OC)C(=O)OC)C(=O)OC)C(=O)OC)OC,60.0,True
COC(=O)[C@H](CC(=O)O[C@@H](CC(=O)O[C@H](CC(=O)O[C@H](CC(=O)O[C@@H](CC(=O)O[C@H](CC(=O)O[C@@H](CC(=O)O[C@@H](CC(=O)O[C@H](CC(=O)O[C@H](CC(=O)O[C@H](CC(=O)O[C@@H](CC(=O)O[C@@H](CC(=O)O[C@@H](CC(=O)O[C@H](CC(=O)O[C@@H](CC(=O)O[C@@H](CC(=O)O[C@H](CC(=O)O[C@@H](CC(=O)O[C@@H](CC(=O)O[C@H](CC(=O)O[C@@H](CC(=O)O[C@H](CC(=O)O[C@H](CC(=O)O[C@@H](CC(=O)O[C@H](CC(=O)O[C@H](CC(=O)O[C@H](CC(=O)O[C@@H](CC(=O)O[C@H](CC(=O)O[C@@H](CC(=O)O[C@H](CC(=O)O[C@@H](CC(=O)O[C@H](CC(=O)O[C@@H](CC(=O)O[C@H](CC(=O)O[C@@H](CC(=O)O[C@H](CC(=O)O[C@@H](CC(=O)O[C@H](CC(C)=O)C(=O)OC)C(=O)OC)C(=O)OC)C(=O)OC)C(=O)OC)C(=O)OC)C(=O)OC)C(=O)OC)C(=O)OC)C(=O)OC)C(=O)OC)C(=O)OC)C(=O)OC)C(=O)OC)C(=O)OC)C(=O)OC)C(=O)OC)C(=O)OC)C(=O)OC)C(=O)OC)C(=O)OC)C(=O)OC)C(=O)OC)C(=O)OC)C(=O)OC)C(=O)OC)C(=O)OC)C(=O)OC)C(=O)OC)C(=O)OC)C(=O)OC)C(=O)OC)C(=O)OC)C(=O)OC)C(=O)OC)C(=O)OC)C(=O)OC)C(=O)OC)C(=O)OC)OC,62.0,True
COC(=O)[C@H](CC(=O)O[C@@H](CC(=O)O[C@H](CC(=O)O[C@@H](CC(=O)O[C@H](CC(=O)O[C@@H](CC(=O)O[C@H](CC(=O)O[C@H](CC(=O)O[C@@H](CC(=O)O[C@@H](CC(=O)O[C@H](CC(=O)O[C@@H](CC(=O)O[C@@H](CC(=O)O[C@H](CC(=O)O[C@@H](CC(=O)O[C@H](CC(=O)O[C@@H](CC(=O)O[C@H](CC(=O)O[C@@H](CC(=O)O[C@@H](CC(=O)O[C@H](CC(=O)O[C@@H](CC(=O)O[C@H](CC(=O)O[C@@H](CC(=O)O[C@H](CC(=O)O[C@@H](CC(=O)O[C@@H](CC(=O)O[C@@H](CC(=O)O[C@H](CC(=O)O[C@@H](CC(=O)O[C@H](CC(=O)O[C@@H](CC(=O)O[C@H](CC(=O)O[C@@H](CC(=O)O[C@H](CC(=O)O[C@@H](CC(=O)O[C@H](CC(=O)O[C@@H](CC(=O)O[C@H](CC(=O)O[C@@H](CC(C)=O)C(=O)OC)C(=O)OC)C(=O)OC)C(=O)OC)C(=O)OC)C(=O)OC)C(=O)OC)C(=O)OC)C(=O)OC)C(=O)OC)C(=O)OC)C(=O)OC)C(=O)OC)C(=O)OC)C(=O)OC)C(=O)OC)C(=O)OC)C(=O)OC)C(=O)OC)C(=O)OC)C(=O)OC)C(=O)OC)C(=O)OC)C(=O)OC)C(=O)OC)C(=O)OC)C(=O)OC)C(=O)OC)C(=O)OC)C(=O)OC)C(=O)OC)C(=O)OC)C(=O)OC)C(=O)OC)C(=O)OC)C(=O)OC)C(=O)OC)C(=O)OC)C(=O)OC)OC,207.0,True
COC(=O)[C@H](CC(=O)O[C@@H](CC(=O)O[C@H](CC(=O)O[C@@H](CC(=O)O[C@H](CC(=O)O[C@@H](CC(=O)O[C@H](CC(=O)O[C@@H](CC(=O)O[C@H](CC(=O)O[C@H](CC(=O)O[C@@H](CC(=O)O[C@H](CC(=O)O[C@H](CC(=O)O[C@@H](CC(=O)O[C@H](CC(=O)O[C@@H](CC(=O)O[C@H](CC(=O)O[C@@H](CC(=O)O[C@H](CC(=O)O[C@H](CC(=O)O[C@@H](CC(=O)O[C@H](CC(=O)O[C@@H](CC(=O)O[C@H](CC(=O)O[C@@H](CC(=O)O[C@H](CC(=O)O[C@@H](CC(=O)O[C@H](CC(=O)O[C@@H](CC(=O)O[C@H](CC(=O)O[C@@H](CC(=O)O[C@H](CC(=O)O[C@@H](CC(=O)O[C@H](CC(=O)O[C@@H](CC(=O)O[C@H](CC(=O)O[C@@H](CC(=O)O[C@H](CC(=O)O[C@@H](CC(=O)O[C@H](CC(C)=O)C(=O)OC)C(=O)OC)C(=O)OC)C(=O)OC)C(=O)OC)C(=O)OC)C(=O)OC)C(=O)OC)C(=O)OC)C(=O)OC)C(=O)OC)C(=O)OC)C(=O)OC)C(=O)OC)C(=O)OC)C(=O)OC)C(=O)OC)C(=O)OC)C(=O)OC)C(=O)OC)C(=O)OC)C(=O)OC)C(=O)OC)C(=O)OC)C(=O)OC)C(=O)OC)C(=O)OC)C(=O)OC)C(=O)OC)C(=O)OC)C(=O)OC)C(=O)OC)C(=O)OC)C(=O)OC)C(=O)OC)C(=O)OC)C(=O)OC)C(=O)OC)C(=O)OC)OC,212.0,True
CC[C@H](Cc1ccccc1OC)C[C@@H](C[C@H](Cc1ccccc1OC)C[C@@H](C[C@H](Cc1ccccc1OC)C[C@@H](C[C@H](Cc1ccccc1OC)C[C@@H](C[C@H](Cc1ccccc1OC)C[C@@H](C[C@H](Cc1ccccc1OC)C[C@@H](C[C@H](Cc1ccccc1OC)C[C@@H](C[C@H](Cc1ccccc1OC)C[C@@H](C[C@H](Cc1ccccc1OC)C[C@@H](C[C@H](Cc1ccccc1OC)C[C@@H](C[C@H](Cc1ccccc1OC)C[C@@H](C[C@H](Cc1ccccc1OC)C[C@@H](C[C@H](Cc1ccccc1OC)C[C@@H](C[C@H](Cc1ccccc1OC)C[C@@H](C[C@H](Cc1ccccc1OC)C[C@@H](C[C@H](Cc1ccccc1OC)C[C@@H](C[C@H](Cc1ccccc1OC)C[C@@H](C[C@H](Cc1ccccc1OC)C[C@@H](C[C@H](Cc1ccccc1OC)C[C@@H](C[C@H](Cc1ccccc1OC)C[C@@H](C)c1ccccc1)c1ccccc1)c1ccccc1)c1ccccc1)c1ccccc1)c1ccccc1)c1ccccc1)c1ccccc1)c1ccccc1)c1ccccc1)c1ccccc1)c1ccccc1)c1ccccc1)c1ccccc1)c1ccccc1)c1ccccc1)c1ccccc1)c1ccccc1)c1ccccc1)c1ccccc1,210.0,True
CC[C@H](Cc1ccccc1OC)C[C@@H](C[C@H](Cc1ccccc1OC)C[C@@H](C[C@H](Cc1ccccc1OC)C[C@@H](C[C@H](Cc1ccccc1OC)C[C@@H](C[C@H](Cc1ccccc1OC)C[C@@H](C[C@H](Cc1ccccc1OC)C[C@@H](C[C@H](Cc1ccccc1OC)C[C@@H](C[C@H](Cc1ccccc1OC)C[C@@H](C[C@H](Cc1ccccc1OC)C[C@@H](C[C@H](Cc1ccccc1OC)C[C@@H](C[C@H](Cc1ccccc1OC)C[C@@H](C[C@H](Cc1ccccc1OC)C[C@@H](C[C@H](Cc1ccccc1OC)C[C@@H](C[C@H](Cc1ccccc1OC)C[C@@H](C[C@H](Cc1ccccc1OC)C[C@@H](C[C@H](Cc1ccccc1OC)C[C@@H](C[C@H](Cc1ccccc1OC)C[C@@H](C[C@H](Cc1ccccc1OC)C[C@@H](C[C@H](Cc1ccccc1OC)C[C@@H](C[C@H](Cc1ccccc1OC)C[C@@H](C)c1ccccc1)c1ccccc1)c1ccccc1)c1ccccc1)c1ccccc1)c1ccccc1)c1ccccc1)c1ccccc1)c1ccccc1)c1ccccc1)c1ccccc1)c1ccccc1)c1ccccc1)c1ccccc1)c1ccccc1)c1ccccc1)c1ccccc1)c1ccccc1)c1ccccc1)c1ccccc1,225.0,True
CC[C@H](Cc1ccccc1OC)C[C@@H](C[C@H](Cc1ccccc1OC)C[C@@H](C[C@H](Cc1ccccc1OC)C[C@@H](C[C@H](Cc1ccccc1OC)C[C@@H](C[C@H](Cc1ccccc1OC)C[C@@H](C[C@H](Cc1ccccc1OC)C[C@@H](C[C@H](Cc1ccccc1OC)C[C@@H](C[C@H](Cc1ccccc1OC)C[C@@H](C[C@H](Cc1ccccc1OC)C[C@@H](C[C@H](Cc1ccccc1OC)C[C@@H](C[C@H](Cc1ccccc1OC)C[C@@H](C[C@H](Cc1ccccc1OC)C[C@@H](C[C@H](Cc1ccccc1OC)C[C@@H](C[C@H](Cc1ccccc1OC)C[C@@H](C[C@H](Cc1ccccc1OC)C[C@@H](C[C@H](Cc1ccccc1OC)C[C@@H](C[C@H](Cc1ccccc1OC)C[C@@H](C[C@H](Cc1ccccc1OC)C[C@@H](C[C@H](Cc1ccccc1OC)C[C@@H](C[C@H](Cc1ccccc1OC)C[C@@H](C)c1ccccc1)c1ccccc1)c1ccccc1)c1ccccc1)c1ccccc1)c1ccccc1)c1ccccc1)c1ccccc1)c1ccccc1)c1ccccc1)c1ccccc1)c1ccccc1)c1ccccc1)c1ccccc1)c1ccccc1)c1ccccc1)c1ccccc1)c1ccccc1)c1ccccc1)c1ccccc1,228.0,True
CC[C@H](Cc1ccccc1OC)C[C@@H](C[C@H](Cc1ccccc1OC)C[C@@H](C[C@H](Cc1ccccc1OC)C[C@@H](C[C@H](Cc1ccccc1OC)C[C@@H](C[C@H](Cc1ccccc1OC)C[C@@H](C[C@H](Cc1ccccc1OC)C[C@@H](C[C@H](Cc1ccccc1OC)C[C@@H](C[C@H](Cc1ccccc1OC)C[C@@H](C[C@H](Cc1ccccc1OC)C[C@@H](C[C@H](Cc1ccccc1OC)C[C@@H](C[C@H](Cc1ccccc1OC)C[C@@H](C[C@H](Cc1ccccc1OC)C[C@@H](C[C@H](Cc1ccccc1OC)C[C@@H](C[C@H](Cc1ccccc1OC)C[C@@H](C[C@H](Cc1ccccc1OC)C[C@@H](C[C@H](Cc1ccccc1OC)C[C@@H](C[C@H](Cc1ccccc1OC)C[C@@H](C[C@H](Cc1ccccc1OC)C[C@@H](C[C@H](Cc1ccccc1OC)C[C@@H](C[C@H](Cc1ccccc1OC)C[C@@H](C)c1ccccc1)c1ccccc1)c1ccccc1)c1ccccc1)c1ccccc1)c1ccccc1)c1ccccc1)c1ccccc1)c1ccccc1)c1ccccc1)c1ccccc1)c1ccccc1)c1ccccc1)c1ccccc1)c1ccccc1)c1ccccc1)c1ccccc1)c1ccccc1)c1ccccc1)c1ccccc1,239.0,True
CC[C@H](Cc1ccccc1OC)C[C@@H](C[C@H](Cc1ccccc1OC)C[C@@H](C[C@H](Cc1ccccc1OC)C[C@@H](C[C@H](Cc1ccccc1OC)C[C@@H](C[C@H](Cc1ccccc1OC)C[C@@H](C[C@H](Cc1ccccc1OC)C[C@@H](C[C@H](Cc1ccccc1OC)C[C@@H](C[C@H](Cc1ccccc1OC)C[C@@H](C[C@H](Cc1ccccc1OC)C[C@@H](C[C@H](Cc1ccccc1OC)C[C@@H](C[C@H](Cc1ccccc1OC)C[C@@H](C[C@H](Cc1ccccc1OC)C[C@@H](C[C@H](Cc1ccccc1OC)C[C@@H](C[C@H](Cc1ccccc1OC)C[C@@H](C[C@H](Cc1ccccc1OC)C[C@@H](C[C@H](Cc1ccccc1OC)C[C@@H](C[C@H](Cc1ccccc1OC)C[C@@H](C[C@H](Cc1ccccc1OC)C[C@@H](C[C@H](Cc1ccccc1OC)C[C@@H](C[C@H](Cc1ccccc1OC)C[C@@H](C)c1ccccc1)c1ccccc1)c1ccccc1)c1ccccc1)c1ccccc1)c1ccccc1)c1ccccc1)c1ccccc1)c1ccccc1)c1ccccc1)c1ccccc1)c1ccccc1)c1ccccc1)c1ccccc1)c1ccccc1)c1ccccc1)c1ccccc1)c1ccccc1)c1ccccc1)c1ccccc1,246.0,True
CC[C@H](Cc1ccccc1OC)C[C@@H](C[C@H](Cc1ccccc1OC)C[C@@H](C[C@H](Cc1ccccc1OC)C[C@@H](C[C@H](Cc1ccccc1OC)C[C@@H](C[C@H](Cc1ccccc1OC)C[C@@H](C[C@H](Cc1ccccc1OC)C[C@@H](C[C@H](Cc1ccccc1OC)C[C@@H](C[C@H](Cc1ccccc1OC)C[C@@H](C[C@H](Cc1ccccc1OC)C[C@@H](C[C@H](Cc1ccccc1OC)C[C@@H](C[C@H](Cc1ccccc1OC)C[C@@H](C[C@H](Cc1ccccc1OC)C[C@@H](C[C@H](Cc1ccccc1OC)C[C@@H](C[C@H](Cc1ccccc1OC)C[C@@H](C[C@H](Cc1ccccc1OC)C[C@@H](C[C@H](Cc1ccccc1OC)C[C@@H](C[C@H](Cc1ccccc1OC)C[C@@H](C[C@H](Cc1ccccc1OC)C[C@@H](C[C@H](Cc1ccccc1OC)C[C@@H](C[C@H](Cc1ccccc1OC)C[C@@H](C)c1ccccc1)c1ccccc1)c1ccccc1)c1ccccc1)c1ccccc1)c1ccccc1)c1ccccc1)c1ccccc1)c1ccccc1)c1ccccc1)c1ccccc1)c1ccccc1)c1ccccc1)c1ccccc1)c1ccccc1)c1ccccc1)c1ccccc1)c1ccccc1)c1ccccc1)c1ccccc1,247.0,True
CC[C@H](Cc1ccccc1OC)C[C@@H](C[C@H](Cc1ccccc1OC)C[C@@H](C[C@H](Cc1ccccc1OC)C[C@@H](C[C@H](Cc1ccccc1OC)C[C@@H](C[C@H](Cc1ccccc1OC)C[C@@H](C[C@H](Cc1ccccc1OC)C[C@@H](C[C@H](Cc1ccccc1OC)C[C@@H](C[C@H](Cc1ccccc1OC)C[C@@H](C[C@H](Cc1ccccc1OC)C[C@@H](C[C@H](Cc1ccccc1OC)C[C@@H](C[C@H](Cc1ccccc1OC)C[C@@H](C[C@H](Cc1ccccc1OC)C[C@@H](C[C@H](Cc1ccccc1OC)C[C@@H](C[C@H](Cc1ccccc1OC)C[C@@H](C[C@H](Cc1ccccc1OC)C[C@@H](C[C@H](Cc1ccccc1OC)C[C@@H](C[C@H](Cc1ccccc1OC)C[C@@H](C[C@H](Cc1ccccc1OC)C[C@@H](C[C@H](Cc1ccccc1OC)C[C@@H](C[C@H](Cc1ccccc1OC)C[C@@H](C)c1ccccc1)c1ccccc1)c1ccccc1)c1ccccc1)c1ccccc1)c1ccccc1)c1ccccc1)c1ccccc1)c1ccccc1)c1ccccc1)c1ccccc1)c1ccccc1)c1ccccc1)c1ccccc1)c1ccccc1)c1ccccc1)c1ccccc1)c1ccccc1)c1ccccc1)c1ccccc1,246.0,True
CC[C@H](Cc1ccccc1N(C)C)C[C@@H](C[C@H](Cc1ccccc1N(C)C)C[C@@H](C[C@H](Cc1ccccc1N(C)C)C[C@@H](C[C@H](Cc1ccccc1N(C)C)C[C@@H](C[C@H](Cc1ccccc1N(C)C)C[C@@H](C[C@H](Cc1ccccc1N(C)C)C[C@@H](C[C@H](Cc1ccccc1N(C)C)C[C@@H](C[C@H](Cc1ccccc1N(C)C)C[C@@H](C[C@H](Cc1ccccc1N(C)C)C[C@@H](C[C@H](Cc1ccccc1N(C)C)C[C@@H](C[C@H](Cc1ccccc1N(C)C)C[C@@H](C[C@H](Cc1ccccc1N(C)C)C[C@@H](C[C@H](Cc1ccccc1N(C)C)C[C@@H](C[C@H](Cc1ccccc1N(C)C)C[C@@H](C[C@H](Cc1ccccc1N(C)C)C[C@@H](C[C@H](Cc1ccccc1N(C)C)C[C@@H](C[C@H](Cc1ccccc1N(C)C)C[C@@H](C[C@H](Cc1ccccc1N(C)C)C[C@@H](C[C@H](Cc1ccccc1N(C)C)C[C@@H](C[C@H](Cc1ccccc1N(C)C)C[C@@H](C)c1ccccc1)c1ccccc1)c1ccccc1)c1ccccc1)c1ccccc1)c1ccccc1)c1ccccc1)c1ccccc1)c1ccccc1)c1ccccc1)c1ccccc1)c1ccccc1)c1ccccc1)c1ccccc1)c1ccccc1)c1ccccc1)c1ccccc1)c1ccccc1)c1ccccc1)c1ccccc1,221.0,True
CC[C@H](Cc1ccccc1N(C)C)C[C@@H](C[C@H](Cc1ccccc1N(C)C)C[C@@H](C[C@H](Cc1ccccc1N(C)C)C[C@@H](C[C@H](Cc1ccccc1N(C)C)C[C@@H](C[C@H](Cc1ccccc1N(C)C)C[C@@H](C[C@H](Cc1ccccc1N(C)C)C[C@@H](C[C@H](Cc1ccccc1N(C)C)C[C@@H](C[C@H](Cc1ccccc1N(C)C)C[C@@H](C[C@H](Cc1ccccc1N(C)C)C[C@@H](C[C@H](Cc1ccccc1N(C)C)C[C@@H](C[C@H](Cc1ccccc1N(C)C)C[C@@H](C[C@H](Cc1ccccc1N(C)C)C[C@@H](C[C@H](Cc1ccccc1N(C)C)C[C@@H](C[C@H](Cc1ccccc1N(C)C)C[C@@H](C[C@H](Cc1ccccc1N(C)C)C[C@@H](C[C@H](Cc1ccccc1N(C)C)C[C@@H](C[C@H](Cc1ccccc1N(C)C)C[C@@H](C[C@H](Cc1ccccc1N(C)C)C[C@@H](C[C@H](Cc1ccccc1N(C)C)C[C@@H](C[C@H](Cc1ccccc1N(C)C)C[C@@H](C)c1ccccc1)c1ccccc1)c1ccccc1)c1ccccc1)c1ccccc1)c1ccccc1)c1ccccc1)c1ccccc1)c1ccccc1)c1ccccc1)c1ccccc1)c1ccccc1)c1ccccc1)c1ccccc1)c1ccccc1)c1ccccc1)c1ccccc1)c1ccccc1)c1ccccc1)c1ccccc1,224.0,True
CC[C@H](Cc1ccccc1N(C)C)C[C@@H](C[C@H](Cc1ccccc1N(C)C)C[C@@H](C[C@H](Cc1ccccc1N(C)C)C[C@@H](C[C@H](Cc1ccccc1N(C)C)C[C@@H](C[C@H](Cc1ccccc1N(C)C)C[C@@H](C[C@H](Cc1ccccc1N(C)C)C[C@@H](C[C@H](Cc1ccccc1N(C)C)C[C@@H](C[C@H](Cc1ccccc1N(C)C)C[C@@H](C[C@H](Cc1ccccc1N(C)C)C[C@@H](C[C@H](Cc1ccccc1N(C)C)C[C@@H](C[C@H](Cc1ccccc1N(C)C)C[C@@H](C[C@H](Cc1ccccc1N(C)C)C[C@@H](C[C@H](Cc1ccccc1N(C)C)C[C@@H](C[C@H](Cc1ccccc1N(C)C)C[C@@H](C[C@H](Cc1ccccc1N(C)C)C[C@@H](C[C@H](Cc1ccccc1N(C)C)C[C@@H](C[C@H](Cc1ccccc1N(C)C)C[C@@H](C[C@H](Cc1ccccc1N(C)C)C[C@@H](C[C@H](Cc1ccccc1N(C)C)C[C@@H](C[C@H](Cc1ccccc1N(C)C)C[C@@H](C)c1ccccc1)c1ccccc1)c1ccccc1)c1ccccc1)c1ccccc1)c1ccccc1)c1ccccc1)c1ccccc1)c1ccccc1)c1ccccc1)c1ccccc1)c1ccccc1)c1ccccc1)c1ccccc1)c1ccccc1)c1ccccc1)c1ccccc1)c1ccccc1)c1ccccc1)c1ccccc1,224.0,True
CC[C@H](O)C[C@H](O)C[C@H](O)C[C@H](O)C[C@@H](O)C[C@H](O)C[C@@H](O)C[C@@H](O)C[C@@H](O)C[C@@H](O)C[C@@H](O)C[C@H](O)C[C@H](O)C[C@H](O)C[C@@H](O)C[C@H](O)C[C@H](O)C[C@@H](O)C[C@H](O)C[C@H](O)C[C@@H](O)C[C@H](O)C[C@H](O)C[C@H](O)C[C@@H](O)C[C@@H](O)C[C@@H](O)C[C@@H](O)C[C@H](O)C[C@@H](O)C[C@H](O)C[C@@H](O)C[C@H](O)C[C@@H](O)C[C@@H](O)C[C@H](O)C[C@@H](O)C[C@H](O)C[C@@H](O)C[C@@H](C)O,230.4,True
CC[C@H](O)C[C@H](O)C[C@H](O)C[C@H](O)C[C@@H](O)C[C@H](O)C[C@@H](O)C[C@@H](O)C[C@@H](O)C[C@@H](O)C[C@@H](O)C[C@H](O)C[C@H](O)C[C@H](O)C[C@@H](O)C[C@H](O)C[C@H](O)C[C@@H](O)C[C@H](O)C[C@H](O)C[C@@H](O)C[C@H](O)C[C@H](O)C[C@H](O)C[C@@H](O)C[C@@H](O)C[C@@H](O)C[C@@H](O)C[C@H](O)C[C@@H](O)C[C@H](O)C[C@@H](O)C[C@H](O)C[C@@H](O)C[C@@H](O)C[C@H](O)C[C@@H](O)C[C@H](O)C[C@@H](O)C[C@@H](C)O,231.6,True
CC[C@H](O)C[C@H](O)C[C@H](O)C[C@H](O)C[C@@H](O)C[C@H](O)C[C@@H](O)C[C@@H](O)C[C@@H](O)C[C@@H](O)C[C@@H](O)C[C@H](O)C[C@H](O)C[C@H](O)C[C@@H](O)C[C@H](O)C[C@H](O)C[C@@H](O)C[C@H](O)C[C@H](O)C[C@@H](O)C[C@H](O)C[C@H](O)C[C@H](O)C[C@@H](O)C[C@@H](O)C[C@@H](O)C[C@@H](O)C[C@H](O)C[C@@H](O)C[C@H](O)C[C@@H](O)C[C@H](O)C[C@@H](O)C[C@@H](O)C[C@H](O)C[C@@H](O)C[C@H](O)C[C@@H](O)C[C@@H](C)O,231.7,True
CC[C@H](O)C[C@H](O)C[C@H](O)C[C@H](O)C[C@@H](O)C[C@H](O)C[C@@H](O)C[C@@H](O)C[C@@H](O)C[C@@H](O)C[C@@H](O)C[C@H](O)C[C@H](O)C[C@H](O)C[C@@H](O)C[C@H](O)C[C@H](O)C[C@@H](O)C[C@H](O)C[C@H](O)C[C@@H](O)C[C@H](O)C[C@H](O)C[C@H](O)C[C@@H](O)C[C@@H](O)C[C@@H](O)C[C@@H](O)C[C@H](O)C[C@@H](O)C[C@H](O)C[C@@H](O)C[C@H](O)C[C@@H](O)C[C@@H](O)C[C@H](O)C[C@@H](O)C[C@H](O)C[C@@H](O)C[C@@H](C)O,232.4,True
CC[C@H](O)C[C@H](O)C[C@H](O)C[C@H](O)C[C@@H](O)C[C@H](O)C[C@@H](O)C[C@@H](O)C[C@@H](O)C[C@@H](O)C[C@@H](O)C[C@H](O)C[C@H](O)C[C@H](O)C[C@@H](O)C[C@H](O)C[C@H](O)C[C@@H](O)C[C@H](O)C[C@H](O)C[C@@H](O)C[C@H](O)C[C@H](O)C[C@H](O)C[C@@H](O)C[C@@H](O)C[C@@H](O)C[C@@H](O)C[C@H](O)C[C@@H](O)C[C@H](O)C[C@@H](O)C[C@H](O)C[C@@H](O)C[C@@H](O)C[C@H](O)C[C@@H](O)C[C@H](O)C[C@@H](O)C[C@@H](C)O,235.7,True
CC[C@@H](C[C@H](C[C@@H](C[C@H](C[C@@H](C[C@H](C[C@@H](C[C@H](C[C@@H](C[C@H](C[C@@H](C[C@H](C[C@@H](C[C@H](C[C@@H](C[C@H](C[C@@H](C[C@H](C[C@@H](C[C@H](C[C@@H](C[C@H](C[C@@H](C[C@H](C[C@@H](C[C@H](C[C@@H](C[C@H](C[C@@H](C[C@H](C[C@@H](C[C@H](C[C@@H](C[C@H](C[C@@H](C[C@H](C[C@@H](C[C@H](C[C@@H](C[C@H](C)c1cc(F)ccc1OC)c1cc(F)ccc1OC)c1cc(F)ccc1OC)c1cc(F)ccc1OC)c1cc(F)ccc1OC)c1cc(F)ccc1OC)c1cc(F)ccc1OC)c1cc(F)ccc1OC)c1cc(F)ccc1OC)c1cc(F)ccc1OC)c1cc(F)ccc1OC)c1cc(F)ccc1OC)c1cc(F)ccc1OC)c1cc(F)ccc1OC)c1cc(F)ccc1OC)c1cc(F)ccc1OC)c1cc(F)ccc1OC)c1cc(F)ccc1OC)c1cc(F)ccc1OC)c1cc(F)ccc1OC)c1cc(F)ccc1OC)c1cc(F)ccc1OC)c1cc(F)ccc1OC)c1cc(F)ccc1OC)c1cc(F)ccc1OC)c1cc(F)ccc1OC)c1cc(F)ccc1OC)c1cc(F)ccc1OC)c1cc(F)ccc1OC)c1cc(F)ccc1OC)c1cc(F)ccc1OC)c1cc(F)ccc1OC)c1cc(F)ccc1OC)c1cc(F)ccc1OC)c1cc(F)ccc1OC)c1cc(F)ccc1OC)c1cc(F)ccc1OC)c1cc(F)ccc1OC)c1cc(F)ccc1OC)c1cc(F)ccc1OC,214.7,True
CC[C@@H](C[C@H](C[C@@H](C[C@H](C[C@@H](C[C@H](C[C@@H](C[C@H](C[C@@H](C[C@H](C[C@@H](C[C@H](C[C@@H](C[C@H](C[C@@H](C[C@H](C[C@@H](C[C@H](C[C@@H](C[C@H](C[C@@H](C[C@H](C[C@@H](C[C@H](C[C@@H](C[C@H](C[C@@H](C[C@H](C[C@@H](C[C@H](C[C@@H](C[C@H](C[C@@H](C[C@H](C[C@@H](C[C@H](C[C@@H](C[C@H](C[C@@H](C[C@H](C)c1cc(F)ccc1OC)c1cc(F)ccc1OC)c1cc(F)ccc1OC)c1cc(F)ccc1OC)c1cc(F)ccc1OC)c1cc(F)ccc1OC)c1cc(F)ccc1OC)c1cc(F)ccc1OC)c1cc(F)ccc1OC)c1cc(F)ccc1OC)c1cc(F)ccc1OC)c1cc(F)ccc1OC)c1cc(F)ccc1OC)c1cc(F)ccc1OC)c1cc(F)ccc1OC)c1cc(F)ccc1OC)c1cc(F)ccc1OC)c1cc(F)ccc1OC)c1cc(F)ccc1OC)c1cc(F)ccc1OC)c1cc(F)ccc1OC)c1cc(F)ccc1OC)c1cc(F)ccc1OC)c1cc(F)ccc1OC)c1cc(F)ccc1OC)c1cc(F)ccc1OC)c1cc(F)ccc1OC)c1cc(F)ccc1OC)c1cc(F)ccc1OC)c1cc(F)ccc1OC)c1cc(F)ccc1OC)c1cc(F)ccc1OC)c1cc(F)ccc1OC)c1cc(F)ccc1OC)c1cc(F)ccc1OC)c1cc(F)ccc1OC)c1cc(F)ccc1OC)c1cc(F)ccc1OC)c1cc(F)ccc1OC)c1cc(F)ccc1OC,214.4,True
CC[C@@H](C[C@@H](C[C@@H](C[C@@H](C[C@@H](C[C@@H](C[C@@H](C[C@@H](C[C@@H](C[C@@H](C[C@@H](C[C@@H](C[C@@H](C[C@@H](C[C@@H](C[C@@H](C[C@@H](C[C@@H](C[C@@H](C[C@@H](C[C@@H](C[C@@H](C[C@@H](C[C@@H](C[C@@H](C[C@@H](C[C@@H](C[C@@H](C[C@@H](C[C@@H](C[C@@H](C[C@@H](C[C@@H](C[C@@H](C[C@@H](C[C@@H](C[C@@H](C[C@@H](C[C@@H](C[C@@H](C)c1cc(F)ccc1OC)c1cc(F)ccc1OC)c1cc(F)ccc1OC)c1cc(F)ccc1OC)c1cc(F)ccc1OC)c1cc(F)ccc1OC)c1cc(F)ccc1OC)c1cc(F)ccc1OC)c1cc(F)ccc1OC)c1cc(F)ccc1OC)c1cc(F)ccc1OC)c1cc(F)ccc1OC)c1cc(F)ccc1OC)c1cc(F)ccc1OC)c1cc(F)ccc1OC)c1cc(F)ccc1OC)c1cc(F)ccc1OC)c1cc(F)ccc1OC)c1cc(F)ccc1OC)c1cc(F)ccc1OC)c1cc(F)ccc1OC)c1cc(F)ccc1OC)c1cc(F)ccc1OC)c1cc(F)ccc1OC)c1cc(F)ccc1OC)c1cc(F)ccc1OC)c1cc(F)ccc1OC)c1cc(F)ccc1OC)c1cc(F)ccc1OC)c1cc(F)ccc1OC)c1cc(F)ccc1OC)c1cc(F)ccc1OC)c1cc(F)ccc1OC)c1cc(F)ccc1OC)c1cc(F)ccc1OC)c1cc(F)ccc1OC)c1cc(F)ccc1OC)c1cc(F)ccc1OC)c1cc(F)ccc1OC)c1cc(F)ccc1OC,290.9,True
CC[C@@H](C[C@@H](C[C@@H](C[C@@H](C[C@@H](C[C@@H](C[C@@H](C[C@@H](C[C@@H](C[C@@H](C[C@@H](C[C@@H](C[C@@H](C[C@@H](C[C@@H](C[C@@H](C[C@@H](C[C@@H](C[C@@H](C[C@@H](C[C@@H](C[C@@H](C[C@@H](C[C@@H](C[C@@H](C[C@@H](C[C@@H](C[C@@H](C[C@@H](C[C@@H](C[C@@H](C[C@@H](C[C@@H](C[C@@H](C[C@@H](C[C@@H](C[C@@H](C[C@@H](C[C@@H](C[C@@H](C)c1ccc(F)cc1OC)c1ccc(F)cc1OC)c1ccc(F)cc1OC)c1ccc(F)cc1OC)c1ccc(F)cc1OC)c1ccc(F)cc1OC)c1ccc(F)cc1OC)c1ccc(F)cc1OC)c1ccc(F)cc1OC)c1ccc(F)cc1OC)c1ccc(F)cc1OC)c1ccc(F)cc1OC)c1ccc(F)cc1OC)c1ccc(F)cc1OC)c1ccc(F)cc1OC)c1ccc(F)cc1OC)c1ccc(F)cc1OC)c1ccc(F)cc1OC)c1ccc(F)cc1OC)c1ccc(F)cc1OC)c1ccc(F)cc1OC)c1ccc(F)cc1OC)c1ccc(F)cc1OC)c1ccc(F)cc1OC)c1ccc(F)cc1OC)c1ccc(F)cc1OC)c1ccc(F)cc1OC)c1ccc(F)cc1OC)c1ccc(F)cc1OC)c1ccc(F)cc1OC)c1ccc(F)cc1OC)c1ccc(F)cc1OC)c1ccc(F)cc1OC)c1ccc(F)cc1OC)c1ccc(F)cc1OC)c1ccc(F)cc1OC)c1ccc(F)cc1OC)c1ccc(F)cc1OC)c1ccc(F)cc1OC)c1ccc(F)cc1OC,283.1,True
CCCCCCCCCCCCCCCCCCCCCCCCCCCCCCCCCCCCCCCCCCCCCCCCCCCCCCCCCCCCCCCCCCCCCCCCCCCCCCCCCC,130.0,True
CC[C@@H](C[C@H](C[C@@H](C[C@H](C[C@@H](C[C@H](C[C@@H](C[C@H](C[C@@H](C[C@H](C[C@@H](C[C@H](C[C@@H](C[C@H](C[C@@H](C[C@H](C[C@@H](C[C@H](C[C@@H](C[C@H](C[C@@H](C[C@H](C[C@@H](C[C@H](C[C@@H](C[C@H](C[C@@H](C[C@H](C[C@@H](C[C@H](C[C@@H](C[C@H](C[C@@H](C[C@H](C[C@@H](C[C@H](C[C@@H](C[C@H](C[C@@H](C[C@H](C)c1ccc(Cl)cc1)c1ccc(Cl)cc1)c1ccc(Cl)cc1)c1ccc(Cl)cc1)c1ccc(Cl)cc1)c1ccc(Cl)cc1)c1ccc(Cl)cc1)c1ccc(Cl)cc1)c1ccc(Cl)cc1)c1ccc(Cl)cc1)c1ccc(Cl)cc1)c1ccc(Cl)cc1)c1ccc(Cl)cc1)c1ccc(Cl)cc1)c1ccc(Cl)cc1)c1ccc(Cl)cc1)c1ccc(Cl)cc1)c1ccc(Cl)cc1)c1ccc(Cl)cc1)c1ccc(Cl)cc1)c1ccc(Cl)cc1)c1ccc(Cl)cc1)c1ccc(Cl)cc1)c1ccc(Cl)cc1)c1ccc(Cl)cc1)c1ccc(Cl)cc1)c1ccc(Cl)cc1)c1ccc(Cl)cc1)c1ccc(Cl)cc1)c1ccc(Cl)cc1)c1ccc(Cl)cc1)c1ccc(Cl)cc1)c1ccc(Cl)cc1)c1ccc(Cl)cc1)c1ccc(Cl)cc1)c1ccc(Cl)cc1)c1ccc(Cl)cc1)c1ccc(Cl)cc1)c1ccc(Cl)cc1)c1ccc(Cl)cc1,327.0,True
CC[C@@H](C[C@@H](C[C@@H](C[C@H](C[C@@H](C[C@@H](C[C@H](C[C@@H](C[C@@H](C[C@H](C[C@@H](C[C@H](C[C@@H](C[C@H](C[C@@H](C[C@@H](C[C@H](C[C@H](C[C@@H](C[C@@H](C[C@@H](C[C@@H](C[C@H](C[C@H](C[C@@H](C[C@@H](C[C@@H](C[C@H](C[C@@H](C[C@@H](C[C@H](C[C@@H](C[C@H](C[C@@H](C[C@H](C[C@H](C[C@@H](C[C@@H](C[C@H](C[C@@H](C)c1ccccc1)c1ccccc1)c1ccccc1)c1ccc(Cl)cc1)c1ccc(Cl)cc1)c1ccccc1)c1ccccc1)c1ccccc1)c1ccccc1)c1ccccc1)c1ccccc1)c1ccc(Cl)cc1)c1ccc(Cl)cc1)c1ccc(Cl)cc1)c1ccccc1)c1ccc(Cl)cc1)c1ccc(Cl)cc1)c1ccccc1)c1ccccc1)c1ccc(Cl)cc1)c1ccccc1)c1ccc(Cl)cc1)c1ccc(Cl)cc1)c1ccccc1)c1ccccc1)c1ccc(Cl)cc1)c1ccc(Cl)cc1)c1ccc(Cl)cc1)c1ccc(Cl)cc1)c1ccc(Cl)cc1)c1ccc(Cl)cc1)c1ccc(Cl)cc1)c1ccccc1)c1ccccc1)c1ccccc1)c1ccc(Cl)cc1)c1ccc(Cl)cc1)c1ccc(Cl)cc1)c1ccccc1)c1ccc(Cl)cc1,259.0,True
CC[C@@H](C[C@@H](C[C@@H](C[C@@H](C[C@H](C[C@@H](C[C@H](C[C@@H](C[C@@H](C[C@@H](C[C@@H](C[C@@H](C[C@H](C[C@H](C[C@H](C[C@@H](C[C@H](C[C@@H](C[C@H](C[C@@H](C[C@@H](C[C@@H](C[C@H](C[C@@H](C[C@H](C[C@@H](C[C@H](C[C@@H](C[C@H](C[C@@H](C[C@H](C[C@@H](C[C@H](C[C@@H](C[C@H](C[C@@H](C[C@H](C[C@@H](C[C@H](C[C@@H](C)c1ccccc1)c1ccccc1)c1ccccc1)c1ccccc1)c1ccccc1)c1ccccc1)c1ccccc1)c1ccccc1)c1ccccc1)c1ccccc1)c1ccccc1)c1ccccc1)c1ccccc1)c1ccccc1)c1ccccc1)c1ccccc1)c1ccccc1)c1ccccc1)c1ccccc1)c1ccc(Cl)cc1)c1ccccc1)c1ccccc1)c1ccccc1)c1ccccc1)c1ccccc1)c1ccccc1)c1ccc(Cl)cc1)c1ccccc1)c1ccccc1)c1ccc(Cl)cc1)c1ccccc1)c1ccc(Cl)cc1)c1ccccc1)c1ccccc1)c1ccccc1)c1ccccc1)c1ccccc1)c1ccc(Cl)cc1)c1ccccc1)c1ccc(Cl)cc1,226.0,True
CC[C@@H](C[C@@H](C[C@@H](C[C@@H](C[C@H](C[C@@H](C[C@H](C[C@@H](C[C@H](C[C@@H](C[C@@H](C[C@@H](C[C@H](C[C@H](C[C@H](C[C@@H](C[C@H](C[C@@H](C[C@H](C[C@@H](C[C@@H](C[C@@H](C[C@H](C[C@@H](C[C@H](C[C@@H](C[C@H](C[C@@H](C[C@H](C[C@@H](C[C@H](C[C@@H](C[C@H](C[C@@H](C[C@H](C[C@@H](C[C@H](C[C@@H](C[C@H](C[C@@H](C)c1ccccc1)c1ccccc1)c1ccccc1)c1ccccc1)c1ccccc1)c1ccccc1)c1ccccc1)c1ccccc1)c1ccccc1)c1ccccc1)c1ccccc1)c1ccccc1)c1ccccc1)c1ccccc1)c1ccccc1)c1ccccc1)c1ccccc1)c1ccccc1)c1ccccc1)c1ccc(Cl)cc1)c1ccccc1)c1ccccc1)c1ccccc1)c1ccccc1)c1ccccc1)c1ccccc1)c1ccc(Cl)cc1)c1ccccc1)c1ccccc1)c1ccc(Cl)cc1)c1ccccc1)c1ccccc1)c1ccccc1)c1ccccc1)c1ccccc1)c1ccccc1)c1ccccc1)c1ccc(Cl)cc1)c1ccccc1)c1ccc(Cl)cc1,252.0,True
CC[C@@H](C[C@H](C[C@@H](C[C@H](C[C@@H](C[C@H](C[C@@H](C[C@H](C[C@@H](C[C@H](C[C@@H](C[C@H](C[C@@H](C[C@H](C[C@@H](C[C@H](C[C@@H](C[C@H](C[C@@H](C[C@H](C[C@@H](C[C@H](C[C@@H](C[C@H](C[C@@H](C[C@H](C[C@@H](C[C@H](C[C@@H](C[C@H](C[C@@H](C[C@H](C[C@@H](C[C@H](C[C@@H](C[C@H](C[C@@H](C[C@H](C[C@@H](C[C@H](C)c1ccc([Se]C)cc1)c1ccc([Se]C)cc1)c1ccc([Se]C)cc1)c1ccc([Se]C)cc1)c1ccc([Se]C)cc1)c1ccc([Se]C)cc1)c1ccc([Se]C)cc1)c1ccc([Se]C)cc1)c1ccc([Se]C)cc1)c1ccc([Se]C)cc1)c1ccc([Se]C)cc1)c1ccc([Se]C)cc1)c1ccc([Se]C)cc1)c1ccc([Se]C)cc1)c1ccc([Se]C)cc1)c1ccc([Se]C)cc1)c1ccc([Se]C)cc1)c1ccc([Se]C)cc1)c1ccc([Se]C)cc1)c1ccc([Se]C)cc1)c1ccc([Se]C)cc1)c1ccc([Se]C)cc1)c1ccc([Se]C)cc1)c1ccc([Se]C)cc1)c1ccc([Se]C)cc1)c1ccc([Se]C)cc1)c1ccc([Se]C)cc1)c1ccc([Se]C)cc1)c1ccc([Se]C)cc1)c1ccc([Se]C)cc1)c1ccc([Se]C)cc1)c1ccc([Se]C)cc1)c1ccc([Se]C)cc1)c1ccc([Se]C)cc1)c1ccc([Se]C)cc1)c1ccc([Se]C)cc1)c1ccc([Se]C)cc1)c1ccc([Se]C)cc1)c1ccc([Se]C)cc1)c1ccc([Se]C)cc1,257.9,True
CC[C@@H](C[C@@H](C[C@@H](C[C@@H](C[C@H](C[C@@H](C[C@H](C[C@@H](C[C@H](C[C@@H](C[C@@H](C[C@@H](C[C@H](C[C@H](C[C@H](C[C@@H](C[C@H](C[C@@H](C[C@H](C[C@@H](C[C@@H](C[C@@H](C[C@H](C[C@@H](C[C@H](C[C@@H](C[C@H](C[C@@H](C[C@H](C[C@@H](C[C@H](C[C@@H](C[C@H](C[C@@H](C[C@H](C[C@@H](C[C@H](C[C@@H](C[C@H](C[C@@H](C)c1ccccc1)c1ccccc1)c1ccccc1)c1ccccc1)c1ccccc1)c1ccccc1)c1ccccc1)c1ccccc1)c1ccccc1)c1ccccc1)c1ccccc1)c1ccccc1)c1ccccc1)c1ccccc1)c1ccccc1)c1ccccc1)c1ccccc1)c1ccccc1)c1ccccc1)c1ccc([Se]C)cc1)c1ccccc1)c1ccccc1)c1ccccc1)c1ccccc1)c1ccccc1)c1ccccc1)c1ccc([Se]C)cc1)c1ccccc1)c1ccccc1)c1ccc([Se]C)cc1)c1ccccc1)c1ccccc1)c1ccccc1)c1ccccc1)c1ccccc1)c1ccccc1)c1ccccc1)c1ccc([Se]C)cc1)c1ccccc1)c1ccc([Se]C)cc1,216.7,True
CC[C@@H](C[C@H](C[C@@H](C[C@H](C[C@@H](C[C@H](C[C@@H](C[C@@H](C[C@@H](C[C@H](C[C@@H](C[C@H](C[C@@H](C[C@H](C[C@@H](C[C@H](C[C@@H](C[C@H](C[C@@H](C[C@@H](C[C@@H](C[C@@H](C[C@@H](C[C@H](C[C@@H](C[C@@H](C[C@@H](C[C@H](C[C@@H](C[C@@H](C[C@@H](C[C@@H](C[C@@H](C[C@H](C[C@H](C[C@H](C[C@@H](C[C@@H](C[C@@H](C[C@@H](C)c1ccccc1)c1ccc([Se]C)cc1)c1ccccc1)c1ccc([Se]C)cc1)c1ccc([Se]C)cc1)c1ccccc1)c1ccc([Se]C)cc1)c1ccc([Se]C)cc1)c1ccccc1)c1ccc([Se]C)cc1)c1ccccc1)c1ccc([Se]C)cc1)c1ccc([Se]C)cc1)c1ccc([Se]C)cc1)c1ccccc1)c1ccc([Se]C)cc1)c1ccc([Se]C)cc1)c1ccc([Se]C)cc1)c1ccccc1)c1ccc([Se]C)cc1)c1ccccc1)c1ccc([Se]C)cc1)c1ccc([Se]C)cc1)c1ccc([Se]C)cc1)c1ccc([Se]C)cc1)c1ccc([Se]C)cc1)c1ccc([Se]C)cc1)c1ccc([Se]C)cc1)c1ccc([Se]C)cc1)c1ccc([Se]C)cc1)c1ccc([Se]C)cc1)c1ccc([Se]C)cc1)c1ccccc1)c1ccc([Se]C)cc1)c1ccc([Se]C)cc1)c1ccc([Se]C)cc1)c1ccc([Se]C)cc1)c1ccc([Se]C)cc1)c1ccc([Se]C)cc1)c1ccc([Se]C)cc1,226.6,True
CC[C@H](C[C@@H](C[C@H](C[C@@H](C[C@H](C[C@@H](C[C@H](C[C@@H](C[C@H](C[C@@H](C[C@H](C[C@@H](C[C@H](C[C@@H](C[C@H](C[C@@H](C[C@H](C[C@@H](C[C@H](C[C@@H](C[C@H](C[C@@H](C[C@H](C[C@@H](C[C@H](C[C@@H](C[C@H](C[C@@H](C[C@H](C[C@@H](C[C@H](C[C@@H](C[C@H](C[C@@H](C[C@H](C[C@@H](C[C@H](C[C@@H](C[C@H](C[C@@H](C)c1ccccc1)c1ccccc1)c1ccccc1)c1ccccc1)c1ccccc1)c1ccccc1)c1ccccc1)c1ccccc1)c1ccccc1)c1ccccc1)c1ccccc1)c1ccccc1)c1ccccc1)c1ccccc1)c1ccccc1)c1ccccc1)c1ccccc1)c1ccccc1)c1ccccc1)c1ccccc1)c1ccccc1)c1ccccc1)c1ccccc1)c1ccccc1)c1ccccc1)c1ccccc1)c1ccccc1)c1ccccc1)c1ccccc1)c1ccccc1)c1ccccc1)c1ccccc1)c1ccccc1)c1ccccc1)c1ccccc1)c1ccccc1)c1ccccc1)c1ccccc1)c1ccccc1)c1ccccc1,260.0,True
CC[C@@H](C[C@H](C[C@@H](C[C@H](C[C@@H](C[C@H](C[C@@H](C[C@H](C[C@@H](C[C@H](C[C@@H](C[C@H](C[C@@H](C[C@H](C[C@@H](C[C@H](C[C@@H](C[C@H](C[C@@H](C[C@H](C[C@@H](C[C@H](C[C@@H](C[C@H](C[C@@H](C[C@H](C[C@@H](C[C@H](C[C@@H](C[C@H](C[C@@H](C[C@H](C[C@@H](C[C@H](C[C@@H](C[C@H](C[C@@H](C[C@H](C[C@@H](C[C@H](C)c1ccc(SC)cc1)c1ccc(SC)cc1)c1ccc(SC)cc1)c1ccc(SC)cc1)c1ccc(SC)cc1)c1ccc(SC)cc1)c1ccc(SC)cc1)c1ccc(SC)cc1)c1ccc(SC)cc1)c1ccc(SC)cc1)c1ccc(SC)cc1)c1ccc(SC)cc1)c1ccc(SC)cc1)c1ccc(SC)cc1)c1ccc(SC)cc1)c1ccc(SC)cc1)c1ccc(SC)cc1)c1ccc(SC)cc1)c1ccc(SC)cc1)c1ccc(SC)cc1)c1ccc(SC)cc1)c1ccc(SC)cc1)c1ccc(SC)cc1)c1ccc(SC)cc1)c1ccc(SC)cc1)c1ccc(SC)cc1)c1ccc(SC)cc1)c1ccc(SC)cc1)c1ccc(SC)cc1)c1ccc(SC)cc1)c1ccc(SC)cc1)c1ccc(SC)cc1)c1ccc(SC)cc1)c1ccc(SC)cc1)c1ccc(SC)cc1)c1ccc(SC)cc1)c1ccc(SC)cc1)c1ccc(SC)cc1)c1ccc(SC)cc1)c1ccc(SC)cc1,252.0,True
CC[C@@H](C[C@@H](C[C@@H](C[C@@H](C[C@H](C[C@@H](C[C@H](C[C@@H](C[C@@H](C[C@@H](C[C@@H](C[C@@H](C[C@H](C[C@H](C[C@H](C[C@@H](C[C@H](C[C@@H](C[C@H](C[C@@H](C[C@@H](C[C@@H](C[C@H](C[C@@H](C[C@H](C[C@@H](C[C@H](C[C@H](C[C@@H](C[C@@H](C[C@H](C[C@@H](C[C@H](C[C@@H](C[C@H](C[C@@H](C[C@H](C[C@@H](C[C@H](C[C@@H](C)c1ccccc1)c1ccccc1)c1ccccc1)c1ccccc1)c1ccccc1)c1ccccc1)c1ccccc1)c1ccccc1)c1ccccc1)c1ccccc1)c1ccccc1)c1ccc(SC)cc1)c1ccc(SC)cc1)c1ccccc1)c1ccccc1)c1ccccc1)c1ccccc1)c1ccccc1)c1ccccc1)c1ccc(SC)cc1)c1ccccc1)c1ccccc1)c1ccccc1)c1ccccc1)c1ccccc1)c1ccccc1)c1ccc(SC)cc1)c1ccccc1)c1ccccc1)c1ccc(SC)cc1)c1ccccc1)c1ccc(SC)cc1)c1ccccc1)c1ccccc1)c1ccccc1)c1ccccc1)c1ccccc1)c1ccc(SC)cc1)c1ccccc1)c1ccc(SC)cc1,225.0,True
CC[C@@H](C[C@H](C[C@@H](C[C@H](C[C@@H](C[C@H](C[C@@H](C[C@@H](C[C@@H](C[C@H](C[C@@H](C[C@H](C[C@@H](C[C@H](C[C@@H](C[C@H](C[C@@H](C[C@H](C[C@@H](C[C@H](C[C@@H](C[C@H](C[C@@H](C[C@H](C[C@@H](C[C@@H](C[C@@H](C[C@H](C[C@@H](C[C@H](C[C@@H](C[C@H](C[C@@H](C[C@H](C[C@H](C[C@H](C[C@@H](C[C@H](C[C@@H](C[C@@H](C)c1ccccc1)c1ccc(SC)cc1)c1ccc(SC)cc1)c1ccc(SC)cc1)c1ccc(SC)cc1)c1ccccc1)c1ccc(SC)cc1)c1ccc(SC)cc1)c1ccc(SC)cc1)c1ccc(SC)cc1)c1ccc(SC)cc1)c1ccc(SC)cc1)c1ccc(SC)cc1)c1ccc(SC)cc1)c1ccccc1)c1ccc(SC)cc1)c1ccc(SC)cc1)c1ccc(SC)cc1)c1ccc(SC)cc1)c1ccc(SC)cc1)c1ccc(SC)cc1)c1ccc(SC)cc1)c1ccc(SC)cc1)c1ccc(SC)cc1)c1ccc(SC)cc1)c1ccc(SC)cc1)c1ccc(SC)cc1)c1ccc(SC)cc1)c1ccc(SC)cc1)c1ccc(SC)cc1)c1ccc(SC)cc1)c1ccc(SC)cc1)c1ccccc1)c1ccc(SC)cc1)c1ccc(SC)cc1)c1ccc(SC)cc1)c1ccc(SC)cc1)c1ccc(SC)cc1)c1ccc(SC)cc1)c1ccc(SC)cc1,221.0,True
CC[C@@H](C[C@H](C[C@@H](C[C@H](C[C@@H](C[C@H](C[C@@H](C[C@H](C[C@@H](C[C@H](C[C@@H](C[C@H](C[C@@H](C[C@H](C[C@@H](C[C@H](C[C@@H](C[C@H](C[C@@H](C[C@H](C[C@@H](C[C@H](C[C@@H](C[C@H](C[C@@H](C[C@@H](C[C@@H](C[C@H](C[C@@H](C[C@H](C[C@@H](C[C@H](C[C@@H](C[C@H](C[C@H](C[C@H](C[C@@H](C[C@H](C[C@@H](C[C@H](C)c1ccc(SC)cc1)c1ccc(SC)cc1)c1ccc(SC)cc1)c1ccc(SC)cc1)c1ccc(SC)cc1)c1ccccc1)c1ccc(SC)cc1)c1ccc(SC)cc1)c1ccc(SC)cc1)c1ccc(SC)cc1)c1ccc(SC)cc1)c1ccc(SC)cc1)c1ccc(SC)cc1)c1ccc(SC)cc1)c1ccccc1)c1ccc(SC)cc1)c1ccc(SC)cc1)c1ccc(SC)cc1)c1ccc(SC)cc1)c1ccc(SC)cc1)c1ccc(SC)cc1)c1ccc(SC)cc1)c1ccc(SC)cc1)c1ccc(SC)cc1)c1ccc(SC)cc1)c1ccc(SC)cc1)c1ccc(SC)cc1)c1ccc(SC)cc1)c1ccc(SC)cc1)c1ccc(SC)cc1)c1ccc(SC)cc1)c1ccc(SC)cc1)c1ccc(SC)cc1)c1ccc(SC)cc1)c1ccc(SC)cc1)c1ccc(SC)cc1)c1ccc(SC)cc1)c1ccc(SC)cc1)c1ccc(SC)cc1)c1ccc(SC)cc1,227.0,True
CC[C@@H](C[C@H](C[C@@H](C[C@H](C[C@@H](C[C@H](C[C@@H](C[C@H](C[C@@H](C[C@H](C[C@@H](C[C@H](C[C@@H](C[C@H](C[C@@H](C[C@H](C[C@@H](C[C@H](C[C@@H](C[C@H](C[C@@H](C[C@H](C[C@@H](C[C@H](C[C@@H](C[C@H](C[C@@H](C[C@H](C[C@@H](C[C@H](C[C@@H](C[C@H](C[C@@H](C[C@H](C[C@@H](C[C@H](C[C@@H](C[C@H](C[C@@H](C[C@H](C)c1ccc(SC)cc1)c1ccc(SC)cc1)c1ccc(SC)cc1)c1ccc(SC)cc1)c1ccc(SC)cc1)c1ccc(SC)cc1)c1ccc(SC)cc1)c1ccc(SC)cc1)c1ccc(SC)cc1)c1ccc(SC)cc1)c1ccc(SC)cc1)c1ccc(SC)cc1)c1ccc(SC)cc1)c1ccc(SC)cc1)c1ccc(SC)cc1)c1ccc(SC)cc1)c1ccc(SC)cc1)c1ccc(SC)cc1)c1ccc(SC)cc1)c1ccc(SC)cc1)c1ccc(SC)cc1)c1ccc(SC)cc1)c1ccc(SC)cc1)c1ccc(SC)cc1)c1ccc(SC)cc1)c1ccc(SC)cc1)c1ccc(SC)cc1)c1ccc(SC)cc1)c1ccc(SC)cc1)c1ccc(SC)cc1)c1ccc(SC)cc1)c1ccc(SC)cc1)c1ccc(SC)cc1)c1ccc(SC)cc1)c1ccc(SC)cc1)c1ccc(SC)cc1)c1ccc(SC)cc1)c1ccc(SC)cc1)c1ccc(SC)cc1)c1ccc(SC)cc1,252.0,True
CC[C@H](C[C@@H](C[C@H](C[C@@H](C[C@H](C[C@@H](C[C@H](C[C@@H](C[C@H](C[C@@H](C[C@H](C[C@@H](C[C@H](C[C@@H](C[C@H](C[C@@H](C[C@H](C[C@@H](C[C@H](C[C@@H](C[C@H](C[C@@H](C[C@H](C[C@@H](C[C@H](C[C@@H](C[C@H](C[C@@H](C[C@H](C[C@@H](C[C@H](C[C@@H](C[C@H](C[C@@H](C[C@H](C[C@@H](C[C@H](C[C@@H](C[C@H](C[C@@H](C)c1ccccc1)c1ccccc1)c1ccccc1)c1ccccc1)c1ccccc1)c1ccccc1)c1ccccc1)c1ccccc1)c1ccccc1)c1ccccc1)c1ccccc1)c1ccccc1)c1ccccc1)c1ccccc1)c1ccccc1)c1ccccc1)c1ccccc1)c1ccccc1)c1ccccc1)c1ccccc1)c1ccccc1)c1ccccc1)c1ccccc1)c1ccccc1)c1ccccc1)c1ccccc1)c1ccccc1)c1ccccc1)c1ccccc1)c1ccccc1)c1ccccc1)c1ccccc1)c1ccccc1)c1ccccc1)c1ccccc1)c1ccccc1)c1ccccc1)c1ccccc1)c1ccccc1)c1ccccc1,252.0,True
CC[C@H](C[C@@H](C[C@H](C[C@@H](C[C@H](C[C@@H](C[C@H](C[C@@H](C[C@H](C[C@@H](C[C@H](C[C@@H](C[C@H](C[C@@H](C[C@H](C[C@@H](C[C@H](C[C@@H](C[C@H](C[C@@H](C[C@H](C[C@@H](C[C@H](C[C@@H](C[C@H](C[C@@H](C[C@H](C[C@@H](C[C@H](C[C@@H](C[C@H](C[C@@H](C[C@H](C[C@@H](C[C@H](C[C@@H](C[C@H](C[C@@H](C[C@H](C[C@@H](C)c1ccccc1)c1ccccc1)c1ccccc1)c1ccccc1)c1ccccc1)c1ccccc1)c1ccccc1)c1ccccc1)c1ccccc1)c1ccccc1)c1ccccc1)c1ccccc1)c1ccccc1)c1ccccc1)c1ccccc1)c1ccccc1)c1ccccc1)c1ccccc1)c1ccccc1)c1ccccc1)c1ccccc1)c1ccccc1)c1ccccc1)c1ccccc1)c1ccccc1)c1ccccc1)c1ccccc1)c1ccccc1)c1ccccc1)c1ccccc1)c1ccccc1)c1ccccc1)c1ccccc1)c1ccccc1)c1ccccc1)c1ccccc1)c1ccccc1)c1ccccc1)c1ccccc1)c1ccccc1,242.0,True
CC[C@@H](C[C@H](C[C@@H](C[C@H](C[C@@H](C[C@H](C[C@@H](C[C@H](C[C@@H](C[C@H](C[C@@H](C[C@H](C[C@@H](C[C@H](C[C@@H](C[C@H](C[C@@H](C[C@H](C[C@@H](C[C@H](C[C@@H](C[C@H](C[C@@H](C[C@H](C[C@@H](C[C@H](C[C@@H](C[C@H](C[C@@H](C[C@H](C[C@@H](C[C@H](C[C@@H](C[C@H](C[C@@H](C[C@H](C[C@@H](C[C@H](C[C@@H](C[C@H](C)c1ccccc1F)c1ccccc1F)c1ccccc1F)c1ccccc1F)c1ccccc1F)c1ccccc1F)c1ccccc1F)c1ccccc1F)c1ccccc1F)c1ccccc1F)c1ccccc1F)c1ccccc1F)c1ccccc1F)c1ccccc1F)c1ccccc1F)c1ccccc1F)c1ccccc1F)c1ccccc1F)c1ccccc1F)c1ccccc1F)c1ccccc1F)c1ccccc1F)c1ccccc1F)c1ccccc1F)c1ccccc1F)c1ccccc1F)c1ccccc1F)c1ccccc1F)c1ccccc1F)c1ccccc1F)c1ccccc1F)c1ccccc1F)c1ccccc1F)c1ccccc1F)c1ccccc1F)c1ccccc1F)c1ccccc1F)c1ccccc1F)c1ccccc1F)c1ccccc1F,245.5,True
CC[C@@H](C[C@@H](C[C@@H](C[C@@H](C[C@@H](C[C@@H](C[C@H](C[C@@H](C[C@@H](C[C@@H](C[C@@H](C[C@@H](C[C@H](C[C@H](C[C@H](C[C@@H](C[C@H](C[C@H](C[C@H](C[C@@H](C[C@@H](C[C@@H](C[C@H](C[C@@H](C[C@@H](C[C@@H](C[C@H](C[C@H](C[C@H](C[C@@H](C[C@H](C[C@@H](C[C@H](C[C@@H](C[C@H](C[C@@H](C[C@H](C[C@@H](C[C@H](C[C@@H](C)c1ccccc1)c1ccccc1)c1ccccc1)c1ccccc1)c1ccccc1)c1ccccc1)c1ccccc1)c1ccccc1)c1ccccc1)c1ccccc1)c1ccccc1)c1ccccc1)c1ccccc1F)c1ccccc1)c1ccccc1)c1ccccc1F)c1ccccc1)c1ccccc1)c1ccccc1)c1ccccc1F)c1ccccc1)c1ccccc1)c1ccccc1F)c1ccccc1)c1ccccc1)c1ccccc1)c1ccccc1F)c1ccccc1)c1ccccc1)c1ccccc1F)c1ccccc1)c1ccccc1F)c1ccccc1)c1ccccc1)c1ccccc1)c1ccccc1F)c1ccccc1)c1ccccc1F)c1ccccc1)c1ccccc1F,263.6,True
CC[C@@H](C[C@@H](C[C@@H](C[C@@H](C[C@@H](C[C@@H](C[C@H](C[C@@H](C[C@@H](C[C@@H](C[C@@H](C[C@@H](C[C@@H](C[C@H](C[C@H](C[C@@H](C[C@@H](C[C@@H](C[C@@H](C[C@@H](C[C@@H](C[C@@H](C[C@H](C[C@H](C[C@H](C[C@@H](C[C@@H](C[C@H](C[C@@H](C[C@@H](C[C@H](C[C@@H](C[C@H](C[C@H](C[C@H](C[C@H](C[C@H](C[C@@H](C[C@H](C[C@@H](C)c1ccccc1)c1ccccc1)c1ccccc1)c1ccccc1)c1ccccc1F)c1ccccc1)c1ccccc1F)c1ccccc1)c1ccccc1)c1ccccc1)c1ccccc1)c1ccccc1F)c1ccccc1F)c1ccccc1F)c1ccccc1)c1ccccc1)c1ccccc1F)c1ccccc1)c1ccccc1)c1ccccc1F)c1ccccc1)c1ccccc1F)c1ccccc1)c1ccccc1F)c1ccccc1)c1ccccc1)c1ccccc1F)c1ccccc1F)c1ccccc1)c1ccccc1F)c1ccccc1)c1ccccc1F)c1ccccc1)c1ccccc1)c1ccccc1)c1ccccc1F)c1ccccc1)c1ccccc1F)c1ccccc1)c1ccccc1F,257.7,True
CC[C@@H](C[C@@H](C[C@@H](C[C@@H](C[C@@H](C[C@@H](C[C@@H](C[C@@H](C[C@@H](C[C@@H](C[C@@H](C[C@H](C[C@H](C[C@H](C[C@@H](C[C@@H](C[C@@H](C[C@H](C[C@H](C[C@@H](C[C@@H](C[C@@H](C[C@@H](C[C@@H](C[C@@H](C[C@@H](C[C@@H](C[C@H](C[C@@H](C[C@@H](C[C@@H](C[C@@H](C[C@@H](C[C@@H](C[C@H](C[C@H](C[C@H](C[C@@H](C[C@@H](C[C@@H](C)c1ccccc1)c1ccccc1F)c1ccccc1)c1ccccc1)c1ccccc1F)c1ccccc1)c1ccccc1)c1ccccc1F)c1ccccc1)c1ccccc1F)c1ccccc1)c1ccccc1F)c1ccccc1F)c1ccccc1F)c1ccccc1)c1ccccc1F)c1ccccc1)c1ccccc1F)c1ccccc1)c1ccccc1F)c1ccccc1)c1ccccc1)c1ccccc1F)c1ccccc1F)c1ccccc1)c1ccccc1F)c1ccccc1F)c1ccccc1)c1ccccc1F)c1ccccc1F)c1ccccc1)c1ccccc1F)c1ccccc1)c1ccccc1F)c1ccccc1)c1ccccc1F)c1ccccc1)c1ccccc1F)c1ccccc1)c1ccccc1F,251.6,True
CC[C@@H](C[C@@H](C[C@@H](C[C@H](C[C@@H](C[C@@H](C[C@@H](C[C@@H](C[C@@H](C[C@@H](C[C@@H](C[C@H](C[C@H](C[C@H](C[C@@H](C[C@@H](C[C@@H](C[C@H](C[C@H](C[C@H](C[C@@H](C[C@@H](C[C@@H](C[C@H](C[C@@H](C[C@@H](C[C@@H](C[C@H](C[C@@H](C[C@@H](C[C@@H](C[C@@H](C[C@@H](C[C@@H](C[C@H](C[C@H](C[C@H](C[C@H](C[C@H](C[C@H](C)c1ccccc1F)c1ccccc1)c1ccccc1F)c1ccccc1)c1ccccc1F)c1ccccc1)c1ccccc1)c1ccccc1F)c1ccccc1)c1ccccc1F)c1ccccc1)c1ccccc1F)c1ccccc1F)c1ccccc1F)c1ccccc1)c1ccccc1F)c1ccccc1F)c1ccccc1F)c1ccccc1)c1ccccc1F)c1ccccc1F)c1ccccc1)c1ccccc1F)c1ccccc1F)c1ccccc1)c1ccccc1F)c1ccccc1F)c1ccccc1)c1ccccc1F)c1ccccc1F)c1ccccc1)c1ccccc1F)c1ccccc1)c1ccccc1F)c1ccccc1)c1ccccc1F)c1ccccc1F)c1ccccc1F)c1ccccc1)c1ccccc1F,247.1,True
CC[C@@H](C[C@H](C[C@@H](C[C@H](C[C@@H](C[C@@H](C[C@@H](C[C@@H](C[C@@H](C[C@H](C[C@@H](C[C@H](C[C@@H](C[C@H](C[C@@H](C[C@H](C[C@@H](C[C@H](C[C@@H](C[C@@H](C[C@@H](C[C@@H](C[C@@H](C[C@H](C[C@@H](C[C@@H](C[C@@H](C[C@H](C[C@@H](C[C@@H](C[C@@H](C[C@@H](C[C@@H](C[C@H](C[C@H](C[C@H](C[C@@H](C[C@@H](C[C@@H](C[C@@H](C)c1ccccc1)c1ccccc1F)c1ccccc1)c1ccccc1F)c1ccccc1F)c1ccccc1)c1ccccc1F)c1ccccc1F)c1ccccc1)c1ccccc1F)c1ccccc1)c1ccccc1F)c1ccccc1F)c1ccccc1F)c1ccccc1)c1ccccc1F)c1ccccc1F)c1ccccc1F)c1ccccc1)c1ccccc1F)c1ccccc1)c1ccccc1F)c1ccccc1F)c1ccccc1F)c1ccccc1F)c1ccccc1F)c1ccccc1F)c1ccccc1F)c1ccccc1F)c1ccccc1F)c1ccccc1F)c1ccccc1F)c1ccccc1)c1ccccc1F)c1ccccc1)c1ccccc1F)c1ccccc1F)c1ccccc1F)c1ccccc1F)c1ccccc1F,244.6,True
CC[C@H](COc1ccccc1)OOC(=O)c1ccccc1C(=O)C[C@H](COc1ccccc1)OOC(=O)c1ccccc1C(=O)C[C@H](COc1ccccc1)OOC(=O)c1ccccc1C(=O)C[C@H](COc1ccccc1)OOC(=O)c1ccccc1C(=O)C[C@H](COc1ccccc1)OOC(=O)c1ccccc1C(=O)C[C@H](COc1ccccc1)OOC(=O)c1ccccc1C(=O)C[C@H](COc1ccccc1)OOC(=O)c1ccccc1C(=O)C[C@H](COc1ccccc1)OOC(=O)c1ccccc1C(=O)C[C@H](COc1ccccc1)OOC(=O)c1ccccc1C(=O)C[C@H](COc1ccccc1)OOC(=O)c1ccccc1C(=O)C[C@H](COc1ccccc1)OOC(=O)c1ccccc1C(=O)C[C@H](COc1ccccc1)OOC(=O)c1ccccc1C(=O)C[C@H](COc1ccccc1)OOC(=O)c1ccccc1C(=O)C[C@H](COc1ccccc1)OOC(=O)c1ccccc1C(=O)C[C@H](COc1ccccc1)OOC(=O)c1ccccc1C(=O)C[C@H](COc1ccccc1)OOC(=O)c1ccccc1C(=O)C[C@H](COc1ccccc1)OOC(=O)c1ccccc1C(=O)C[C@H](COc1ccccc1)OOC(=O)c1ccccc1C(=O)C[C@H](COc1ccccc1)OOC(=O)c1ccccc1C(=O)C[C@H](COc1ccccc1)OOC(=O)c1ccccc1C(C)=O,120.0,True
CC[C@H](C)OOC(=O)c1ccccc1C(=O)C[C@H](C)OOC(=O)c1ccccc1C(=O)C[C@H](C)OOC(=O)c1ccccc1C(=O)C[C@H](C)OOC(=O)c1ccccc1C(=O)C[C@H](C)OOC(=O)c1ccccc1C(=O)C[C@H](C)OOC(=O)c1ccccc1C(=O)C[C@H](C)OOC(=O)c1ccccc1C(=O)C[C@H](C)OOC(=O)c1ccccc1C(=O)C[C@H](C)OOC(=O)c1ccccc1C(=O)C[C@H](C)OOC(=O)c1ccccc1C(=O)C[C@H](C)OOC(=O)c1ccccc1C(=O)C[C@H](C)OOC(=O)c1ccccc1C(=O)C[C@H](C)OOC(=O)c1ccccc1C(=O)C[C@H](C)OOC(=O)c1ccccc1C(=O)C[C@H](C)OOC(=O)c1ccccc1C(=O)C[C@H](C)OOC(=O)c1ccccc1C(=O)C[C@H](C)OOC(=O)c1ccccc1C(=O)C[C@H](C)OOC(=O)c1ccccc1C(=O)C[C@H](C)OOC(=O)c1ccccc1C(=O)C[C@H](C)OOC(=O)c1ccccc1C(C)=O,101.0,True
CC[C@H](C)OOC(=O)c1ccccc1C(=O)C[C@H](C)OOC(=O)c1ccccc1C(=O)C[C@H](C)OOC(=O)c1ccccc1C(=O)C[C@H](C)OOC(=O)c1ccccc1C(=O)C[C@H](C)OOC(=O)c1ccccc1C(=O)C[C@H](C)OOC(=O)c1ccccc1C(=O)C[C@H](C)OOC(=O)c1ccccc1C(=O)C[C@H](C)OOC(=O)c1ccccc1C(=O)C[C@H](C)OOC(=O)c1ccccc1C(=O)C[C@H](C)OOC(=O)c1ccccc1C(=O)C[C@H](C)OOC(=O)c1ccccc1C(=O)C[C@H](C)OOC(=O)c1ccccc1C(=O)C[C@H](C)OOC(=O)c1ccccc1C(=O)C[C@H](C)OOC(=O)c1ccccc1C(=O)C[C@H](C)OOC(=O)c1ccccc1C(=O)C[C@H](C)OOC(=O)c1ccccc1C(=O)C[C@H](C)OOC(=O)c1ccccc1C(=O)C[C@H](C)OOC(=O)c1ccccc1C(=O)C[C@H](C)OOC(=O)c1ccccc1C(=O)C[C@H](C)OOC(=O)c1ccccc1C(C)=O,104.0,True
CCC(CC)OOC(=O)c1ccccc1C(=O)C[C@H](CC)OOC(=O)c1ccccc1C(=O)C[C@H](CC)OOC(=O)c1ccccc1C(=O)C[C@H](CC)OOC(=O)c1ccccc1C(=O)C[C@H](CC)OOC(=O)c1ccccc1C(=O)C[C@H](CC)OOC(=O)c1ccccc1C(=O)C[C@H](CC)OOC(=O)c1ccccc1C(=O)C[C@H](CC)OOC(=O)c1ccccc1C(=O)C[C@H](CC)OOC(=O)c1ccccc1C(=O)C[C@H](CC)OOC(=O)c1ccccc1C(=O)C[C@H](CC)OOC(=O)c1ccccc1C(=O)C[C@H](CC)OOC(=O)c1ccccc1C(=O)C[C@H](CC)OOC(=O)c1ccccc1C(=O)C[C@H](CC)OOC(=O)c1ccccc1C(=O)C[C@H](CC)OOC(=O)c1ccccc1C(=O)C[C@H](CC)OOC(=O)c1ccccc1C(=O)C[C@H](CC)OOC(=O)c1ccccc1C(=O)C[C@H](CC)OOC(=O)c1ccccc1C(=O)C[C@H](CC)OOC(=O)c1ccccc1C(=O)C[C@H](CC)OOC(=O)c1ccccc1C(C)=O,127.0,True
CCC(CC)OOC(=O)c1ccccc1C(=O)C[C@H](CC)OOC(=O)c1ccccc1C(=O)C[C@H](CC)OOC(=O)c1ccccc1C(=O)C[C@H](CC)OOC(=O)c1ccccc1C(=O)C[C@H](CC)OOC(=O)c1ccccc1C(=O)C[C@H](CC)OOC(=O)c1ccccc1C(=O)C[C@H](CC)OOC(=O)c1ccccc1C(=O)C[C@H](CC)OOC(=O)c1ccccc1C(=O)C[C@H](CC)OOC(=O)c1ccccc1C(=O)C[C@H](CC)OOC(=O)c1ccccc1C(=O)C[C@H](CC)OOC(=O)c1ccccc1C(=O)C[C@H](CC)OOC(=O)c1ccccc1C(=O)C[C@H](CC)OOC(=O)c1ccccc1C(=O)C[C@H](CC)OOC(=O)c1ccccc1C(=O)C[C@H](CC)OOC(=O)c1ccccc1C(=O)C[C@H](CC)OOC(=O)c1ccccc1C(=O)C[C@H](CC)OOC(=O)c1ccccc1C(=O)C[C@H](CC)OOC(=O)c1ccccc1C(=O)C[C@H](CC)OOC(=O)c1ccccc1C(=O)C[C@H](CC)OOC(=O)c1ccccc1C(C)=O,139.0,True
CC[C@H](COC)OOC(=O)c1ccccc1C(=O)C[C@H](COC)OOC(=O)c1ccccc1C(=O)C[C@H](COC)OOC(=O)c1ccccc1C(=O)C[C@H](COC)OOC(=O)c1ccccc1C(=O)C[C@H](COC)OOC(=O)c1ccccc1C(=O)C[C@H](COC)OOC(=O)c1ccccc1C(=O)C[C@H](COC)OOC(=O)c1ccccc1C(=O)C[C@H](COC)OOC(=O)c1ccccc1C(=O)C[C@H](COC)OOC(=O)c1ccccc1C(=O)C[C@H](COC)OOC(=O)c1ccccc1C(=O)C[C@H](COC)OOC(=O)c1ccccc1C(=O)C[C@H](COC)OOC(=O)c1ccccc1C(=O)C[C@H](COC)OOC(=O)c1ccccc1C(=O)C[C@H](COC)OOC(=O)c1ccccc1C(=O)C[C@H](COC)OOC(=O)c1ccccc1C(=O)C[C@H](COC)OOC(=O)c1ccccc1C(=O)C[C@H](COC)OOC(=O)c1ccccc1C(=O)C[C@H](COC)OOC(=O)c1ccccc1C(=O)C[C@H](COC)OOC(=O)c1ccccc1C(=O)C[C@H](COC)OOC(=O)c1ccccc1C(C)=O,153.0,True
CCOC[C@@H](CC(=O)c1ccccc1C(=O)OO[C@@H](COCC)CC(=O)c1ccccc1C(=O)OO[C@@H](COCC)CC(=O)c1ccccc1C(=O)OO[C@@H](COCC)CC(=O)c1ccccc1C(=O)OO[C@@H](COCC)CC(=O)c1ccccc1C(=O)OO[C@@H](COCC)CC(=O)c1ccccc1C(=O)OO[C@@H](COCC)CC(=O)c1ccccc1C(=O)OO[C@@H](COCC)CC(=O)c1ccccc1C(=O)OO[C@@H](COCC)CC(=O)c1ccccc1C(=O)OO[C@@H](COCC)CC(=O)c1ccccc1C(=O)OO[C@@H](COCC)CC(=O)c1ccccc1C(=O)OO[C@@H](COCC)CC(=O)c1ccccc1C(=O)OO[C@@H](COCC)CC(=O)c1ccccc1C(=O)OO[C@@H](COCC)CC(=O)c1ccccc1C(=O)OO[C@@H](COCC)CC(=O)c1ccccc1C(=O)OO[C@@H](COCC)CC(=O)c1ccccc1C(=O)OO[C@@H](COCC)CC(=O)c1ccccc1C(=O)OO[C@@H](COCC)CC(=O)c1ccccc1C(=O)OO[C@@H](COCC)CC(=O)c1ccccc1C(=O)OO[C@H](CC)COCC)OOC(=O)c1ccccc1C(C)=O,101.0,True
CC[C@H](COC(C)C)OOC(=O)c1ccccc1C(=O)C[C@H](COC(C)C)OOC(=O)c1ccccc1C(=O)C[C@H](COC(C)C)OOC(=O)c1ccccc1C(=O)C[C@H](COC(C)C)OOC(=O)c1ccccc1C(=O)C[C@H](COC(C)C)OOC(=O)c1ccccc1C(=O)C[C@H](COC(C)C)OOC(=O)c1ccccc1C(=O)C[C@H](COC(C)C)OOC(=O)c1ccccc1C(=O)C[C@H](COC(C)C)OOC(=O)c1ccccc1C(=O)C[C@H](COC(C)C)OOC(=O)c1ccccc1C(=O)C[C@H](COC(C)C)OOC(=O)c1ccccc1C(=O)C[C@H](COC(C)C)OOC(=O)c1ccccc1C(=O)C[C@H](COC(C)C)OOC(=O)c1ccccc1C(=O)C[C@H](COC(C)C)OOC(=O)c1ccccc1C(=O)C[C@H](COC(C)C)OOC(=O)c1ccccc1C(=O)C[C@H](COC(C)C)OOC(=O)c1ccccc1C(=O)C[C@H](COC(C)C)OOC(=O)c1ccccc1C(=O)C[C@H](COC(C)C)OOC(=O)c1ccccc1C(=O)C[C@H](COC(C)C)OOC(=O)c1ccccc1C(=O)C[C@H](COC(C)C)OOC(=O)c1ccccc1C(=O)C[C@H](COC(C)C)OOC(=O)c1ccccc1C(C)=O,77.0,True
CC[C@H](COC(C)(C)C)OOC(=O)c1ccccc1C(=O)C[C@H](COC(C)(C)C)OOC(=O)c1ccccc1C(=O)C[C@H](COC(C)(C)C)OOC(=O)c1ccccc1C(=O)C[C@H](COC(C)(C)C)OOC(=O)c1ccccc1C(=O)C[C@H](COC(C)(C)C)OOC(=O)c1ccccc1C(=O)C[C@H](COC(C)(C)C)OOC(=O)c1ccccc1C(=O)C[C@H](COC(C)(C)C)OOC(=O)c1ccccc1C(=O)C[C@H](COC(C)(C)C)OOC(=O)c1ccccc1C(=O)C[C@H](COC(C)(C)C)OOC(=O)c1ccccc1C(=O)C[C@H](COC(C)(C)C)OOC(=O)c1ccccc1C(=O)C[C@H](COC(C)(C)C)OOC(=O)c1ccccc1C(=O)C[C@H](COC(C)(C)C)OOC(=O)c1ccccc1C(=O)C[C@H](COC(C)(C)C)OOC(=O)c1ccccc1C(=O)C[C@H](COC(C)(C)C)OOC(=O)c1ccccc1C(=O)C[C@H](COC(C)(C)C)OOC(=O)c1ccccc1C(=O)C[C@H](COC(C)(C)C)OOC(=O)c1ccccc1C(=O)C[C@H](COC(C)(C)C)OOC(=O)c1ccccc1C(=O)C[C@H](COC(C)(C)C)OOC(=O)c1ccccc1C(=O)C[C@H](COC(C)(C)C)OOC(=O)c1ccccc1C(=O)C[C@H](COC(C)(C)C)OOC(=O)c1ccccc1C(C)=O,86.0,True
CC[C@H](COCc1ccco1)OOC(=O)c1ccccc1C(=O)C[C@H](COCc1ccco1)OOC(=O)c1ccccc1C(=O)C[C@H](COCc1ccco1)OOC(=O)c1ccccc1C(=O)C[C@H](COCc1ccco1)OOC(=O)c1ccccc1C(=O)C[C@H](COCc1ccco1)OOC(=O)c1ccccc1C(=O)C[C@H](COCc1ccco1)OOC(=O)c1ccccc1C(=O)C[C@H](COCc1ccco1)OOC(=O)c1ccccc1C(=O)C[C@H](COCc1ccco1)OOC(=O)c1ccccc1C(=O)C[C@H](COCc1ccco1)OOC(=O)c1ccccc1C(=O)C[C@H](COCc1ccco1)OOC(=O)c1ccccc1C(=O)C[C@H](COCc1ccco1)OOC(=O)c1ccccc1C(=O)C[C@H](COCc1ccco1)OOC(=O)c1ccccc1C(=O)C[C@H](COCc1ccco1)OOC(=O)c1ccccc1C(=O)C[C@H](COCc1ccco1)OOC(=O)c1ccccc1C(=O)C[C@H](COCc1ccco1)OOC(=O)c1ccccc1C(=O)C[C@H](COCc1ccco1)OOC(=O)c1ccccc1C(=O)C[C@H](COCc1ccco1)OOC(=O)c1ccccc1C(=O)C[C@H](COCc1ccco1)OOC(=O)c1ccccc1C(=O)C[C@H](COCc1ccco1)OOC(=O)c1ccccc1C(=O)C[C@H](COCc1ccco1)OOC(=O)c1ccccc1C(C)=O,88.0,True
CC[C@H](COc1ccc2ccccc2c1)OOC(=O)c1ccccc1C(=O)C[C@H](COc1ccc2ccccc2c1)OOC(=O)c1ccccc1C(=O)C[C@H](COc1ccc2ccccc2c1)OOC(=O)c1ccccc1C(=O)C[C@H](COc1ccc2ccccc2c1)OOC(=O)c1ccccc1C(=O)C[C@H](COc1ccc2ccccc2c1)OOC(=O)c1ccccc1C(=O)C[C@H](COc1ccc2ccccc2c1)OOC(=O)c1ccccc1C(=O)C[C@H](COc1ccc2ccccc2c1)OOC(=O)c1ccccc1C(=O)C[C@H](COc1ccc2ccccc2c1)OOC(=O)c1ccccc1C(=O)C[C@H](COc1ccc2ccccc2c1)OOC(=O)c1ccccc1C(=O)C[C@H](COc1ccc2ccccc2c1)OOC(=O)c1ccccc1C(=O)C[C@H](COc1ccc2ccccc2c1)OOC(=O)c1ccccc1C(=O)C[C@H](COc1ccc2ccccc2c1)OOC(=O)c1ccccc1C(=O)C[C@H](COc1ccc2ccccc2c1)OOC(=O)c1ccccc1C(=O)C[C@H](COc1ccc2ccccc2c1)OOC(=O)c1ccccc1C(=O)C[C@H](COc1ccc2ccccc2c1)OOC(=O)c1ccccc1C(=O)C[C@H](COc1ccc2ccccc2c1)OOC(=O)c1ccccc1C(=O)C[C@H](COc1ccc2ccccc2c1)OOC(=O)c1ccccc1C(=O)C[C@H](COc1ccc2ccccc2c1)OOC(=O)c1ccccc1C(=O)C[C@H](COc1ccc2ccccc2c1)OOC(=O)c1ccccc1C(=O)C[C@H](COc1ccc2ccccc2c1)OOC(=O)c1ccccc1C(C)=O,113.0,True
CC[C@H](CCl)OOC(=O)c1ccccc1C(=O)C[C@H](CCl)OOC(=O)c1ccccc1C(=O)C[C@H](CCl)OOC(=O)c1ccccc1C(=O)C[C@H](CCl)OOC(=O)c1ccccc1C(=O)C[C@H](CCl)OOC(=O)c1ccccc1C(=O)C[C@H](CCl)OOC(=O)c1ccccc1C(=O)C[C@H](CCl)OOC(=O)c1ccccc1C(=O)C[C@H](CCl)OOC(=O)c1ccccc1C(=O)C[C@H](CCl)OOC(=O)c1ccccc1C(=O)C[C@H](CCl)OOC(=O)c1ccccc1C(=O)C[C@H](CCl)OOC(=O)c1ccccc1C(=O)C[C@H](CCl)OOC(=O)c1ccccc1C(=O)C[C@H](CCl)OOC(=O)c1ccccc1C(=O)C[C@H](CCl)OOC(=O)c1ccccc1C(=O)C[C@H](CCl)OOC(=O)c1ccccc1C(=O)C[C@H](CCl)OOC(=O)c1ccccc1C(=O)C[C@H](CCl)OOC(=O)c1ccccc1C(=O)C[C@H](CCl)OOC(=O)c1ccccc1C(=O)C[C@H](CCl)OOC(=O)c1ccccc1C(=O)C[C@H](CCl)OOC(=O)c1ccccc1C(C)=O,105.0,True
CC[C@@H](OOC(=O)c1ccccc1C(=O)C[C@@H](OOC(=O)c1ccccc1C(=O)C[C@@H](OOC(=O)c1ccccc1C(=O)C[C@@H](OOC(=O)c1ccccc1C(=O)C[C@@H](OOC(=O)c1ccccc1C(=O)C[C@@H](OOC(=O)c1ccccc1C(=O)C[C@@H](OOC(=O)c1ccccc1C(=O)C[C@@H](OOC(=O)c1ccccc1C(=O)C[C@@H](OOC(=O)c1ccccc1C(=O)C[C@@H](OOC(=O)c1ccccc1C(=O)C[C@@H](OOC(=O)c1ccccc1C(=O)C[C@@H](OOC(=O)c1ccccc1C(=O)C[C@@H](OOC(=O)c1ccccc1C(=O)C[C@@H](OOC(=O)c1ccccc1C(=O)C[C@@H](OOC(=O)c1ccccc1C(=O)C[C@@H](OOC(=O)c1ccccc1C(=O)C[C@@H](OOC(=O)c1ccccc1C(=O)C[C@@H](OOC(=O)c1ccccc1C(=O)C[C@@H](OOC(=O)c1ccccc1C(=O)C[C@@H](OOC(=O)c1ccccc1C(C)=O)c1ccccc1)c1ccccc1)c1ccccc1)c1ccccc1)c1ccccc1)c1ccccc1)c1ccccc1)c1ccccc1)c1ccccc1)c1ccccc1)c1ccccc1)c1ccccc1)c1ccccc1)c1ccccc1)c1ccccc1)c1ccccc1)c1ccccc1)c1ccccc1)c1ccccc1)c1ccccc1,160.0,True
CC[C@H](COc1ccccc1)OOC(=O)c1cc2ccccc2cc1C(=O)C[C@H](COc1ccccc1)OOC(=O)c1cc2ccccc2cc1C(=O)C[C@H](COc1ccccc1)OOC(=O)c1cc2ccccc2cc1C(=O)C[C@H](COc1ccccc1)OOC(=O)c1cc2ccccc2cc1C(=O)C[C@H](COc1ccccc1)OOC(=O)c1cc2ccccc2cc1C(=O)C[C@H](COc1ccccc1)OOC(=O)c1cc2ccccc2cc1C(=O)C[C@H](COc1ccccc1)OOC(=O)c1cc2ccccc2cc1C(=O)C[C@H](COc1ccccc1)OOC(=O)c1cc2ccccc2cc1C(=O)C[C@H](COc1ccccc1)OOC(=O)c1cc2ccccc2cc1C(=O)C[C@H](COc1ccccc1)OOC(=O)c1cc2ccccc2cc1C(=O)C[C@H](COc1ccccc1)OOC(=O)c1cc2ccccc2cc1C(=O)C[C@H](COc1ccccc1)OOC(=O)c1cc2ccccc2cc1C(=O)C[C@H](COc1ccccc1)OOC(=O)c1cc2ccccc2cc1C(=O)C[C@H](COc1ccccc1)OOC(=O)c1cc2ccccc2cc1C(=O)C[C@H](COc1ccccc1)OOC(=O)c1cc2ccccc2cc1C(=O)C[C@H](COc1ccccc1)OOC(=O)c1cc2ccccc2cc1C(=O)C[C@H](COc1ccccc1)OOC(=O)c1cc2ccccc2cc1C(=O)C[C@H](COc1ccccc1)OOC(=O)c1cc2ccccc2cc1C(=O)C[C@H](COc1ccccc1)OOC(=O)c1cc2ccccc2cc1C(=O)C[C@H](COc1ccccc1)OOC(=O)c1cc2ccccc2cc1C(C)=O,127.0,True
CC[C@H](COc1ccc2ccccc2c1)OOC(=O)/C=C\C(=O)C[C@H](COc1ccc2ccccc2c1)OOC(=O)/C=C\C(=O)C[C@H](COc1ccc2ccccc2c1)OOC(=O)/C=C\C(=O)C[C@H](COc1ccc2ccccc2c1)OOC(=O)/C=C\C(=O)C[C@H](COc1ccc2ccccc2c1)OOC(=O)/C=C\C(=O)C[C@H](COc1ccc2ccccc2c1)OOC(=O)/C=C\C(=O)C[C@H](COc1ccc2ccccc2c1)OOC(=O)/C=C\C(=O)C[C@H](COc1ccc2ccccc2c1)OOC(=O)/C=C\C(=O)C[C@H](COc1ccc2ccccc2c1)OOC(=O)/C=C\C(=O)C[C@H](COc1ccc2ccccc2c1)OOC(=O)/C=C\C(=O)C[C@H](COc1ccc2ccccc2c1)OOC(=O)/C=C\C(=O)C[C@H](COc1ccc2ccccc2c1)OOC(=O)/C=C\C(=O)C[C@H](COc1ccc2ccccc2c1)OOC(=O)/C=C\C(=O)C[C@H](COc1ccc2ccccc2c1)OOC(=O)/C=C\C(=O)C[C@H](COc1ccc2ccccc2c1)OOC(=O)/C=C\C(=O)C[C@H](COc1ccc2ccccc2c1)OOC(=O)/C=C\C(=O)C[C@H](COc1ccc2ccccc2c1)OOC(=O)/C=C\C(=O)C[C@H](COc1ccc2ccccc2c1)OOC(=O)/C=C\C(=O)C[C@H](COc1ccc2ccccc2c1)OOC(=O)/C=C\C(=O)C[C@H](COc1ccc2ccccc2c1)OOC(=O)/C=C\C(C)=O,93.0,True
CC[C@H](COc1ccc2ccccc2c1)OOC(=O)CCC(=O)C[C@H](COc1ccc2ccccc2c1)OOC(=O)CCC(=O)C[C@H](COc1ccc2ccccc2c1)OOC(=O)CCC(=O)C[C@H](COc1ccc2ccccc2c1)OOC(=O)CCC(=O)C[C@H](COc1ccc2ccccc2c1)OOC(=O)CCC(=O)C[C@H](COc1ccc2ccccc2c1)OOC(=O)CCC(=O)C[C@H](COc1ccc2ccccc2c1)OOC(=O)CCC(=O)C[C@H](COc1ccc2ccccc2c1)OOC(=O)CCC(=O)C[C@H](COc1ccc2ccccc2c1)OOC(=O)CCC(=O)C[C@H](COc1ccc2ccccc2c1)OOC(=O)CCC(=O)C[C@H](COc1ccc2ccccc2c1)OOC(=O)CCC(=O)C[C@H](COc1ccc2ccccc2c1)OOC(=O)CCC(=O)C[C@H](COc1ccc2ccccc2c1)OOC(=O)CCC(=O)C[C@H](COc1ccc2ccccc2c1)OOC(=O)CCC(=O)C[C@H](COc1ccc2ccccc2c1)OOC(=O)CCC(=O)C[C@H](COc1ccc2ccccc2c1)OOC(=O)CCC(=O)C[C@H](COc1ccc2ccccc2c1)OOC(=O)CCC(=O)C[C@H](COc1ccc2ccccc2c1)OOC(=O)CCC(=O)C[C@H](COc1ccc2ccccc2c1)OOC(=O)CCC(=O)C[C@H](COc1ccc2ccccc2c1)OOC(=O)CCC(C)=O,95.0,True
CCCCCCC[C@@H](CCCC(=O)O[C@H](CCCCCCC)CCCC(=O)O[C@@H](CCCCCCC)CCCC(=O)O[C@H](CCCCCCC)CCCC(=O)O[C@@H](CCCCCCC)CCCC(=O)O[C@H](CCCCCCC)CCCC(=O)O[C@@H](CCCCCCC)CCCC(=O)O[C@H](CCCCCCC)CCCC(=O)O[C@@H](CCCCCCC)CCCC(=O)O[C@H](CCCCCCC)CCCC(=O)O[C@@H](CCCCCCC)CCCC(=O)O[C@H](CCCCCCC)CCCC(=O)O[C@@H](CCCCCCC)CCCC(=O)O[C@H](CCCCCCC)CCCC(=O)O[C@@H](CCCCCCC)CCCC(=O)O[C@H](CCCCCCC)CCCC(=O)O[C@@H](CCCCCCC)CCCC(=O)O[C@H](CCCCCCC)CCCC(=O)O[C@@H](CCCCCCC)CCCC(=O)O[C@H](CCCCCCC)CCCC(=O)O[C@@H](CCCCCCC)CCCC(=O)O[C@H](CCCCCCC)CCCC(=O)O[C@@H](CCCCCCC)CCCC(=O)O[C@H](CCCCCCC)CCCC(=O)O[C@@H](CCCCCCC)CCCC(=O)O[C@H](CCCCCCC)CCCC(=O)O[C@@H](CCCCCCC)CCCC(=O)O[C@H](CCCCCCC)CCCC(=O)O[C@@H](CCCCCCC)CCCC(=O)O[C@H](CCCCCCC)CCCC(=O)O[C@@H](CCCCCCC)CCCC(=O)O[C@H](CCCCCCC)CCCC(=O)O[C@@H](CCCCCCC)CCCC(=O)O[C@H](CCCCCCC)CCCC(=O)O[C@@H](CCCCCCC)CCCC(=O)O[C@H](CCCCCCC)CCCC(=O)O[C@@H](CCCCCCC)CCCC(=O)O[C@H](CCCCCCC)CCCC(=O)O[C@@H](CCCCCCC)CCCC(=O)O[C@H](CCCCCCC)CCCC(C)=O)OC,-18.0,True
CCCCCCC[C@@H](CCCC(=O)O[C@H](CCCCCCC)CCCC(=O)O[C@@H](CCCCCCC)CCCC(=O)O[C@H](CCCCCCC)CCCC(=O)O[C@@H](CCCCCCC)CCCC(=O)O[C@H](CCCCCCC)CCCC(=O)O[C@@H](CCCCCCC)CCCC(=O)O[C@H](CCCCCCC)CCCC(=O)O[C@@H](CCCCCCC)CCCC(=O)O[C@H](CCCCCCC)CCCC(=O)O[C@@H](CCCCCCC)CCCC(=O)O[C@H](CCCCCCC)CCCC(=O)O[C@@H](CCCCCCC)CCCC(=O)O[C@H](CCCCCCC)CCCC(=O)O[C@@H](CCCCCCC)CCCC(=O)O[C@H](CCCCCCC)CCCC(=O)O[C@@H](CCCCCCC)CCCC(=O)O[C@H](CCCCCCC)CCCC(=O)O[C@@H](CCCCCCC)CCCC(=O)O[C@H](CCCCCCC)CCCC(=O)O[C@@H](CCCCCCC)CCCC(=O)O[C@H](CCCCCCC)CCCC(=O)O[C@@H](CCCCCCC)CCCC(=O)O[C@H](CCCCCCC)CCCC(=O)O[C@@H](CCCCCCC)CCCC(=O)O[C@H](CCCCCCC)CCCC(=O)O[C@@H](CCCCCCC)CCCC(=O)O[C@H](CCCCCCC)CCCC(=O)O[C@@H](CCCCCCC)CCCC(=O)O[C@H](CCCCCCC)CCCC(=O)O[C@@H](CCCCCCC)CCCC(=O)O[C@H](CCCCCCC)CCCC(=O)O[C@@H](CCCCCCC)CCCC(=O)O[C@H](CCCCCCC)CCCC(=O)O[C@@H](CCCCCCC)CCCC(=O)O[C@H](CCCCCCC)CCCC(=O)O[C@@H](CCCCCCC)CCCC(=O)O[C@H](CCCCCCC)CCCC(=O)O[C@@H](CCCCCCC)CCCC(=O)O[C@H](CCCCCCC)CCCC(C)=O)OC,-14.0,True
CC[C@H](CC(=O)O[C@@H](CC)CC(=O)O[C@H](CC)CC(=O)O[C@@H](CC)CC(=O)O[C@H](CC)CC(=O)O[C@@H](CC)CC(=O)O[C@H](CC)CC(=O)O[C@@H](CC)CC(=O)O[C@H](CC)CC(=O)O[C@@H](CC)CC(=O)O[C@H](CC)CC(=O)O[C@@H](CC)CC(=O)O[C@H](CC)CC(=O)O[C@@H](CC)CC(=O)O[C@H](CC)CC(=O)O[C@@H](CC)CC(=O)O[C@H](CC)CC(=O)O[C@@H](CC)CC(=O)O[C@H](CC)CC(=O)O[C@@H](CC)CC(=O)O[C@H](CC)CC(=O)O[C@@H](CC)CC(=O)O[C@H](CC)CC(=O)O[C@@H](CC)CC(=O)O[C@H](CC)CC(=O)O[C@@H](CC)CC(=O)O[C@H](CC)CC(=O)O[C@@H](CC)CC(=O)O[C@H](CC)CC(=O)O[C@@H](CC)CC(=O)O[C@H](CC)CC(=O)O[C@@H](CC)CC(=O)O[C@H](CC)CC(=O)O[C@@H](CC)CC(=O)O[C@H](CC)CC(=O)O[C@@H](CC)CC(=O)O[C@H](CC)CC(=O)O[C@@H](CC)CC(=O)O[C@H](CC)CC(=O)O[C@@H](CC)CC(=O)O[C@H](CC)CC(=O)O[C@@H](CC)CC(=O)O[C@H](CC)CC(=O)O[C@@H](CC)CC(=O)O[C@H](CC)CC(=O)O[C@@H](CC)CC(=O)O[C@H](CC)CC(=O)O[C@@H](CC)CC(=O)O[C@H](CC)CC(=O)O[C@@H](CC)CC(=O)O[C@H](CC)CC(=O)O[C@@H](CC)CC(=O)O[C@H](CC)CC(=O)O[C@@H](CC)CC(=O)O[C@H](CC)CC(=O)O[C@@H](CC)CC(=O)O[C@H](CC)CC(=O)O[C@@H](CC)CC(=O)O[C@H](CC)CC(=O)O[C@@H](CC)CC(=O)O[C@H](CC)CC(=O)O[C@@H](CC)CC(=O)O[C@H](CC)CC(=O)O[C@@H](CC)CC(=O)O[C@H](CC)CC(=O)O[C@@H](CC)CC(=O)O[C@@H](CC)CC(=O)O[C@H](CC)CC(=O)O[C@@H](CC)CC(=O)O[C@H](CC)CC(=O)O[C@@H](CC)CC(=O)O[C@H](CC)CC(=O)O[C@@H](CC)CC(=O)O[C@H](CC)CC(=O)O[C@@H](CC)CC(=O)O[C@H](CC)CC(=O)O[C@@H](CC)CC(=O)O[C@H](CC)CC(=O)O[C@@H](CC)CC(=O)O[C@H](CC)CC(C)=O)OC,108.0,True
CC[C@H](CC(=O)O[C@@H](CC)CC(=O)O[C@H](CC)CC(=O)O[C@@H](CC)CC(=O)O[C@H](CC)CC(=O)O[C@@H](CC)CC(=O)O[C@H](CC)CC(=O)O[C@@H](CC)CC(=O)O[C@H](CC)CC(=O)O[C@@H](CC)CC(=O)O[C@H](CC)CC(=O)O[C@@H](CC)CC(=O)O[C@H](CC)CC(=O)O[C@@H](CC)CC(=O)O[C@H](CC)CC(=O)O[C@@H](CC)CC(=O)O[C@H](CC)CC(=O)O[C@@H](CC)CC(=O)O[C@H](CC)CC(=O)O[C@@H](CC)CC(=O)O[C@H](CC)CC(=O)O[C@@H](CC)CC(=O)O[C@H](CC)CC(=O)O[C@@H](CC)CC(=O)O[C@H](CC)CC(=O)O[C@@H](CC)CC(=O)O[C@H](CC)CC(=O)O[C@@H](CC)CC(=O)O[C@H](CC)CC(=O)O[C@@H](CC)CC(=O)O[C@H](CC)CC(=O)O[C@@H](CC)CC(=O)O[C@H](CC)CC(=O)O[C@@H](CC)CC(=O)O[C@H](CC)CC(=O)O[C@@H](CC)CC(=O)O[C@H](CC)CC(=O)O[C@@H](CC)CC(=O)O[C@H](CC)CC(=O)O[C@@H](CC)CC(=O)O[C@H](CC)CC(=O)O[C@@H](CC)CC(=O)O[C@H](CC)CC(=O)O[C@@H](CC)CC(=O)O[C@H](CC)CC(=O)O[C@@H](CC)CC(=O)O[C@H](CC)CC(=O)O[C@@H](CC)CC(=O)O[C@H](CC)CC(=O)O[C@@H](CC)CC(=O)O[C@H](CC)CC(=O)O[C@@H](CC)CC(=O)O[C@H](CC)CC(=O)O[C@@H](CC)CC(=O)O[C@H](CC)CC(=O)O[C@@H](CC)CC(=O)O[C@H](CC)CC(=O)O[C@@H](CC)CC(=O)O[C@H](CC)CC(=O)O[C@@H](CC)CC(=O)O[C@H](CC)CC(=O)O[C@@H](CC)CC(=O)O[C@H](CC)CC(=O)O[C@@H](CC)CC(=O)O[C@H](CC)CC(=O)O[C@@H](CC)CC(=O)O[C@@H](CC)CC(=O)O[C@H](CC)CC(=O)O[C@@H](CC)CC(=O)O[C@H](CC)CC(=O)O[C@@H](CC)CC(=O)O[C@H](CC)CC(=O)O[C@@H](CC)CC(=O)O[C@H](CC)CC(=O)O[C@@H](CC)CC(=O)O[C@H](CC)CC(=O)O[C@@H](CC)CC(=O)O[C@H](CC)CC(=O)O[C@@H](CC)CC(=O)O[C@H](CC)CC(C)=O)OC,108.0,True
CC[C@H](CC(=O)O[C@@H](CC)CC(=O)O[C@H](CC)CC(=O)O[C@@H](CC)CC(=O)O[C@H](CC)CC(=O)O[C@@H](CC)CC(=O)O[C@H](CC)CC(=O)O[C@@H](CC)CC(=O)O[C@H](CC)CC(=O)O[C@@H](CC)CC(=O)O[C@H](CC)CC(=O)O[C@@H](CC)CC(=O)O[C@H](CC)CC(=O)O[C@@H](CC)CC(=O)O[C@H](CC)CC(=O)O[C@@H](CC)CC(=O)O[C@H](CC)CC(=O)O[C@@H](CC)CC(=O)O[C@H](CC)CC(=O)O[C@@H](CC)CC(=O)O[C@H](CC)CC(=O)O[C@@H](CC)CC(=O)O[C@H](CC)CC(=O)O[C@@H](CC)CC(=O)O[C@H](CC)CC(=O)O[C@@H](CC)CC(=O)O[C@H](CC)CC(=O)O[C@@H](CC)CC(=O)O[C@H](CC)CC(=O)O[C@@H](CC)CC(=O)O[C@H](CC)CC(=O)O[C@@H](CC)CC(=O)O[C@H](CC)CC(=O)O[C@@H](CC)CC(=O)O[C@H](CC)CC(=O)O[C@@H](CC)CC(=O)O[C@H](CC)CC(=O)O[C@@H](CC)CC(=O)O[C@H](CC)CC(=O)O[C@@H](CC)CC(=O)O[C@H](CC)CC(=O)O[C@@H](CC)CC(=O)O[C@H](CC)CC(=O)O[C@@H](CC)CC(=O)O[C@H](CC)CC(=O)O[C@@H](CC)CC(=O)O[C@H](CC)CC(=O)O[C@@H](CC)CC(=O)O[C@H](CC)CC(=O)O[C@@H](CC)CC(=O)O[C@H](CC)CC(=O)O[C@@H](CC)CC(=O)O[C@H](CC)CC(=O)O[C@@H](CC)CC(=O)O[C@H](CC)CC(=O)O[C@@H](CC)CC(=O)O[C@H](CC)CC(=O)O[C@@H](CC)CC(=O)O[C@H](CC)CC(=O)O[C@@H](CC)CC(=O)O[C@H](CC)CC(=O)O[C@@H](CC)CC(=O)O[C@H](CC)CC(=O)O[C@@H](CC)CC(=O)O[C@H](CC)CC(=O)O[C@@H](CC)CC(=O)O[C@@H](CC)CC(=O)O[C@H](CC)CC(=O)O[C@@H](CC)CC(=O)O[C@H](CC)CC(=O)O[C@@H](CC)CC(=O)O[C@H](CC)CC(=O)O[C@@H](CC)CC(=O)O[C@H](CC)CC(=O)O[C@@H](CC)CC(=O)O[C@H](CC)CC(=O)O[C@@H](CC)CC(=O)O[C@H](CC)CC(=O)O[C@@H](CC)CC(=O)O[C@H](CC)CC(C)=O)OC,108.0,True
CO[C@H](C)CC(=O)O[C@@H](C)CC(=O)O[C@@H](C)CC(=O)O[C@H](C)CC(=O)O[C@H](C)CC(=O)O[C@@H](C)CC(=O)O[C@@H](C)CC(=O)O[C@H](C)CC(=O)O[C@H](C)CC(=O)O[C@@H](C)CC(=O)O[C@@H](C)CC(=O)O[C@H](C)CC(=O)O[C@H](C)CC(=O)O[C@@H](C)CC(=O)O[C@@H](C)CC(=O)O[C@H](C)CC(=O)O[C@H](C)CC(=O)O[C@@H](C)CC(=O)O[C@@H](C)CC(=O)O[C@H](C)CC(=O)O[C@H](C)CC(=O)O[C@@H](C)CC(=O)O[C@@H](C)CC(=O)O[C@H](C)CC(=O)O[C@H](C)CC(=O)O[C@@H](C)CC(=O)O[C@@H](C)CC(=O)O[C@H](C)CC(=O)O[C@H](C)CC(=O)O[C@@H](C)CC(=O)O[C@@H](C)CC(=O)O[C@H](C)CC(=O)O[C@H](C)CC(=O)O[C@@H](C)CC(=O)O[C@@H](C)CC(=O)O[C@H](C)CC(=O)O[C@H](C)CC(=O)O[C@@H](C)CC(=O)O[C@@H](C)CC(=O)O[C@H](C)CC(=O)O[C@H](C)CC(=O)O[C@@H](C)CC(=O)O[C@@H](C)CC(=O)O[C@H](C)CC(=O)O[C@H](C)CC(=O)O[C@@H](C)CC(=O)O[C@@H](C)CC(=O)O[C@H](C)CC(=O)O[C@H](C)CC(=O)O[C@@H](C)CC(=O)O[C@@H](C)CC(=O)O[C@H](C)CC(=O)O[C@H](C)CC(=O)O[C@@H](C)CC(=O)O[C@@H](C)CC(=O)O[C@H](C)CC(=O)O[C@H](C)CC(=O)O[C@@H](C)CC(=O)O[C@@H](C)CC(=O)O[C@H](C)CC(=O)O[C@H](C)CC(=O)O[C@@H](C)CC(=O)O[C@@H](C)CC(=O)O[C@H](C)CC(=O)O[C@H](C)CC(=O)O[C@@H](C)CC(=O)O[C@@H](C)CC(=O)O[C@H](C)CC(=O)O[C@H](C)CC(=O)O[C@@H](C)CC(=O)O[C@@H](C)CC(=O)O[C@H](C)CC(=O)O[C@H](C)CC(=O)O[C@@H](C)CC(=O)O[C@@H](C)CC(=O)O[C@H](C)CC(=O)O[C@H](C)CC(=O)O[C@@H](C)CC(=O)O[C@@H](C)CC(=O)O[C@H](C)CC(C)=O,157.0,True
CC[C@H](CC(=O)O[C@@H](CC)CC(=O)O[C@@H](CC)CC(=O)O[C@H](CC)CC(=O)O[C@H](CC)CC(=O)O[C@@H](CC)CC(=O)O[C@@H](CC)CC(=O)O[C@H](CC)CC(=O)O[C@H](CC)CC(=O)O[C@@H](CC)CC(=O)O[C@@H](CC)CC(=O)O[C@H](CC)CC(=O)O[C@H](CC)CC(=O)O[C@@H](CC)CC(=O)O[C@@H](CC)CC(=O)O[C@H](CC)CC(=O)O[C@H](CC)CC(=O)O[C@@H](CC)CC(=O)O[C@@H](CC)CC(=O)O[C@H](CC)CC(=O)O[C@H](CC)CC(=O)O[C@@H](CC)CC(=O)O[C@@H](CC)CC(=O)O[C@H](CC)CC(=O)O[C@H](CC)CC(=O)O[C@@H](CC)CC(=O)O[C@@H](CC)CC(=O)O[C@H](CC)CC(=O)O[C@H](CC)CC(=O)O[C@@H](CC)CC(=O)O[C@@H](CC)CC(=O)O[C@H](CC)CC(=O)O[C@H](CC)CC(=O)O[C@@H](CC)CC(=O)O[C@@H](CC)CC(=O)O[C@H](CC)CC(=O)O[C@H](CC)CC(=O)O[C@@H](CC)CC(=O)O[C@@H](CC)CC(=O)O[C@H](CC)CC(=O)O[C@H](CC)CC(=O)O[C@@H](CC)CC(=O)O[C@@H](CC)CC(=O)O[C@H](CC)CC(=O)O[C@H](CC)CC(=O)O[C@@H](CC)CC(=O)O[C@@H](CC)CC(=O)O[C@H](CC)CC(=O)O[C@H](CC)CC(=O)O[C@@H](CC)CC(=O)O[C@@H](CC)CC(=O)O[C@H](CC)CC(=O)O[C@H](C)CC(=O)O[C@@H](C)CC(=O)O[C@@H](C)CC(=O)O[C@H](C)CC(=O)O[C@H](CC)CC(=O)O[C@@H](CC)CC(=O)O[C@@H](CC)CC(=O)O[C@H](CC)CC(=O)O[C@H](CC)CC(=O)O[C@@H](CC)CC(=O)O[C@@H](CC)CC(=O)O[C@H](CC)CC(=O)O[C@H](CC)CC(=O)O[C@@H](CC)CC(=O)O[C@@H](CC)CC(=O)O[C@H](CC)CC(=O)O[C@H](CC)CC(=O)O[C@@H](CC)CC(=O)O[C@@H](CC)CC(=O)O[C@H](CC)CC(=O)O[C@H](CC)CC(=O)O[C@@H](CC)CC(=O)O[C@@H](C)CC(=O)O[C@H](C)CC(=O)O[C@H](CC)CC(=O)O[C@@H](CC)CC(C)=O)OC,149.0,True
CC[C@H](CC(=O)O[C@@H](CC)CC(=O)O[C@@H](CC)CC(=O)O[C@H](CC)CC(=O)O[C@H](C)CC(=O)O[C@@H](C)CC(=O)O[C@@H](CC)CC(=O)O[C@H](CC)CC(=O)O[C@H](CC)CC(=O)O[C@@H](CC)CC(=O)O[C@@H](CC)CC(=O)O[C@H](CC)CC(=O)O[C@H](CC)CC(=O)O[C@@H](CC)CC(=O)O[C@@H](CC)CC(=O)O[C@H](CC)CC(=O)O[C@H](CC)CC(=O)O[C@@H](CC)CC(=O)O[C@@H](CC)CC(=O)O[C@H](CC)CC(=O)O[C@H](CC)CC(=O)O[C@@H](CC)CC(=O)O[C@@H](CC)CC(=O)O[C@H](CC)CC(=O)O[C@H](CC)CC(=O)O[C@@H](CC)CC(=O)O[C@@H](C)CC(=O)O[C@H](C)CC(=O)O[C@H](CC)CC(=O)O[C@@H](CC)CC(=O)O[C@@H](CC)CC(=O)O[C@H](CC)CC(=O)O[C@H](CC)CC(=O)O[C@@H](CC)CC(=O)O[C@@H](CC)CC(=O)O[C@H](CC)CC(=O)O[C@H](CC)CC(=O)O[C@@H](CC)CC(=O)O[C@@H](CC)CC(=O)O[C@H](CC)CC(=O)O[C@H](CC)CC(=O)O[C@@H](CC)CC(=O)O[C@@H](CC)CC(=O)O[C@H](CC)CC(=O)O[C@H](CC)CC(=O)O[C@@H](CC)CC(=O)O[C@@H](CC)CC(=O)O[C@H](CC)CC(=O)O[C@H](CC)CC(=O)O[C@@H](CC)CC(=O)O[C@@H](CC)CC(=O)O[C@H](CC)CC(=O)O[C@H](C)CC(=O)O[C@@H](C)CC(=O)O[C@@H](C)CC(=O)O[C@H](C)CC(=O)O[C@H](CC)CC(=O)O[C@@H](CC)CC(=O)O[C@@H](CC)CC(=O)O[C@H](CC)CC(=O)O[C@H](CC)CC(=O)O[C@@H](CC)CC(=O)O[C@@H](CC)CC(=O)O[C@H](CC)CC(=O)O[C@H](CC)CC(=O)O[C@@H](CC)CC(=O)O[C@@H](CC)CC(=O)O[C@H](CC)CC(=O)O[C@H](CC)CC(=O)O[C@@H](CC)CC(=O)O[C@@H](CC)CC(=O)O[C@H](CC)CC(=O)O[C@H](CC)CC(=O)O[C@@H](CC)CC(=O)O[C@@H](C)CC(=O)O[C@H](C)CC(=O)O[C@H](CC)CC(=O)O[C@@H](CC)CC(C)=O)OC,144.0,True
CC[C@H](CC(=O)O[C@@H](CC)CC(=O)O[C@@H](CC)CC(=O)O[C@H](CC)CC(=O)O[C@H](C)CC(=O)O[C@@H](C)CC(=O)O[C@@H](CC)CC(=O)O[C@H](CC)CC(=O)O[C@H](CC)CC(=O)O[C@@H](CC)CC(=O)O[C@@H](CC)CC(=O)O[C@H](CC)CC(=O)O[C@H](CC)CC(=O)O[C@@H](CC)CC(=O)O[C@@H](CC)CC(=O)O[C@H](CC)CC(=O)O[C@H](CC)CC(=O)O[C@@H](CC)CC(=O)O[C@@H](CC)CC(=O)O[C@H](CC)CC(=O)O[C@H](CC)CC(=O)O[C@@H](CC)CC(=O)O[C@@H](CC)CC(=O)O[C@H](CC)CC(=O)O[C@H](CC)CC(=O)O[C@@H](CC)CC(=O)O[C@@H](C)CC(=O)O[C@H](C)CC(=O)O[C@H](CC)CC(=O)O[C@@H](CC)CC(=O)O[C@@H](CC)CC(=O)O[C@H](CC)CC(=O)O[C@H](CC)CC(=O)O[C@@H](CC)CC(=O)O[C@@H](CC)CC(=O)O[C@H](CC)CC(=O)O[C@H](CC)CC(=O)O[C@@H](CC)CC(=O)O[C@@H](CC)CC(=O)O[C@H](CC)CC(=O)O[C@H](CC)CC(=O)O[C@@H](CC)CC(=O)O[C@@H](CC)CC(=O)O[C@H](CC)CC(=O)O[C@H](CC)CC(=O)O[C@@H](CC)CC(=O)O[C@@H](CC)CC(=O)O[C@H](CC)CC(=O)O[C@H](CC)CC(=O)O[C@@H](CC)CC(=O)O[C@@H](CC)CC(=O)O[C@H](CC)CC(=O)O[C@H](C)CC(=O)O[C@@H](C)CC(=O)O[C@@H](C)CC(=O)O[C@H](C)CC(=O)O[C@H](CC)CC(=O)O[C@@H](CC)CC(=O)O[C@@H](CC)CC(=O)O[C@H](CC)CC(=O)O[C@H](CC)CC(=O)O[C@@H](CC)CC(=O)O[C@@H](C)CC(=O)O[C@H](C)CC(=O)O[C@H](C)CC(=O)O[C@@H](C)CC(=O)O[C@@H](CC)CC(=O)O[C@H](CC)CC(=O)O[C@H](CC)CC(=O)O[C@@H](CC)CC(=O)O[C@@H](CC)CC(=O)O[C@H](CC)CC(=O)O[C@H](CC)CC(=O)O[C@@H](CC)CC(=O)O[C@@H](C)CC(=O)O[C@H](C)CC(=O)O[C@H](CC)CC(=O)O[C@@H](CC)CC(C)=O)OC,138.0,True
CC[C@H](CC(=O)O[C@@H](CC)CC(=O)O[C@@H](CC)CC(=O)O[C@H](CC)CC(=O)O[C@H](C)CC(=O)O[C@@H](C)CC(=O)O[C@@H](CC)CC(=O)O[C@H](CC)CC(=O)O[C@H](CC)CC(=O)O[C@@H](CC)CC(=O)O[C@@H](CC)CC(=O)O[C@H](CC)CC(=O)O[C@H](CC)CC(=O)O[C@@H](CC)CC(=O)O[C@@H](CC)CC(=O)O[C@H](CC)CC(=O)O[C@H](CC)CC(=O)O[C@@H](CC)CC(=O)O[C@@H](CC)CC(=O)O[C@H](CC)CC(=O)O[C@H](CC)CC(=O)O[C@@H](CC)CC(=O)O[C@@H](CC)CC(=O)O[C@H](CC)CC(=O)O[C@H](CC)CC(=O)O[C@@H](CC)CC(=O)O[C@@H](C)CC(=O)O[C@H](C)CC(=O)O[C@H](CC)CC(=O)O[C@@H](CC)CC(=O)O[C@@H](CC)CC(=O)O[C@H](CC)CC(=O)O[C@H](CC)CC(=O)O[C@@H](CC)CC(=O)O[C@@H](CC)CC(=O)O[C@H](CC)CC(=O)O[C@H](CC)CC(=O)O[C@@H](CC)CC(=O)O[C@@H](CC)CC(=O)O[C@H](CC)CC(=O)O[C@H](CC)CC(=O)O[C@@H](CC)CC(=O)O[C@@H](CC)CC(=O)O[C@H](CC)CC(=O)O[C@H](CC)CC(=O)O[C@@H](CC)CC(=O)O[C@@H](CC)CC(=O)O[C@H](CC)CC(=O)O[C@H](CC)CC(=O)O[C@@H](CC)CC(=O)O[C@@H](CC)CC(=O)O[C@H](CC)CC(=O)O[C@H](C)CC(=O)O[C@@H](C)CC(=O)O[C@@H](C)CC(=O)O[C@H](C)CC(=O)O[C@H](CC)CC(=O)O[C@@H](CC)CC(=O)O[C@@H](CC)CC(=O)O[C@H](CC)CC(=O)O[C@H](CC)CC(=O)O[C@@H](CC)CC(=O)O[C@@H](C)CC(=O)O[C@H](C)CC(=O)O[C@H](C)CC(=O)O[C@@H](C)CC(=O)O[C@@H](C)CC(=O)O[C@H](C)CC(=O)O[C@H](CC)CC(=O)O[C@@H](CC)CC(=O)O[C@@H](CC)CC(=O)O[C@H](CC)CC(=O)O[C@H](CC)CC(=O)O[C@@H](CC)CC(=O)O[C@@H](C)CC(=O)O[C@H](C)CC(=O)O[C@H](C)CC(=O)O[C@@H](C)CC(C)=O)OC,128.0,True
CC[C@H](CC(=O)O[C@@H](CC)CC(=O)O[C@@H](CC)CC(=O)O[C@H](CC)CC(=O)O[C@H](CC)CC(=O)O[C@@H](CC)CC(=O)O[C@@H](CC)CC(=O)O[C@H](CC)CC(=O)O[C@H](CC)CC(=O)O[C@@H](CC)CC(=O)O[C@@H](CC)CC(=O)O[C@H](CC)CC(=O)O[C@H](CC)CC(=O)O[C@@H](CC)CC(=O)O[C@@H](CC)CC(=O)O[C@H](CC)CC(=O)O[C@H](CC)CC(=O)O[C@@H](CC)CC(=O)O[C@@H](CC)CC(=O)O[C@H](CC)CC(=O)O[C@H](CC)CC(=O)O[C@@H](CC)CC(=O)O[C@@H](CC)CC(=O)O[C@H](CC)CC(=O)O[C@H](CC)CC(=O)O[C@@H](CC)CC(=O)O[C@@H](CC)CC(=O)O[C@H](CC)CC(=O)O[C@H](CC)CC(=O)O[C@@H](CC)CC(=O)O[C@@H](CC)CC(=O)O[C@H](CC)CC(=O)O[C@H](CC)CC(=O)O[C@@H](CC)CC(=O)O[C@@H](CC)CC(=O)O[C@H](CC)CC(=O)O[C@H](CC)CC(=O)O[C@@H](CC)CC(=O)O[C@@H](CC)CC(=O)O[C@H](CC)CC(=O)O[C@H](CC)CC(=O)O[C@@H](CC)CC(=O)O[C@@H](CC)CC(=O)O[C@H](CC)CC(=O)O[C@H](CC)CC(=O)O[C@@H](CC)CC(=O)O[C@@H](CC)CC(=O)O[C@H](CC)CC(=O)O[C@H](CC)CC(=O)O[C@@H](CC)CC(=O)O[C@@H](CC)CC(=O)O[C@H](CC)CC(=O)O[C@H](CC)CC(=O)O[C@@H](CC)CC(=O)O[C@@H](C)CC(=O)O[C@H](C)CC(=O)O[C@H](CC)CC(=O)O[C@@H](CC)CC(=O)O[C@@H](CC)CC(=O)O[C@H](CC)CC(=O)O[C@H](CC)CC(=O)O[C@@H](CC)CC(=O)O[C@@H](CC)CC(=O)O[C@H](CC)CC(=O)O[C@H](CC)CC(=O)O[C@@H](CC)CC(=O)O[C@@H](CC)CC(=O)O[C@H](CC)CC(=O)O[C@H](CC)CC(=O)O[C@@H](CC)CC(=O)O[C@@H](CC)CC(=O)O[C@H](CC)CC(=O)O[C@H](CC)CC(=O)O[C@@H](CC)CC(=O)O[C@@H](CC)CC(=O)O[C@H](CC)CC(=O)O[C@H](CC)CC(=O)O[C@@H](CC)CC(C)=O)OC,150.0,True
CC[C@H](CC(=O)O[C@@H](CC)CC(=O)O[C@@H](CC)CC(=O)O[C@H](CC)CC(=O)O[C@H](CC)CC(=O)O[C@@H](CC)CC(=O)O[C@@H](CC)CC(=O)O[C@H](CC)CC(=O)O[C@H](CC)CC(=O)O[C@@H](CC)CC(=O)O[C@@H](CC)CC(=O)O[C@H](CC)CC(=O)O[C@H](CC)CC(=O)O[C@@H](CC)CC(=O)O[C@@H](CC)CC(=O)O[C@H](CC)CC(=O)O[C@H](CC)CC(=O)O[C@@H](CC)CC(=O)O[C@@H](CC)CC(=O)O[C@H](CC)CC(=O)O[C@H](CC)CC(=O)O[C@@H](CC)CC(=O)O[C@@H](CC)CC(=O)O[C@H](CC)CC(=O)O[C@H](CC)CC(=O)O[C@@H](CC)CC(=O)O[C@@H](CC)CC(=O)O[C@H](CC)CC(=O)O[C@H](CC)CC(=O)O[C@@H](CC)CC(=O)O[C@@H](CC)CC(=O)O[C@H](CC)CC(=O)O[C@H](CC)CC(=O)O[C@@H](CC)CC(=O)O[C@@H](CC)CC(=O)O[C@H](CC)CC(=O)O[C@H](CC)CC(=O)O[C@@H](CC)CC(=O)O[C@@H](CC)CC(=O)O[C@H](CC)CC(=O)O[C@H](CC)CC(=O)O[C@@H](CC)CC(=O)O[C@@H](CC)CC(=O)O[C@H](CC)CC(=O)O[C@H](CC)CC(=O)O[C@@H](CC)CC(=O)O[C@@H](CC)CC(=O)O[C@H](CC)CC(=O)O[C@H](CC)CC(=O)O[C@@H](CC)CC(=O)O[C@@H](CC)CC(=O)O[C@H](CC)CC(=O)O[C@H](CC)CC(=O)O[C@@H](CC)CC(=O)O[C@@H](C)CC(=O)O[C@H](C)CC(=O)O[C@H](CC)CC(=O)O[C@@H](CC)CC(=O)O[C@@H](CC)CC(=O)O[C@H](CC)CC(=O)O[C@H](CC)CC(=O)O[C@@H](CC)CC(=O)O[C@@H](CC)CC(=O)O[C@H](CC)CC(=O)O[C@H](CC)CC(=O)O[C@@H](CC)CC(=O)O[C@@H](CC)CC(=O)O[C@H](CC)CC(=O)O[C@H](CC)CC(=O)O[C@@H](CC)CC(=O)O[C@@H](CC)CC(=O)O[C@H](CC)CC(=O)O[C@H](CC)CC(=O)O[C@@H](CC)CC(=O)O[C@@H](C)CC(=O)O[C@H](C)CC(=O)O[C@H](CC)CC(=O)O[C@@H](CC)CC(C)=O)OC,149.0,True
CC[C@H](CC(=O)O[C@@H](CC)CC(=O)O[C@@H](CC)CC(=O)O[C@H](CC)CC(=O)O[C@H](CC)CC(=O)O[C@@H](CC)CC(=O)O[C@@H](CC)CC(=O)O[C@H](CC)CC(=O)O[C@H](CC)CC(=O)O[C@@H](CC)CC(=O)O[C@@H](CC)CC(=O)O[C@H](CC)CC(=O)O[C@H](CC)CC(=O)O[C@@H](CC)CC(=O)O[C@@H](CC)CC(=O)O[C@H](CC)CC(=O)O[C@H](CC)CC(=O)O[C@@H](CC)CC(=O)O[C@@H](CC)CC(=O)O[C@H](CC)CC(=O)O[C@H](CC)CC(=O)O[C@@H](CC)CC(=O)O[C@@H](CC)CC(=O)O[C@H](CC)CC(=O)O[C@H](CC)CC(=O)O[C@@H](CC)CC(=O)O[C@@H](CC)CC(=O)O[C@H](CC)CC(=O)O[C@H](CC)CC(=O)O[C@@H](CC)CC(=O)O[C@@H](CC)CC(=O)O[C@H](CC)CC(=O)O[C@H](CC)CC(=O)O[C@@H](CC)CC(=O)O[C@@H](CC)CC(=O)O[C@H](CC)CC(=O)O[C@H](CC)CC(=O)O[C@@H](CC)CC(=O)O[C@@H](CC)CC(=O)O[C@H](CC)CC(=O)O[C@H](CC)CC(=O)O[C@@H](CC)CC(=O)O[C@@H](CC)CC(=O)O[C@H](CC)CC(=O)O[C@H](CC)CC(=O)O[C@@H](CC)CC(=O)O[C@@H](CC)CC(=O)O[C@H](CC)CC(=O)O[C@H](CC)CC(=O)O[C@@H](CC)CC(=O)O[C@@H](CC)CC(=O)O[C@H](CC)CC(=O)O[C@H](CC)CC(=O)O[C@@H](CC)CC(=O)O[C@@H](C)CC(=O)O[C@H](C)CC(=O)O[C@H](CC)CC(=O)O[C@@H](CC)CC(=O)O[C@@H](CC)CC(=O)O[C@H](CC)CC(=O)O[C@H](CC)CC(=O)O[C@@H](CC)CC(=O)O[C@@H](CC)CC(=O)O[C@H](CC)CC(=O)O[C@H](CC)CC(=O)O[C@@H](CC)CC(=O)O[C@@H](CC)CC(=O)O[C@H](CC)CC(=O)O[C@H](CC)CC(=O)O[C@@H](CC)CC(=O)O[C@@H](CC)CC(=O)O[C@H](CC)CC(=O)O[C@H](CC)CC(=O)O[C@@H](CC)CC(=O)O[C@@H](C)CC(=O)O[C@H](C)CC(=O)O[C@H](CC)CC(=O)O[C@@H](CC)CC(C)=O)OC,144.0,True
CC[C@H](CC(=O)O[C@@H](CC)CC(=O)O[C@@H](CC)CC(=O)O[C@H](CC)CC(=O)O[C@H](C)CC(=O)O[C@@H](C)CC(=O)O[C@@H](CC)CC(=O)O[C@H](CC)CC(=O)O[C@H](CC)CC(=O)O[C@@H](CC)CC(=O)O[C@@H](CC)CC(=O)O[C@H](CC)CC(=O)O[C@H](CC)CC(=O)O[C@@H](CC)CC(=O)O[C@@H](CC)CC(=O)O[C@H](CC)CC(=O)O[C@H](CC)CC(=O)O[C@@H](CC)CC(=O)O[C@@H](CC)CC(=O)O[C@H](CC)CC(=O)O[C@H](CC)CC(=O)O[C@@H](CC)CC(=O)O[C@@H](CC)CC(=O)O[C@H](CC)CC(=O)O[C@H](CC)CC(=O)O[C@@H](CC)CC(=O)O[C@@H](CC)CC(=O)O[C@H](CC)CC(=O)O[C@H](CC)CC(=O)O[C@@H](CC)CC(=O)O[C@@H](CC)CC(=O)O[C@H](CC)CC(=O)O[C@H](CC)CC(=O)O[C@@H](CC)CC(=O)O[C@@H](CC)CC(=O)O[C@H](CC)CC(=O)O[C@H](CC)CC(=O)O[C@@H](CC)CC(=O)O[C@@H](CC)CC(=O)O[C@H](CC)CC(=O)O[C@H](CC)CC(=O)O[C@@H](CC)CC(=O)O[C@@H](CC)CC(=O)O[C@H](CC)CC(=O)O[C@H](CC)CC(=O)O[C@@H](CC)CC(=O)O[C@@H](CC)CC(=O)O[C@H](CC)CC(=O)O[C@H](CC)CC(=O)O[C@@H](CC)CC(=O)O[C@@H](CC)CC(=O)O[C@H](CC)CC(=O)O[C@H](C)CC(=O)O[C@@H](C)CC(=O)O[C@@H](C)CC(=O)O[C@H](C)CC(=O)O[C@H](CC)CC(=O)O[C@@H](CC)CC(=O)O[C@@H](CC)CC(=O)O[C@H](CC)CC(=O)O[C@H](CC)CC(=O)O[C@@H](CC)CC(=O)O[C@@H](CC)CC(=O)O[C@H](CC)CC(=O)O[C@H](CC)CC(=O)O[C@@H](CC)CC(=O)O[C@@H](CC)CC(=O)O[C@H](CC)CC(=O)O[C@H](CC)CC(=O)O[C@@H](CC)CC(=O)O[C@@H](CC)CC(=O)O[C@H](CC)CC(=O)O[C@H](CC)CC(=O)O[C@@H](CC)CC(=O)O[C@@H](C)CC(=O)O[C@H](C)CC(=O)O[C@H](CC)CC(=O)O[C@@H](CC)CC(C)=O)OC,143.0,True
CC[C@H](CC(=O)O[C@@H](CC)CC(=O)O[C@@H](CC)CC(=O)O[C@H](CC)CC(=O)O[C@H](C)CC(=O)O[C@@H](C)CC(=O)O[C@@H](CC)CC(=O)O[C@H](CC)CC(=O)O[C@H](CC)CC(=O)O[C@@H](CC)CC(=O)O[C@@H](CC)CC(=O)O[C@H](CC)CC(=O)O[C@H](CC)CC(=O)O[C@@H](CC)CC(=O)O[C@@H](CC)CC(=O)O[C@H](CC)CC(=O)O[C@H](CC)CC(=O)O[C@@H](CC)CC(=O)O[C@@H](CC)CC(=O)O[C@H](CC)CC(=O)O[C@H](CC)CC(=O)O[C@@H](CC)CC(=O)O[C@@H](CC)CC(=O)O[C@H](CC)CC(=O)O[C@H](CC)CC(=O)O[C@@H](CC)CC(=O)O[C@@H](CC)CC(=O)O[C@H](CC)CC(=O)O[C@H](CC)CC(=O)O[C@@H](CC)CC(=O)O[C@@H](CC)CC(=O)O[C@H](CC)CC(=O)O[C@H](CC)CC(=O)O[C@@H](CC)CC(=O)O[C@@H](CC)CC(=O)O[C@H](CC)CC(=O)O[C@H](CC)CC(=O)O[C@@H](CC)CC(=O)O[C@@H](CC)CC(=O)O[C@H](CC)CC(=O)O[C@H](CC)CC(=O)O[C@@H](CC)CC(=O)O[C@@H](CC)CC(=O)O[C@H](CC)CC(=O)O[C@H](CC)CC(=O)O[C@@H](CC)CC(=O)O[C@@H](CC)CC(=O)O[C@H](CC)CC(=O)O[C@H](CC)CC(=O)O[C@@H](CC)CC(=O)O[C@@H](CC)CC(=O)O[C@H](CC)CC(=O)O[C@H](C)CC(=O)O[C@@H](C)CC(=O)O[C@@H](C)CC(=O)O[C@H](C)CC(=O)O[C@H](CC)CC(=O)O[C@@H](CC)CC(=O)O[C@@H](CC)CC(=O)O[C@H](CC)CC(=O)O[C@H](CC)CC(=O)O[C@@H](CC)CC(=O)O[C@@H](CC)CC(=O)O[C@H](CC)CC(=O)O[C@H](CC)CC(=O)O[C@@H](CC)CC(=O)O[C@@H](CC)CC(=O)O[C@H](CC)CC(=O)O[C@H](CC)CC(=O)O[C@@H](CC)CC(=O)O[C@@H](CC)CC(=O)O[C@H](CC)CC(=O)O[C@H](CC)CC(=O)O[C@@H](CC)CC(=O)O[C@@H](C)CC(=O)O[C@H](C)CC(=O)O[C@H](CC)CC(=O)O[C@@H](CC)CC(C)=O)OC,138.0,True
CC[C@H](CC(=O)O[C@@H](CC)CC(=O)O[C@@H](CC)CC(=O)O[C@H](CC)CC(=O)O[C@H](C)CC(=O)O[C@@H](C)CC(=O)O[C@@H](CC)CC(=O)O[C@H](CC)CC(=O)O[C@H](CC)CC(=O)O[C@@H](CC)CC(=O)O[C@@H](CC)CC(=O)O[C@H](CC)CC(=O)O[C@H](CC)CC(=O)O[C@@H](CC)CC(=O)O[C@@H](CC)CC(=O)O[C@H](CC)CC(=O)O[C@H](CC)CC(=O)O[C@@H](CC)CC(=O)O[C@@H](CC)CC(=O)O[C@H](CC)CC(=O)O[C@H](CC)CC(=O)O[C@@H](CC)CC(=O)O[C@@H](CC)CC(=O)O[C@H](CC)CC(=O)O[C@H](CC)CC(=O)O[C@@H](CC)CC(=O)O[C@@H](C)CC(=O)O[C@H](C)CC(=O)O[C@H](CC)CC(=O)O[C@@H](CC)CC(=O)O[C@@H](CC)CC(=O)O[C@H](CC)CC(=O)O[C@H](CC)CC(=O)O[C@@H](CC)CC(=O)O[C@@H](CC)CC(=O)O[C@H](CC)CC(=O)O[C@H](CC)CC(=O)O[C@@H](CC)CC(=O)O[C@@H](CC)CC(=O)O[C@H](CC)CC(=O)O[C@H](CC)CC(=O)O[C@@H](CC)CC(=O)O[C@@H](CC)CC(=O)O[C@H](CC)CC(=O)O[C@H](CC)CC(=O)O[C@@H](CC)CC(=O)O[C@@H](CC)CC(=O)O[C@H](CC)CC(=O)O[C@H](CC)CC(=O)O[C@@H](CC)CC(=O)O[C@@H](CC)CC(=O)O[C@H](CC)CC(=O)O[C@H](C)CC(=O)O[C@@H](C)CC(=O)O[C@@H](C)CC(=O)O[C@H](C)CC(=O)O[C@H](CC)CC(=O)O[C@@H](CC)CC(=O)O[C@@H](CC)CC(=O)O[C@H](CC)CC(=O)O[C@H](CC)CC(=O)O[C@@H](CC)CC(=O)O[C@@H](C)CC(=O)O[C@H](C)CC(=O)O[C@H](CC)CC(=O)O[C@@H](CC)CC(=O)O[C@@H](CC)CC(=O)O[C@H](CC)CC(=O)O[C@H](CC)CC(=O)O[C@@H](CC)CC(=O)O[C@@H](CC)CC(=O)O[C@H](CC)CC(=O)O[C@H](CC)CC(=O)O[C@@H](CC)CC(=O)O[C@@H](C)CC(=O)O[C@H](C)CC(=O)O[C@H](CC)CC(=O)O[C@@H](CC)CC(C)=O)OC,138.0,True
CC[C@H](CC(=O)O[C@@H](CC)CC(=O)O[C@@H](CC)CC(=O)O[C@H](CC)CC(=O)O[C@H](C)CC(=O)O[C@@H](C)CC(=O)O[C@@H](CC)CC(=O)O[C@H](CC)CC(=O)O[C@H](CC)CC(=O)O[C@@H](CC)CC(=O)O[C@@H](CC)CC(=O)O[C@H](CC)CC(=O)O[C@H](CC)CC(=O)O[C@@H](CC)CC(=O)O[C@@H](CC)CC(=O)O[C@H](CC)CC(=O)O[C@H](CC)CC(=O)O[C@@H](CC)CC(=O)O[C@@H](CC)CC(=O)O[C@H](CC)CC(=O)O[C@H](CC)CC(=O)O[C@@H](CC)CC(=O)O[C@@H](CC)CC(=O)O[C@H](CC)CC(=O)O[C@H](CC)CC(=O)O[C@@H](CC)CC(=O)O[C@@H](C)CC(=O)O[C@H](C)CC(=O)O[C@H](CC)CC(=O)O[C@@H](CC)CC(=O)O[C@@H](CC)CC(=O)O[C@H](CC)CC(=O)O[C@H](CC)CC(=O)O[C@@H](CC)CC(=O)O[C@@H](CC)CC(=O)O[C@H](CC)CC(=O)O[C@H](CC)CC(=O)O[C@@H](CC)CC(=O)O[C@@H](CC)CC(=O)O[C@H](CC)CC(=O)O[C@H](CC)CC(=O)O[C@@H](CC)CC(=O)O[C@@H](CC)CC(=O)O[C@H](CC)CC(=O)O[C@H](CC)CC(=O)O[C@@H](CC)CC(=O)O[C@@H](CC)CC(=O)O[C@H](CC)CC(=O)O[C@H](CC)CC(=O)O[C@@H](CC)CC(=O)O[C@@H](CC)CC(=O)O[C@H](CC)CC(=O)O[C@H](C)CC(=O)O[C@@H](C)CC(=O)O[C@@H](C)CC(=O)O[C@H](C)CC(=O)O[C@H](CC)CC(=O)O[C@@H](CC)CC(=O)O[C@@H](CC)CC(=O)O[C@H](CC)CC(=O)O[C@H](CC)CC(=O)O[C@@H](CC)CC(=O)O[C@@H](C)CC(=O)O[C@H](C)CC(=O)O[C@H](CC)CC(=O)O[C@@H](CC)CC(=O)O[C@@H](CC)CC(=O)O[C@H](CC)CC(=O)O[C@H](CC)CC(=O)O[C@@H](CC)CC(=O)O[C@@H](CC)CC(=O)O[C@H](CC)CC(=O)O[C@H](CC)CC(=O)O[C@@H](CC)CC(=O)O[C@@H](C)CC(=O)O[C@H](C)CC(=O)O[C@H](CC)CC(=O)O[C@@H](CC)CC(C)=O)OC,131.0,True
CC[C@H](CC(=O)O[C@@H](CC)CC(=O)O[C@@H](CC)CC(=O)O[C@H](CC)CC(=O)O[C@H](C)CC(=O)O[C@@H](C)CC(=O)O[C@@H](CC)CC(=O)O[C@H](CC)CC(=O)O[C@H](CC)CC(=O)O[C@@H](CC)CC(=O)O[C@@H](CC)CC(=O)O[C@H](CC)CC(=O)O[C@H](CC)CC(=O)O[C@@H](CC)CC(=O)O[C@@H](CC)CC(=O)O[C@H](CC)CC(=O)O[C@H](CC)CC(=O)O[C@@H](CC)CC(=O)O[C@@H](CC)CC(=O)O[C@H](CC)CC(=O)O[C@H](CC)CC(=O)O[C@@H](CC)CC(=O)O[C@@H](CC)CC(=O)O[C@H](CC)CC(=O)O[C@H](CC)CC(=O)O[C@@H](CC)CC(=O)O[C@@H](C)CC(=O)O[C@H](C)CC(=O)O[C@H](CC)CC(=O)O[C@@H](CC)CC(=O)O[C@@H](CC)CC(=O)O[C@H](CC)CC(=O)O[C@H](CC)CC(=O)O[C@@H](CC)CC(=O)O[C@@H](CC)CC(=O)O[C@H](CC)CC(=O)O[C@H](CC)CC(=O)O[C@@H](CC)CC(=O)O[C@@H](CC)CC(=O)O[C@H](CC)CC(=O)O[C@H](CC)CC(=O)O[C@@H](CC)CC(=O)O[C@@H](CC)CC(=O)O[C@H](CC)CC(=O)O[C@H](CC)CC(=O)O[C@@H](CC)CC(=O)O[C@@H](CC)CC(=O)O[C@H](CC)CC(=O)O[C@H](CC)CC(=O)O[C@@H](CC)CC(=O)O[C@@H](CC)CC(=O)O[C@H](CC)CC(=O)O[C@H](C)CC(=O)O[C@@H](C)CC(=O)O[C@@H](C)CC(=O)O[C@H](C)CC(=O)O[C@H](CC)CC(=O)O[C@@H](CC)CC(=O)O[C@@H](CC)CC(=O)O[C@H](CC)CC(=O)O[C@H](CC)CC(=O)O[C@@H](CC)CC(=O)O[C@@H](C)CC(=O)O[C@H](C)CC(=O)O[C@H](C)CC(=O)O[C@@H](C)CC(=O)O[C@@H](CC)CC(=O)O[C@H](CC)CC(=O)O[C@H](CC)CC(=O)O[C@@H](CC)CC(=O)O[C@@H](CC)CC(=O)O[C@H](CC)CC(=O)O[C@H](CC)CC(=O)O[C@@H](CC)CC(=O)O[C@@H](C)CC(=O)O[C@H](C)CC(=O)O[C@H](C)CC(=O)O[C@@H](C)CC(C)=O)OC,130.0,True
CC[C@H](CC(=O)O[C@@H](CC)CC(=O)O[C@@H](CC)CC(=O)O[C@H](CC)CC(=O)O[C@H](C)CC(=O)O[C@@H](C)CC(=O)O[C@@H](CC)CC(=O)O[C@H](CC)CC(=O)O[C@H](CC)CC(=O)O[C@@H](CC)CC(=O)O[C@@H](CC)CC(=O)O[C@H](CC)CC(=O)O[C@H](CC)CC(=O)O[C@@H](CC)CC(=O)O[C@@H](CC)CC(=O)O[C@H](CC)CC(=O)O[C@H](CC)CC(=O)O[C@@H](CC)CC(=O)O[C@@H](CC)CC(=O)O[C@H](CC)CC(=O)O[C@H](CC)CC(=O)O[C@@H](CC)CC(=O)O[C@@H](CC)CC(=O)O[C@H](CC)CC(=O)O[C@H](CC)CC(=O)O[C@@H](CC)CC(=O)O[C@@H](C)CC(=O)O[C@H](C)CC(=O)O[C@H](C)CC(=O)O[C@@H](C)CC(=O)O[C@@H](CC)CC(=O)O[C@H](CC)CC(=O)O[C@H](CC)CC(=O)O[C@@H](CC)CC(=O)O[C@@H](CC)CC(=O)O[C@H](CC)CC(=O)O[C@H](CC)CC(=O)O[C@@H](CC)CC(=O)O[C@@H](CC)CC(=O)O[C@H](CC)CC(=O)O[C@H](CC)CC(=O)O[C@@H](CC)CC(=O)O[C@@H](CC)CC(=O)O[C@H](CC)CC(=O)O[C@H](CC)CC(=O)O[C@@H](CC)CC(=O)O[C@@H](CC)CC(=O)O[C@H](CC)CC(=O)O[C@H](CC)CC(=O)O[C@@H](CC)CC(=O)O[C@@H](CC)CC(=O)O[C@H](CC)CC(=O)O[C@H](C)CC(=O)O[C@@H](C)CC(=O)O[C@@H](C)CC(=O)O[C@H](C)CC(=O)O[C@H](CC)CC(=O)O[C@@H](CC)CC(=O)O[C@@H](CC)CC(=O)O[C@H](CC)CC(=O)O[C@H](CC)CC(=O)O[C@@H](CC)CC(=O)O[C@@H](C)CC(=O)O[C@H](C)CC(=O)O[C@H](C)CC(=O)O[C@@H](C)CC(=O)O[C@@H](C)CC(=O)O[C@H](C)CC(=O)O[C@H](CC)CC(=O)O[C@@H](CC)CC(=O)O[C@@H](CC)CC(=O)O[C@H](CC)CC(=O)O[C@H](CC)CC(=O)O[C@@H](CC)CC(=O)O[C@@H](C)CC(=O)O[C@H](C)CC(=O)O[C@H](C)CC(=O)O[C@@H](C)CC(C)=O)OC,114.0,True
CC[C@@H](CC(=O)O[C@H](CC)CC(=O)O[C@H](C)CC(=O)O[C@@H](C)CC(=O)O[C@@H](CC)CC(=O)O[C@H](CC)CC(=O)O[C@H](CC)CC(=O)O[C@@H](CC)CC(=O)O[C@@H](CC)CC(=O)O[C@H](CC)CC(=O)O[C@H](CC)CC(=O)O[C@@H](CC)CC(=O)O[C@@H](CC)CC(=O)O[C@H](CC)CC(=O)O[C@H](CC)CC(=O)O[C@@H](CC)CC(=O)O[C@@H](C)CC(=O)O[C@H](C)CC(=O)O[C@H](CC)CC(=O)O[C@@H](CC)CC(=O)O[C@@H](CC)CC(=O)O[C@H](CC)CC(=O)O[C@H](CC)CC(=O)O[C@@H](CC)CC(=O)O[C@@H](CC)CC(=O)O[C@H](CC)CC(=O)O[C@H](CC)CC(=O)O[C@@H](CC)CC(=O)O[C@@H](CC)CC(=O)O[C@H](CC)CC(=O)O[C@H](CC)CC(=O)O[C@@H](CC)CC(=O)O[C@@H](CC)CC(=O)O[C@H](CC)CC(=O)O[C@H](CC)CC(=O)O[C@@H](CC)CC(=O)O[C@@H](CC)CC(=O)O[C@H](CC)CC(=O)O[C@H](CC)CC(=O)O[C@@H](CC)CC(=O)O[C@@H](CC)CC(=O)O[C@H](CC)CC(=O)O[C@H](CC)CC(=O)O[C@@H](CC)CC(=O)O[C@@H](CC)CC(=O)O[C@H](CC)CC(=O)O[C@H](CC)CC(=O)O[C@@H](CC)CC(=O)O[C@@H](CC)CC(=O)O[C@H](CC)CC(=O)O[C@H](CC)CC(=O)O[C@@H](CC)CC(=O)O[C@@H](CC)CC(=O)O[C@H](CC)CC(=O)O[C@H](CC)CC(=O)O[C@@H](CC)CC(=O)O[C@@H](C)CC(=O)O[C@H](C)CC(=O)O[C@H](C)CC(=O)O[C@@H](C)CC(=O)O[C@@H](CC)CC(=O)O[C@H](CC)CC(=O)O[C@H](CC)CC(=O)O[C@@H](CC)CC(=O)O[C@@H](C)CC(=O)O[C@H](C)CC(=O)O[C@H](CC)CC(=O)O[C@@H](CC)CC(=O)O[C@@H](CC)CC(=O)O[C@H](CC)CC(=O)O[C@H](CC)CC(=O)O[C@@H](CC)CC(=O)O[C@@H](CC)CC(=O)O[C@H](CC)CC(=O)O[C@H](CC)CC(=O)O[C@@H](CC)CC(=O)O[C@@H](C)CC(=O)O[C@H](C)CC(=O)O[C@H](CC)CC(=O)O[C@@H](CC)CC(C)=O)OC,137.0,True
CC[C@H](CC(=O)O[C@@H](CC)CC(=O)O[C@@H](CC)CC(=O)O[C@H](CC)CC(=O)O[C@H](C)CC(=O)O[C@@H](C)CC(=O)O[C@@H](CC)CC(=O)O[C@H](CC)CC(=O)O[C@H](CC)CC(=O)O[C@@H](CC)CC(=O)O[C@@H](CC)CC(=O)O[C@H](CC)CC(=O)O[C@H](CC)CC(=O)O[C@@H](CC)CC(=O)O[C@@H](CC)CC(=O)O[C@H](CC)CC(=O)O[C@H](CC)CC(=O)O[C@@H](CC)CC(=O)O[C@@H](CC)CC(=O)O[C@H](CC)CC(=O)O[C@H](CC)CC(=O)O[C@@H](CC)CC(=O)O[C@@H](CC)CC(=O)O[C@H](CC)CC(=O)O[C@H](CC)CC(=O)O[C@@H](CC)CC(=O)O[C@@H](C)CC(=O)O[C@H](C)CC(=O)O[C@H](CC)CC(=O)O[C@@H](CC)CC(=O)O[C@@H](CC)CC(=O)O[C@H](CC)CC(=O)O[C@H](CC)CC(=O)O[C@@H](CC)CC(=O)O[C@@H](CC)CC(=O)O[C@H](CC)CC(=O)O[C@H](CC)CC(=O)O[C@@H](CC)CC(=O)O[C@@H](CC)CC(=O)O[C@H](CC)CC(=O)O[C@H](CC)CC(=O)O[C@@H](CC)CC(=O)O[C@@H](CC)CC(=O)O[C@H](CC)CC(=O)O[C@H](CC)CC(=O)O[C@@H](CC)CC(=O)O[C@@H](CC)CC(=O)O[C@H](CC)CC(=O)O[C@H](CC)CC(=O)O[C@@H](CC)CC(=O)O[C@@H](CC)CC(=O)O[C@H](CC)CC(=O)O[C@H](C)CC(=O)O[C@@H](C)CC(=O)O[C@@H](C)CC(=O)O[C@H](C)CC(=O)O[C@H](CC)CC(=O)O[C@@H](CC)CC(=O)O[C@@H](CC)CC(=O)O[C@H](CC)CC(=O)O[C@H](CC)CC(=O)O[C@@H](CC)CC(=O)O[C@@H](C)CC(=O)O[C@H](C)CC(=O)O[C@H](C)CC(=O)O[C@@H](C)CC(=O)O[C@@H](CC)CC(=O)O[C@H](CC)CC(=O)O[C@H](CC)CC(=O)O[C@@H](CC)CC(=O)O[C@@H](CC)CC(=O)O[C@H](CC)CC(=O)O[C@H](CC)CC(=O)O[C@@H](CC)CC(=O)O[C@@H](C)CC(=O)O[C@H](C)CC(=O)O[C@H](CC)CC(=O)O[C@@H](CC)CC(C)=O)OC,131.0,True
CC[C@H](CC(=O)O[C@@H](CC)CC(=O)O[C@@H](CC)CC(=O)O[C@H](CC)CC(=O)O[C@H](C)CC(=O)O[C@@H](C)CC(=O)O[C@@H](CC)CC(=O)O[C@H](CC)CC(=O)O[C@H](CC)CC(=O)O[C@@H](CC)CC(=O)O[C@@H](CC)CC(=O)O[C@H](CC)CC(=O)O[C@H](CC)CC(=O)O[C@@H](CC)CC(=O)O[C@@H](CC)CC(=O)O[C@H](CC)CC(=O)O[C@H](CC)CC(=O)O[C@@H](CC)CC(=O)O[C@@H](CC)CC(=O)O[C@H](CC)CC(=O)O[C@H](CC)CC(=O)O[C@@H](CC)CC(=O)O[C@@H](CC)CC(=O)O[C@H](CC)CC(=O)O[C@H](CC)CC(=O)O[C@@H](CC)CC(=O)O[C@@H](C)CC(=O)O[C@H](C)CC(=O)O[C@H](CC)CC(=O)O[C@@H](CC)CC(=O)O[C@@H](CC)CC(=O)O[C@H](CC)CC(=O)O[C@H](CC)CC(=O)O[C@@H](CC)CC(=O)O[C@@H](CC)CC(=O)O[C@H](CC)CC(=O)O[C@H](CC)CC(=O)O[C@@H](CC)CC(=O)O[C@@H](CC)CC(=O)O[C@H](CC)CC(=O)O[C@H](CC)CC(=O)O[C@@H](CC)CC(=O)O[C@@H](CC)CC(=O)O[C@H](CC)CC(=O)O[C@H](CC)CC(=O)O[C@@H](CC)CC(=O)O[C@@H](CC)CC(=O)O[C@H](CC)CC(=O)O[C@H](CC)CC(=O)O[C@@H](CC)CC(=O)O[C@@H](CC)CC(=O)O[C@H](CC)CC(=O)O[C@H](C)CC(=O)O[C@@H](C)CC(=O)O[C@@H](C)CC(=O)O[C@H](C)CC(=O)O[C@H](CC)CC(=O)O[C@@H](CC)CC(=O)O[C@@H](CC)CC(=O)O[C@H](CC)CC(=O)O[C@H](CC)CC(=O)O[C@@H](CC)CC(=O)O[C@@H](CC)CC(=O)O[C@H](CC)CC(=O)O[C@H](CC)CC(=O)O[C@@H](CC)CC(=O)O[C@@H](CC)CC(=O)O[C@H](CC)CC(=O)O[C@H](CC)CC(=O)O[C@@H](CC)CC(=O)O[C@@H](CC)CC(=O)O[C@H](CC)CC(=O)O[C@H](CC)CC(=O)O[C@@H](CC)CC(=O)O[C@@H](C)CC(=O)O[C@H](C)CC(=O)O[C@H](CC)CC(=O)O[C@@H](CC)CC(C)=O)OC,138.0,True
CC[C@H](CC(=O)O[C@@H](CC)CC(=O)O[C@@H](CC)CC(=O)O[C@H](CC)CC(=O)O[C@H](C)CC(=O)O[C@@H](C)CC(=O)O[C@@H](CC)CC(=O)O[C@H](CC)CC(=O)O[C@H](CC)CC(=O)O[C@@H](CC)CC(=O)O[C@@H](CC)CC(=O)O[C@H](CC)CC(=O)O[C@H](CC)CC(=O)O[C@@H](CC)CC(=O)O[C@@H](CC)CC(=O)O[C@H](CC)CC(=O)O[C@H](CC)CC(=O)O[C@@H](CC)CC(=O)O[C@@H](CC)CC(=O)O[C@H](CC)CC(=O)O[C@H](CC)CC(=O)O[C@@H](CC)CC(=O)O[C@@H](CC)CC(=O)O[C@H](CC)CC(=O)O[C@H](CC)CC(=O)O[C@@H](CC)CC(=O)O[C@@H](C)CC(=O)O[C@H](C)CC(=O)O[C@H](CC)CC(=O)O[C@@H](CC)CC(=O)O[C@@H](CC)CC(=O)O[C@H](CC)CC(=O)O[C@H](CC)CC(=O)O[C@@H](CC)CC(=O)O[C@@H](CC)CC(=O)O[C@H](CC)CC(=O)O[C@H](CC)CC(=O)O[C@@H](CC)CC(=O)O[C@@H](CC)CC(=O)O[C@H](CC)CC(=O)O[C@H](CC)CC(=O)O[C@@H](CC)CC(=O)O[C@@H](CC)CC(=O)O[C@H](CC)CC(=O)O[C@H](CC)CC(=O)O[C@@H](CC)CC(=O)O[C@@H](CC)CC(=O)O[C@H](CC)CC(=O)O[C@H](CC)CC(=O)O[C@@H](CC)CC(=O)O[C@@H](CC)CC(=O)O[C@H](CC)CC(=O)O[C@H](C)CC(=O)O[C@@H](C)CC(=O)O[C@@H](C)CC(=O)O[C@H](C)CC(=O)O[C@H](CC)CC(=O)O[C@@H](CC)CC(=O)O[C@@H](CC)CC(=O)O[C@H](CC)CC(=O)O[C@H](CC)CC(=O)O[C@@H](CC)CC(=O)O[C@@H](C)CC(=O)O[C@H](C)CC(=O)O[C@H](C)CC(=O)O[C@@H](C)CC(=O)O[C@@H](CC)CC(=O)O[C@H](CC)CC(=O)O[C@H](CC)CC(=O)O[C@@H](CC)CC(=O)O[C@@H](CC)CC(=O)O[C@H](CC)CC(=O)O[C@H](CC)CC(=O)O[C@@H](CC)CC(=O)O[C@@H](C)CC(=O)O[C@H](C)CC(=O)O[C@H](CC)CC(=O)O[C@@H](CC)CC(C)=O)OC,132.0,True
CC[C@H](CC(=O)O[C@@H](CC)CC(=O)O[C@@H](CC)CC(=O)O[C@H](CC)CC(=O)O[C@H](CC)CC(=O)O[C@@H](CC)CC(=O)O[C@@H](CC)CC(=O)O[C@H](CC)CC(=O)O[C@H](CC)CC(=O)O[C@@H](CC)CC(=O)O[C@@H](CC)CC(=O)O[C@H](CC)CC(=O)O[C@H](CC)CC(=O)O[C@@H](CC)CC(=O)O[C@@H](CC)CC(=O)O[C@H](CC)CC(=O)O[C@H](CC)CC(=O)O[C@@H](CC)CC(=O)O[C@@H](CC)CC(=O)O[C@H](CC)CC(=O)O[C@H](CC)CC(=O)O[C@@H](CC)CC(=O)O[C@@H](CC)CC(=O)O[C@H](CC)CC(=O)O[C@H](CC)CC(=O)O[C@@H](CC)CC(=O)O[C@@H](CC)CC(=O)O[C@H](CC)CC(=O)O[C@H](CC)CC(=O)O[C@@H](CC)CC(=O)O[C@@H](CC)CC(=O)O[C@H](CC)CC(=O)O[C@H](CC)CC(=O)O[C@@H](CC)CC(=O)O[C@@H](CC)CC(=O)O[C@H](CC)CC(=O)O[C@H](CC)CC(=O)O[C@@H](CC)CC(=O)O[C@@H](CC)CC(=O)O[C@H](CC)CC(=O)O[C@H](CC)CC(=O)O[C@@H](CC)CC(=O)O[C@@H](CC)CC(=O)O[C@H](CC)CC(=O)O[C@H](CC)CC(=O)O[C@@H](CC)CC(=O)O[C@@H](CC)CC(=O)O[C@H](CC)CC(=O)O[C@H](CC)CC(=O)O[C@@H](CC)CC(=O)O[C@@H](CC)CC(=O)O[C@H](CC)CC(=O)O[C@H](CC)CC(=O)O[C@@H](CC)CC(=O)O[C@@H](C)CC(=O)O[C@H](C)CC(=O)O[C@H](CC)CC(=O)O[C@@H](CC)CC(=O)O[C@@H](CC)CC(=O)O[C@H](CC)CC(=O)O[C@H](CC)CC(=O)O[C@@H](CC)CC(=O)O[C@@H](CC)CC(=O)O[C@H](CC)CC(=O)O[C@H](CC)CC(=O)O[C@@H](CC)CC(=O)O[C@@H](CC)CC(=O)O[C@H](CC)CC(=O)O[C@H](CC)CC(=O)O[C@@H](CC)CC(=O)O[C@@H](CC)CC(=O)O[C@H](CC)CC(=O)O[C@H](CC)CC(=O)O[C@@H](CC)CC(=O)O[C@@H](C)CC(=O)O[C@H](C)CC(=O)O[C@H](CC)CC(=O)O[C@@H](CC)CC(C)=O)OC,156.0,True
CO[C@@H](C)CC(=O)O[C@@H](C)CC(=O)O[C@@H](C)CC(=O)O[C@@H](C)CC(=O)O[C@@H](C)CC(=O)O[C@@H](C)CC(=O)O[C@@H](C)CC(=O)O[C@@H](C)CC(=O)O[C@@H](C)CC(=O)O[C@@H](C)CC(=O)O[C@@H](C)CC(=O)O[C@@H](C)CC(=O)O[C@@H](C)CC(=O)O[C@@H](C)CC(=O)O[C@@H](C)CC(=O)O[C@@H](C)CC(=O)O[C@@H](C)CC(=O)O[C@@H](C)CC(=O)O[C@@H](C)CC(=O)O[C@@H](C)CC(=O)O[C@@H](C)CC(=O)O[C@@H](C)CC(=O)O[C@@H](C)CC(=O)O[C@@H](C)CC(=O)O[C@@H](C)CC(=O)O[C@@H](C)CC(=O)O[C@@H](C)CC(=O)O[C@@H](C)CC(=O)O[C@@H](C)CC(=O)O[C@@H](C)CC(=O)O[C@@H](C)CC(=O)O[C@@H](C)CC(=O)O[C@@H](C)CC(=O)O[C@@H](C)CC(=O)O[C@@H](C)CC(=O)O[C@@H](C)CC(=O)O[C@@H](C)CC(=O)O[C@@H](C)CC(=O)O[C@@H](C)CC(=O)O[C@@H](C)CC(C)=O,178.0,True
CC[C@@H](CC(=O)O[C@@H](CC)CC(=O)O[C@@H](CC)CC(=O)O[C@@H](CC)CC(=O)O[C@@H](CC)CC(=O)O[C@@H](CC)CC(=O)O[C@@H](CC)CC(=O)O[C@@H](CC)CC(=O)O[C@@H](CC)CC(=O)O[C@@H](CC)CC(=O)O[C@@H](CC)CC(=O)O[C@@H](CC)CC(=O)O[C@@H](CC)CC(=O)O[C@@H](CC)CC(=O)O[C@@H](CC)CC(=O)O[C@@H](CC)CC(=O)O[C@@H](CC)CC(=O)O[C@@H](CC)CC(=O)O[C@@H](CC)CC(=O)O[C@@H](CC)CC(=O)O[C@@H](CC)CC(=O)O[C@@H](CC)CC(=O)O[C@@H](CC)CC(=O)O[C@@H](CC)CC(=O)O[C@@H](CC)CC(=O)O[C@@H](CC)CC(=O)O[C@@H](CC)CC(=O)O[C@@H](CC)CC(=O)O[C@@H](CC)CC(=O)O[C@@H](CC)CC(=O)O[C@@H](CC)CC(=O)O[C@@H](CC)CC(=O)O[C@@H](CC)CC(=O)O[C@@H](CC)CC(=O)O[C@@H](CC)CC(=O)O[C@@H](CC)CC(=O)O[C@@H](CC)CC(=O)O[C@@H](CC)CC(=O)O[C@@H](CC)CC(=O)O[C@@H](CC)CC(C)=O)OC,108.0,True
CC[C@H](CC(=O)O[C@H](C)CC(=O)O[C@H](CC)CC(=O)O[C@H](C)CC(=O)O[C@@H](CC)CC(=O)O[C@@H](C)CC(=O)O[C@@H](CC)CC(=O)O[C@@H](C)CC(=O)O[C@@H](CC)CC(=O)O[C@@H](C)CC(=O)O[C@@H](CC)CC(C)=O)OC(=O)C[C@@H](C)OC(=O)C[C@@H](CC)OC(=O)C[C@@H](C)OC(=O)C[C@@H](CC)OC(=O)C[C@@H](C)OC(=O)C[C@H](CC)OC(=O)C[C@H](C)OC(=O)C[C@H](CC)OC(=O)C[C@H](C)OC(=O)C[C@H](CC)OC(=O)C[C@H](C)OC(=O)C[C@H](CC)OC(=O)C[C@H](C)OC(=O)C[C@H](CC)OC(=O)C[C@H](C)OC(=O)C[C@H](CC)OC(=O)C[C@H](C)OC(=O)C[C@H](CC)OC(=O)C[C@H](C)OC(=O)C[C@H](CC)OC(=O)C[C@H](C)OC(=O)C[C@H](CC)OC(=O)C[C@H](C)OC(=O)C[C@H](CC)OC(=O)C[C@H](C)OC(=O)C[C@H](CC)OC(=O)C[C@H](C)OC(=O)C[C@H](CC)OC(=O)C[C@H](C)OC,83.0,True
CC[C@@H](CC(=O)O[C@@H](CC)CC(=O)O[C@@H](CC)CC(=O)O[C@@H](CC)CC(=O)O[C@@H](CC)CC(=O)O[C@@H](CC)CC(=O)O[C@@H](CC)CC(=O)O[C@@H](CC)CC(=O)O[C@@H](CC)CC(=O)O[C@@H](CC)CC(=O)O[C@@H](CC)CC(=O)O[C@@H](CC)CC(=O)O[C@@H](CC)CC(=O)O[C@@H](CC)CC(=O)O[C@@H](CC)CC(=O)O[C@@H](CC)CC(=O)O[C@@H](CC)CC(=O)O[C@@H](CC)CC(=O)O[C@@H](CC)CC(=O)O[C@@H](CC)CC(=O)O[C@@H](CC)CC(=O)O[C@@H](CC)CC(=O)O[C@@H](CC)CC(=O)O[C@@H](CC)CC(=O)O[C@H](CC)CC(=O)O[C@H](CC)CC(=O)O[C@H](CC)CC(=O)O[C@H](CC)CC(=O)O[C@H](CC)CC(=O)O[C@H](CC)CC(=O)O[C@H](CC)CC(=O)O[C@H](CC)CC(=O)O[C@H](CC)CC(=O)O[C@@H](CC)CC(=O)O[C@@H](CC)CC(=O)O[C@@H](CC)CC(=O)O[C@@H](CC)CC(=O)O[C@@H](CC)CC(=O)O[C@@H](CC)CC(=O)O[C@@H](CC)CC(C)=O)OC,79.0,True
CC[C@@H](CC(=O)O[C@@H](CC)CC(=O)O[C@@H](CC)CC(=O)O[C@@H](CC)CC(=O)O[C@@H](CC)CC(=O)O[C@@H](CC)CC(=O)O[C@@H](CC)CC(=O)O[C@@H](CC)CC(=O)O[C@@H](CC)CC(=O)O[C@@H](CC)CC(=O)O[C@@H](CC)CC(=O)O[C@@H](CC)CC(=O)O[C@@H](CC)CC(=O)O[C@@H](CC)CC(=O)O[C@@H](CC)CC(=O)O[C@@H](CC)CC(=O)O[C@@H](CC)CC(=O)O[C@@H](CC)CC(=O)O[C@@H](CC)CC(=O)O[C@@H](CC)CC(=O)O[C@@H](CC)CC(=O)O[C@@H](CC)CC(=O)O[C@@H](CC)CC(=O)O[C@@H](CC)CC(=O)O[C@H](CC)CC(=O)O[C@H](CC)CC(=O)O[C@H](CC)CC(=O)O[C@H](CC)CC(=O)O[C@H](CC)CC(=O)O[C@H](CC)CC(=O)O[C@H](CC)CC(=O)O[C@H](CC)CC(=O)O[C@H](CC)CC(=O)O[C@@H](CC)CC(=O)O[C@@H](CC)CC(=O)O[C@@H](CC)CC(=O)O[C@@H](CC)CC(=O)O[C@@H](CC)CC(=O)O[C@@H](CC)CC(=O)O[C@@H](CC)CC(C)=O)OC,78.0,True
CO[C@H](CC(=O)O[C@@H](CC(=O)O[C@H](CC(=O)O[C@@H](CC(=O)O[C@H](CC(=O)O[C@@H](CC(=O)O[C@H](CC(=O)O[C@@H](CC(=O)O[C@H](CC(=O)O[C@@H](CC(=O)O[C@H](CC(=O)O[C@@H](CC(=O)O[C@H](CC(=O)O[C@@H](CC(=O)O[C@H](CC(=O)O[C@@H](CC(=O)O[C@H](CC(=O)O[C@@H](CC(=O)O[C@H](CC(=O)O[C@@H](CC(=O)O[C@H](CC(=O)O[C@@H](CC(=O)O[C@H](CC(=O)O[C@@H](CC(=O)O[C@H](CC(=O)O[C@@H](CC(=O)O[C@H](CC(=O)O[C@@H](CC(=O)O[C@H](CC(=O)O[C@@H](CC(=O)O[C@H](CC(=O)O[C@@H](CC(=O)O[C@H](CC(=O)O[C@@H](CC(=O)O[C@H](CC(=O)O[C@@H](CC(=O)O[C@H](CC(=O)O[C@@H](CC(=O)O[C@H](CC(=O)O[C@@H](CC(C)=O)CC(F)(F)C(F)(F)C(F)(F)C(F)(F)F)CC(F)(F)C(F)(F)C(F)(F)C(F)(F)F)CC(F)(F)C(F)(F)C(F)(F)C(F)(F)F)CC(F)(F)C(F)(F)C(F)(F)C(F)(F)F)CC(F)(F)C(F)(F)C(F)(F)C(F)(F)F)CC(F)(F)C(F)(F)C(F)(F)C(F)(F)F)CC(F)(F)C(F)(F)C(F)(F)C(F)(F)F)CC(F)(F)C(F)(F)C(F)(F)C(F)(F)F)CC(F)(F)C(F)(F)C(F)(F)C(F)(F)F)CC(F)(F)C(F)(F)C(F)(F)C(F)(F)F)CC(F)(F)C(F)(F)C(F)(F)C(F)(F)F)CC(F)(F)C(F)(F)C(F)(F)C(F)(F)F)CC(F)(F)C(F)(F)C(F)(F)C(F)(F)F)CC(F)(F)C(F)(F)C(F)(F)C(F)(F)F)CC(F)(F)C(F)(F)C(F)(F)C(F)(F)F)CC(F)(F)C(F)(F)C(F)(F)C(F)(F)F)CC(F)(F)C(F)(F)C(F)(F)C(F)(F)F)CC(F)(F)C(F)(F)C(F)(F)C(F)(F)F)CC(F)(F)C(F)(F)C(F)(F)C(F)(F)F)CC(F)(F)C(F)(F)C(F)(F)C(F)(F)F)CC(F)(F)C(F)(F)C(F)(F)C(F)(F)F)CC(F)(F)C(F)(F)C(F)(F)C(F)(F)F)CC(F)(F)C(F)(F)C(F)(F)C(F)(F)F)CC(F)(F)C(F)(F)C(F)(F)C(F)(F)F)CC(F)(F)C(F)(F)C(F)(F)C(F)(F)F)CC(F)(F)C(F)(F)C(F)(F)C(F)(F)F)CC(F)(F)C(F)(F)C(F)(F)C(F)(F)F)CC(F)(F)C(F)(F)C(F)(F)C(F)(F)F)CC(F)(F)C(F)(F)C(F)(F)C(F)(F)F)CC(F)(F)C(F)(F)C(F)(F)C(F)(F)F)CC(F)(F)C(F)(F)C(F)(F)C(F)(F)F)CC(F)(F)C(F)(F)C(F)(F)C(F)(F)F)CC(F)(F)C(F)(F)C(F)(F)C(F)(F)F)CC(F)(F)C(F)(F)C(F)(F)C(F)(F)F)CC(F)(F)C(F)(F)C(F)(F)C(F)(F)F)CC(F)(F)C(F)(F)C(F)(F)C(F)(F)F)CC(F)(F)C(F)(F)C(F)(F)C(F)(F)F)CC(F)(F)C(F)(F)C(F)(F)C(F)(F)F)CC(F)(F)C(F)(F)C(F)(F)C(F)(F)F)CC(F)(F)C(F)(F)C(F)(F)C(F)(F)F,210.0,True
CCCC[C@H](CC(=O)O[C@H](C)CC(=O)O[C@H](CCCC)CC(=O)O[C@H](C)CC(=O)O[C@@H](CCCC)CC(=O)O[C@@H](C)CC(=O)O[C@@H](CCCC)CC(=O)O[C@@H](C)CC(=O)O[C@@H](CCCC)CC(=O)O[C@@H](C)CC(=O)O[C@@H](CCCC)CC(C)=O)OC(=O)C[C@@H](C)OC(=O)C[C@@H](CCCC)OC(=O)C[C@@H](C)OC(=O)C[C@@H](CCCC)OC(=O)C[C@@H](C)OC(=O)C[C@H](CCCC)OC(=O)C[C@H](C)OC(=O)C[C@H](CCCC)OC(=O)C[C@H](C)OC(=O)C[C@H](CCCC)OC(=O)C[C@H](C)OC(=O)C[C@H](CCCC)OC(=O)C[C@H](C)OC(=O)C[C@H](CCCC)OC(=O)C[C@H](C)OC(=O)C[C@H](CCCC)OC(=O)C[C@H](C)OC(=O)C[C@H](CCCC)OC(=O)C[C@H](C)OC(=O)C[C@H](CCCC)OC(=O)C[C@H](C)OC(=O)C[C@H](CCCC)OC(=O)C[C@H](C)OC(=O)C[C@H](CCCC)OC(=O)C[C@H](C)OC(=O)C[C@H](CCCC)OC(=O)C[C@H](C)OC(=O)C[C@H](CCCC)OC(=O)C[C@H](C)OC,47.0,True
CC[C@H](CC(=O)O[C@H](C)CC(=O)O[C@H](CC)CC(=O)O[C@H](C)CC(=O)O[C@@H](CC)CC(=O)O[C@@H](C)CC(=O)O[C@@H](CC)CC(=O)O[C@@H](C)CC(=O)O[C@@H](CC)CC(=O)O[C@@H](C)CC(=O)O[C@@H](CC)CC(C)=O)OC(=O)C[C@@H](C)OC(=O)C[C@@H](CC)OC(=O)C[C@@H](C)OC(=O)C[C@@H](CC)OC(=O)C[C@@H](C)OC(=O)C[C@H](CC)OC(=O)C[C@H](C)OC(=O)C[C@H](CC)OC(=O)C[C@H](C)OC(=O)C[C@H](CC)OC(=O)C[C@H](C)OC(=O)C[C@H](CC)OC(=O)C[C@H](C)OC(=O)C[C@H](CC)OC(=O)C[C@H](C)OC(=O)C[C@H](CC)OC(=O)C[C@H](C)OC(=O)C[C@H](CC)OC(=O)C[C@H](C)OC(=O)C[C@H](CC)OC(=O)C[C@H](C)OC(=O)C[C@H](CC)OC(=O)C[C@H](C)OC(=O)C[C@H](CC)OC(=O)C[C@H](C)OC(=O)C[C@H](CC)OC(=O)C[C@H](C)OC(=O)C[C@H](CC)OC(=O)C[C@H](C)OC,87.0,True
CC[C@H](CC(=O)O[C@H](C)CC(=O)O[C@H](CC)CC(=O)O[C@H](C)CC(=O)O[C@@H](CC)CC(=O)O[C@@H](C)CC(=O)O[C@@H](CC)CC(=O)O[C@@H](C)CC(=O)O[C@@H](CC)CC(=O)O[C@@H](C)CC(=O)O[C@@H](CC)CC(C)=O)OC(=O)C[C@@H](C)OC(=O)C[C@@H](CC)OC(=O)C[C@@H](C)OC(=O)C[C@@H](CC)OC(=O)C[C@@H](C)OC(=O)C[C@H](CC)OC(=O)C[C@H](C)OC(=O)C[C@H](CC)OC(=O)C[C@H](C)OC(=O)C[C@H](CC)OC(=O)C[C@H](C)OC(=O)C[C@H](CC)OC(=O)C[C@H](C)OC(=O)C[C@H](CC)OC(=O)C[C@H](C)OC(=O)C[C@H](CC)OC(=O)C[C@H](C)OC(=O)C[C@H](CC)OC(=O)C[C@H](C)OC(=O)C[C@H](CC)OC(=O)C[C@H](C)OC(=O)C[C@H](CC)OC(=O)C[C@H](C)OC(=O)C[C@H](CC)OC(=O)C[C@H](C)OC(=O)C[C@H](CC)OC(=O)C[C@H](C)OC(=O)C[C@H](CC)OC(=O)C[C@H](C)OC,88.0,True
CCOC[C@H](CC(=O)O[C@H](C)CC(=O)O[C@H](COCC)CC(=O)O[C@H](C)CC(=O)O[C@@H](COCC)CC(=O)O[C@@H](C)CC(=O)O[C@@H](COCC)CC(=O)O[C@@H](C)CC(=O)O[C@@H](COCC)CC(=O)O[C@@H](C)CC(=O)O[C@@H](COCC)CC(C)=O)OC(=O)C[C@@H](C)OC(=O)C[C@@H](COCC)OC(=O)C[C@@H](C)OC(=O)C[C@@H](COCC)OC(=O)C[C@@H](C)OC(=O)C[C@H](COCC)OC(=O)C[C@H](C)OC(=O)C[C@H](COCC)OC(=O)C[C@H](C)OC(=O)C[C@H](COCC)OC(=O)C[C@H](C)OC(=O)C[C@H](COCC)OC(=O)C[C@H](C)OC(=O)C[C@H](COCC)OC(=O)C[C@H](C)OC(=O)C[C@H](COCC)OC(=O)C[C@H](C)OC(=O)C[C@H](COCC)OC(=O)C[C@H](C)OC(=O)C[C@H](COCC)OC(=O)C[C@H](C)OC(=O)C[C@H](COCC)OC(=O)C[C@H](C)OC(=O)C[C@H](COCC)OC(=O)C[C@H](C)OC(=O)C[C@H](COCC)OC(=O)C[C@H](C)OC(=O)C[C@H](COCC)OC(=O)C[C@H](C)OC,80.0,True
CO[C@@H](C)CC(=O)O[C@H](CC(=O)O[C@@H](C)CC(=O)O[C@H](CC(=O)O[C@@H](C)CC(=O)O[C@H](CC(=O)O[C@@H](C)CC(=O)O[C@H](CC(=O)O[C@@H](C)CC(=O)O[C@H](CC(=O)O[C@@H](C)CC(=O)O[C@H](CC(=O)O[C@@H](C)CC(=O)O[C@H](CC(=O)O[C@@H](C)CC(=O)O[C@H](CC(=O)O[C@@H](C)CC(=O)O[C@H](CC(=O)O[C@@H](C)CC(=O)O[C@H](CC(=O)O[C@@H](C)CC(=O)O[C@H](CC(=O)O[C@@H](C)CC(=O)O[C@H](CC(=O)O[C@H](C)CC(=O)O[C@@H](CC(=O)O[C@H](C)CC(=O)O[C@@H](CC(=O)O[C@H](C)CC(=O)O[C@@H](CC(=O)O[C@H](C)CC(=O)O[C@@H](CC(=O)O[C@H](C)CC(=O)O[C@H](CC(=O)O[C@@H](C)CC(=O)O[C@H](CC(=O)O[C@@H](C)CC(=O)O[C@H](CC(=O)O[C@@H](C)CC(=O)O[C@H](CC(C)=O)CC(F)(F)C(F)(F)C(F)(F)C(F)(F)F)CC(F)(F)C(F)(F)C(F)(F)C(F)(F)F)CC(F)(F)C(F)(F)C(F)(F)C(F)(F)F)CC(F)(F)C(F)(F)C(F)(F)C(F)(F)F)CC(F)(F)C(F)(F)C(F)(F)C(F)(F)F)CC(F)(F)C(F)(F)C(F)(F)C(F)(F)F)CC(F)(F)C(F)(F)C(F)(F)C(F)(F)F)CC(F)(F)C(F)(F)C(F)(F)C(F)(F)F)CC(F)(F)C(F)(F)C(F)(F)C(F)(F)F)CC(F)(F)C(F)(F)C(F)(F)C(F)(F)F)CC(F)(F)C(F)(F)C(F)(F)C(F)(F)F)CC(F)(F)C(F)(F)C(F)(F)C(F)(F)F)CC(F)(F)C(F)(F)C(F)(F)C(F)(F)F)CC(F)(F)C(F)(F)C(F)(F)C(F)(F)F)CC(F)(F)C(F)(F)C(F)(F)C(F)(F)F)CC(F)(F)C(F)(F)C(F)(F)C(F)(F)F)CC(F)(F)C(F)(F)C(F)(F)C(F)(F)F)CC(F)(F)C(F)(F)C(F)(F)C(F)(F)F)CC(F)(F)C(F)(F)C(F)(F)C(F)(F)F)CC(F)(F)C(F)(F)C(F)(F)C(F)(F)F,161.0,True
COC(=O)C[C@H](C)OC(=O)C[C@H](C)OC(=O)C[C@@H](C)OC(=O)C[C@H](C)OC(=O)C[C@@H](C)OC(=O)C[C@H](C)OC(=O)C[C@@H](C)OC(=O)C[C@H](C)OC(=O)C[C@@H](C)OC(=O)C[C@@H](C)OC(=O)C[C@H](C)OC(=O)C[C@@H](C)OC(=O)C[C@@H](C)OC(=O)C[C@H](C)OC(=O)C[C@@H](C)OC(=O)C[C@H](C)OC(=O)C[C@@H](C)OC(=O)C[C@H](C)OC(=O)C[C@@H](C)OC(=O)C[C@@H](C)OC(=O)C[C@H](C)OC(=O)C[C@@H](C)OC(=O)C[C@H](C)OC(=O)C[C@@H](C)OC(=O)C[C@H](C)OC(=O)C[C@@H](C)OC(=O)C[C@H](C)OC(=O)C[C@@H](C)OC(=O)C[C@H](C)OC(=O)C[C@@H](C)OC(=O)C[C@H](C)OC(=O)C[C@@H](C)OC(=O)C[C@H](C)OC(=O)C[C@@H](C)OC(=O)C[C@H](C)OC(=O)C[C@@H](C)OC(=O)C[C@H](C)OC(=O)C[C@@H](C)OC(=O)C[C@H](C)OC(=O)CC(C)C,151.0,True
CO[C@@H](C)C(=O)O[C@@H](C)C(=O)O[C@@H](C)C(=O)O[C@@H](C)C(=O)O[C@@H](C)C(=O)O[C@@H](C)C(=O)O[C@@H](C)C(=O)O[C@@H](C)C(=O)O[C@@H](C)C(=O)O[C@@H](C)C(=O)O[C@@H](C)C(=O)O[C@@H](C)C(=O)O[C@@H](C)C(=O)O[C@@H](C)C(=O)O[C@@H](C)C(=O)O[C@@H](C)C(=O)O[C@@H](C)C(=O)O[C@@H](C)C(=O)O[C@@H](C)C(=O)O[C@@H](C)C(=O)O[C@@H](C)C(=O)O[C@@H](C)C(=O)O[C@@H](C)C(=O)O[C@@H](C)C(=O)O[C@@H](C)C(=O)O[C@@H](C)C(=O)O[C@@H](C)C(=O)O[C@@H](C)C(=O)O[C@@H](C)C(=O)O[C@@H](C)C(=O)O[C@@H](C)C(=O)O[C@@H](C)C(=O)O[C@@H](C)C(=O)O[C@@H](C)C(=O)O[C@@H](C)C(=O)O[C@@H](C)C(=O)O[C@@H](C)C(=O)O[C@@H](C)C(=O)O[C@@H](C)C(=O)O[C@@H](C)C(C)=O,175.0,True
CO[C@@H](C)C(=O)O[C@@H](C)C(=O)O[C@@H](C)C(=O)O[C@@H](C)C(=O)O[C@@H](C)C(=O)O[C@@H](C)C(=O)O[C@@H](C)C(=O)O[C@@H](C)C(=O)O[C@@H](C)C(=O)O[C@@H](C)C(=O)O[C@@H](C)C(=O)O[C@@H](C)C(=O)O[C@@H](C)C(=O)O[C@@H](C)C(=O)O[C@@H](C)C(=O)O[C@@H](C)C(=O)O[C@@H](C)C(=O)O[C@@H](C)C(=O)O[C@@H](C)C(=O)O[C@@H](C)C(=O)O[C@@H](C)C(=O)O[C@@H](C)C(=O)O[C@@H](C)C(=O)O[C@@H](C)C(=O)O[C@@H](C)C(=O)O[C@@H](C)C(=O)O[C@@H](C)C(=O)O[C@@H](C)C(=O)O[C@@H](C)C(=O)O[C@@H](C)C(=O)O[C@@H](C)C(=O)O[C@@H](C)C(=O)O[C@@H](C)C(=O)O[C@@H](C)C(=O)O[C@@H](C)C(=O)O[C@@H](C)C(=O)O[C@@H](C)C(=O)O[C@@H](C)C(=O)O[C@@H](C)C(=O)O[C@@H](C)C(C)=O,178.0,True
COC(=O)C[C@H](C)OC(=O)C[C@H](C)OC(=O)C[C@H](C)OC(=O)C[C@H](C)OC(=O)C[C@H](C)OC(=O)C[C@H](C)OC(=O)C[C@H](C)OC(=O)C[C@H](C)OC(=O)C[C@H](C)OC(=O)C[C@H](C)OC(=O)C[C@H](C)OC(=O)C[C@H](C)OC(=O)C[C@H](C)OC(=O)C[C@H](C)OC(=O)C[C@H](C)OC(=O)C[C@H](C)OC(=O)C[C@H](C)OC(=O)C[C@H](C)OC(=O)C[C@H](C)OC(=O)C[C@H](C)OC(=O)C[C@H](C)OC(=O)C[C@H](C)OC(=O)C[C@H](C)OC(=O)C[C@H](C)OC(=O)C[C@H](C)OC(=O)C[C@H](C)OC(=O)C[C@H](C)O[C@@H](C)C(=O)OC(=O)C[C@H](C)OC(=O)C[C@H](C)OC(=O)C[C@H](C)OC(=O)C[C@H](C)OC(=O)C[C@H](C)OC(=O)C[C@H](C)OC(=O)C[C@H](C)OC(=O)C[C@H](C)OC(=O)C[C@H](C)O[C@@H](C)C(=O)OC(=O)CC(C)C,160.0,True
COC(=O)C[C@H](C)OC(=O)C[C@H](C)O[C@@H](C)C(=O)OC(=O)C[C@H](C)OC(=O)C[C@H](C)OC(=O)C[C@H](C)OC(=O)C[C@H](C)OC(=O)C[C@H](C)OC(=O)C[C@H](C)OC(=O)C[C@H](C)OC(=O)C[C@H](C)OC(=O)C[C@H](C)OC(=O)C[C@H](C)O[C@@H](C)C(=O)OC(=O)C[C@H](C)OC(=O)C[C@H](C)OC(=O)C[C@H](C)OC(=O)C[C@H](C)OC(=O)C[C@H](C)OC(=O)C[C@H](C)OC(=O)C[C@H](C)OC(=O)C[C@H](C)OC(=O)C[C@H](C)OC(=O)C[C@H](C)OC(=O)C[C@H](C)OC(=O)C[C@H](C)O[C@@H](C)C(=O)O[C@@H](C)C(=O)OC(=O)C[C@H](C)OC(=O)C[C@H](C)OC(=O)C[C@H](C)O[C@@H](C)C(=O)O[C@@H](C)C(=O)OC(=O)C[C@H](C)OC(=O)C[C@H](C)OC(=O)C[C@H](C)OC(=O)C[C@H](C)O[C@@H](C)C(=O)O[C@@H](C)C(C)=O,157.0,True
COC(=O)C[C@H](C)OC(=O)C[C@H](C)O[C@@H](C)C(=O)O[C@@H](C)C(=O)O[C@@H](C)C(=O)OC(=O)C[C@H](C)OC(=O)C[C@H](C)OC(=O)C[C@H](C)OC(=O)C[C@H](C)OC(=O)C[C@H](C)OC(=O)C[C@H](C)OC(=O)C[C@H](C)O[C@@H](C)C(=O)O[C@@H](C)C(=O)O[C@@H](C)C(=O)OC(=O)C[C@H](C)OC(=O)C[C@H](C)OC(=O)C[C@H](C)OC(=O)C[C@H](C)OC(=O)C[C@H](C)OC(=O)C[C@H](C)OC(=O)C[C@H](C)OC(=O)C[C@H](C)OC(=O)C[C@H](C)OC(=O)C[C@H](C)OC(=O)C[C@H](C)O[C@@H](C)C(=O)O[C@@H](C)C(=O)OC(=O)C[C@H](C)OC(=O)C[C@H](C)OC(=O)C[C@H](C)O[C@@H](C)C(=O)O[C@@H](C)C(=O)O[C@@H](C)C(=O)OC(=O)C[C@H](C)OC(=O)C[C@H](C)OC(=O)C[C@H](C)O[C@@H](C)C(=O)O[C@@H](C)C(C)=O,148.0,True
CO[C@H](C)C(=O)O[C@H](C)C(=O)O[C@H](C)C(=O)OC(=O)C[C@@H](C)OC(=O)C[C@@H](C)OC(=O)C[C@@H](C)OC(=O)C[C@@H](C)O[C@H](C)C(=O)O[C@H](C)C(=O)OC(=O)C[C@@H](C)OC(=O)C[C@@H](C)OC(=O)C[C@@H](C)OC(=O)C[C@@H](C)OC(=O)C[C@@H](C)O[C@H](C)C(=O)OC(=O)C[C@@H](C)OC(=O)C[C@@H](C)OC(=O)C[C@@H](C)O[C@H](C)C(=O)OC(=O)C[C@@H](C)OC(=O)C[C@@H](C)OC(=O)C[C@@H](C)OC(=O)C[C@@H](C)OC(=O)C[C@@H](C)OC(=O)C[C@@H](C)OC(=O)C[C@@H](C)OC(=O)C[C@@H](C)OC(=O)C[C@@H](C)O[C@H](C)C(=O)O[C@H](C)C(=O)OC(=O)C[C@@H](C)OC(=O)C[C@@H](C)O[C@H](C)C(=O)O[C@H](C)C(=O)O[C@H](C)C(=O)O[C@H](C)C(=O)O[C@H](C)C(=O)OC(=O)C[C@@H](C)O[C@H](C)C(=O)O[C@H](C)C(C)=O,148.0,True
COC(=O)C[C@H](C)OC(=O)C[C@H](C)O[C@@H](C)C(=O)O[C@@H](C)C(=O)O[C@@H](C)C(=O)OC(=O)C[C@H](C)OC(=O)C[C@H](C)OC(=O)C[C@H](C)OC(=O)C[C@H](C)OC(=O)C[C@H](C)OC(=O)C[C@H](C)OC(=O)C[C@H](C)O[C@@H](C)C(=O)O[C@@H](C)C(=O)O[C@@H](C)C(=O)OC(=O)C[C@H](C)OC(=O)C[C@H](C)OC(=O)C[C@H](C)OC(=O)C[C@H](C)OC(=O)C[C@H](C)OC(=O)C[C@H](C)OC(=O)C[C@H](C)OC(=O)C[C@H](C)O[C@@H](C)C(=O)OC(=O)C[C@H](C)OC(=O)C[C@H](C)O[C@@H](C)C(=O)O[C@@H](C)C(=O)OC(=O)C[C@H](C)O[C@@H](C)C(=O)O[C@@H](C)C(=O)O[C@@H](C)C(=O)O[C@@H](C)C(=O)O[C@@H](C)C(=O)O[C@@H](C)C(=O)O[C@@H](C)C(=O)O[C@@H](C)C(=O)O[C@@H](C)C(=O)O[C@@H](C)C(C)=O,125.0,True
COC(=O)C[C@H](C)OC(=O)C[C@H](C)OC(=O)C[C@H](C)OC(=O)C[C@H](C)OC(=O)C[C@H](C)OC(=O)C[C@H](C)OC(=O)C[C@H](C)OC(=O)C[C@H](C)OC(=O)C[C@H](C)OC(=O)C[C@H](C)OC(=O)C[C@H](C)OC(=O)C[C@H](C)OC(=O)C[C@H](C)OC(=O)C[C@H](C)OC(=O)C[C@H](C)OC(=O)C[C@H](C)OC(=O)C[C@H](C)OC(=O)C[C@H](C)OC(=O)C[C@H](C)OC(=O)C[C@H](C)OC(=O)C[C@H](C)OC(=O)C[C@H](C)OC(=O)C[C@H](C)OC(=O)C[C@H](C)OC(=O)C[C@H](C)OC(=O)C[C@H](C)OC(=O)C[C@H](C)OC(=O)C[C@H](C)OC(=O)C[C@H](C)OC(=O)C[C@H](C)OC(=O)C[C@H](C)OC(=O)C[C@H](C)OC(=O)C[C@H](C)OC(=O)C[C@H](C)OC(=O)C[C@H](C)OC(=O)C[C@H](C)OC(=O)C[C@H](C)OC(=O)C[C@H](C)OC(=O)C[C@H](C)OC(=O)CC(C)C,163.0,True
CO[C@@H](C)CC(=O)CCOC(=O)C[C@H](C)OO[C@@H](C)CC(=O)O[C@@H](C)CC(=O)O[C@@H](C)CC(=O)CCOC(=O)C[C@H](C)OO[C@@H](C)CC(=O)O[C@@H](C)CC(=O)CCOC(=O)C[C@H](C)OO[C@@H](C)CC(=O)O[C@@H](C)CC(=O)O[C@@H](C)CC(=O)O[C@@H](C)CC(=O)O[C@@H](C)CC(=O)O[C@@H](C)CC(=O)CCOC(=O)C[C@H](C)OO[C@@H](C)CC(=O)O[C@@H](C)CC(=O)O[C@@H](C)CC(=O)O[C@@H](C)CC(=O)CCOC(=O)C[C@H](C)OO[C@@H](C)CC(=O)O[C@@H](C)CC(=O)O[C@@H](C)CC(=O)CCOC(=O)C[C@H](C)OCCOC(=O)C[C@H](C)OO[C@@H](C)CC(=O)O[C@@H](C)CC(=O)CCOC(=O)C[C@H](C)OO[C@@H](C)CC(=O)O[C@@H](C)CC(=O)O[C@@H](C)CC(=O)O[C@@H](C)CC(=O)O[C@@H](C)CC(=O)O[C@@H](C)CC(=O)O[C@@H](C)CC(=O)O[C@@H](C)CC(=O)O[C@@H](C)CC(=O)O[C@@H](C)CC(C)=O,129.0,True
CO[C@@H](C)CC(=O)CCOC(=O)C[C@H](C)OO[C@@H](C)CC(=O)O[C@@H](C)CC(=O)O[C@@H](C)CC(=O)CCOC(=O)C[C@H](C)OO[C@@H](C)CC(=O)CCOC(=O)C[C@H](C)OCCOC(=O)C[C@H](C)OO[C@@H](C)CC(=O)O[C@@H](C)CC(=O)O[C@@H](C)CC(=O)O[C@@H](C)CC(=O)O[C@@H](C)CC(=O)O[C@@H](C)CC(=O)CCOC(=O)C[C@H](C)OO[C@@H](C)CC(=O)O[C@@H](C)CC(=O)O[C@@H](C)CC(=O)O[C@@H](C)CC(=O)CCOC(=O)C[C@H](C)OO[C@@H](C)CC(=O)O[C@@H](C)CC(=O)O[C@@H](C)CC(=O)CCOC(=O)C[C@H](C)OCCOC(=O)C[C@H](C)OO[C@@H](C)CC(=O)O[C@@H](C)CC(=O)CCOC(=O)C[C@H](C)OO[C@@H](C)CC(=O)O[C@@H](C)CC(=O)O[C@@H](C)CC(=O)O[C@@H](C)CC(=O)O[C@@H](C)CC(=O)O[C@@H](C)CC(=O)O[C@@H](C)CC(=O)O[C@@H](C)CC(=O)O[C@@H](C)CC(=O)O[C@@H](C)CC(C)=O,122.0,True
CCCOC(=O)C[C@H](C)OCCOC(=O)C[C@H](C)OO[C@@H](C)CC(=O)O[C@@H](C)CC(=O)O[C@@H](C)CC(=O)CCOC(=O)C[C@H](C)OCCOC(=O)C[C@H](C)OCCOC(=O)C[C@H](C)OCCOC(=O)C[C@H](C)OCCOC(=O)C[C@H](C)OCCOC(=O)C[C@H](C)OCCOC(=O)C[C@H](C)OO[C@@H](C)CC(=O)O[C@@H](C)CC(=O)O[C@@H](C)CC(=O)CCOC(=O)C[C@H](C)OCCOC(=O)C[C@H](C)OCCOC(=O)C[C@H](C)OCCOC(=O)C[C@H](C)OCCOC(=O)C[C@H](C)OCCOC(=O)C[C@H](C)OCCOC(=O)C[C@H](C)OCCOC(=O)C[C@H](C)OO[C@@H](C)CC(=O)CCOC(=O)C[C@H](C)OCCOC(=O)C[C@H](C)OO[C@@H](C)CC(=O)O[C@@H](C)CC(=O)CCOC(=O)C[C@H](C)OO[C@@H](C)CC(=O)O[C@@H](C)CC(=O)O[C@@H](C)CC(=O)O[C@@H](C)CC(=O)O[C@@H](C)CC(=O)O[C@@H](C)CC(=O)O[C@@H](C)CC(=O)O[C@@H](C)CC(=O)O[C@@H](C)CC(=O)O[C@@H](C)CC(C)=O,90.0,True
CCCOC(=O)C[C@H](C)OCCOC(=O)C[C@H](C)OO[C@@H](C)CC(=O)O[C@@H](C)CC(=O)O[C@@H](C)CC(=O)CCOC(=O)C[C@H](C)OCCOC(=O)C[C@H](C)OCCOC(=O)C[C@H](C)OCCOC(=O)C[C@H](C)OCCOC(=O)C[C@H](C)OCCOC(=O)C[C@H](C)OCCOC(=O)C[C@H](C)OO[C@@H](C)CC(=O)O[C@@H](C)CC(=O)O[C@@H](C)CC(=O)CCOC(=O)C[C@H](C)OCCOC(=O)C[C@H](C)OCCOC(=O)C[C@H](C)OCCOC(=O)C[C@H](C)OCCOC(=O)C[C@H](C)OCCOC(=O)C[C@H](C)OCCOC(=O)C[C@H](C)OCCOC(=O)C[C@H](C)OCCOC(=O)C[C@H](C)OCCOC(=O)C[C@H](C)OCCOC(=O)C[C@H](C)OO[C@@H](C)CC(=O)O[C@@H](C)CC(=O)CCOC(=O)C[C@H](C)OO[C@@H](C)CC(=O)CCOC(=O)C[C@H](C)OO[C@@H](C)CC(=O)O[C@@H](C)CC(=O)O[C@@H](C)CC(=O)CCOC(=O)C[C@H](C)OCCOC(=O)C[C@H](C)OCCOC(=O)C[C@H](C)OO[C@@H](C)CC(=O)O[C@@H](C)CC(C)=O,63.0,True
CCCOC(=O)C[C@H](C)OCCOC(=O)C[C@H](C)OO[C@@H](C)CC(=O)CCOC(=O)C[C@H](C)OCCOC(=O)C[C@H](C)OCCOC(=O)C[C@H](C)OCCOC(=O)C[C@H](C)OCCOC(=O)C[C@H](C)OCCOC(=O)C[C@H](C)OCCOC(=O)C[C@H](C)OCCOC(=O)C[C@H](C)OCCOC(=O)C[C@H](C)OCCOC(=O)C[C@H](C)OO[C@@H](C)CC(=O)CCOC(=O)C[C@H](C)OCCOC(=O)C[C@H](C)OCCOC(=O)C[C@H](C)OCCOC(=O)C[C@H](C)OCCOC(=O)C[C@H](C)OCCOC(=O)C[C@H](C)OCCOC(=O)C[C@H](C)OCCOC(=O)C[C@H](C)OCCOC(=O)C[C@H](C)OCCOC(=O)C[C@H](C)OCCOC(=O)C[C@H](C)OCCOC(=O)C[C@H](C)OO[C@@H](C)CC(=O)O[C@@H](C)CC(=O)CCOC(=O)C[C@H](C)OCCOC(=O)C[C@H](C)OCCOC(=O)C[C@H](C)OO[C@@H](C)CC(=O)O[C@@H](C)CC(=O)CCOC(=O)C[C@H](C)OCCOC(=O)C[C@H](C)OCCOC(=O)C[C@H](C)OCCOC(=O)C[C@H](C)OO[C@@H](C)CC(=O)CCOC(=O)C[C@H](C)OC,35.0,True
CCCOC(=O)C[C@H](C)OCCOC(=O)C[C@H](C)OCCOC(=O)C[C@H](C)OCCOC(=O)C[C@H](C)OCCOC(=O)C[C@H](C)OCCOC(=O)C[C@H](C)OCCOC(=O)C[C@H](C)OCCOC(=O)C[C@H](C)OCCOC(=O)C[C@H](C)OCCOC(=O)C[C@H](C)OCCOC(=O)C[C@H](C)OCCOC(=O)C[C@H](C)OCCOC(=O)C[C@H](C)OCCOC(=O)C[C@H](C)OCCOC(=O)C[C@H](C)OCCOC(=O)C[C@H](C)OCCOC(=O)C[C@H](C)OCCOC(=O)C[C@H](C)OCCOC(=O)C[C@H](C)OCCOC(=O)C[C@H](C)OCCOC(=O)C[C@H](C)OCCOC(=O)C[C@H](C)OCCOC(=O)C[C@H](C)OCCOC(=O)C[C@H](C)OCCOC(=O)C[C@H](C)OCCOC(=O)C[C@H](C)OCCOC(=O)C[C@H](C)OCCOC(=O)C[C@H](C)OCCOC(=O)C[C@H](C)OCCOC(=O)C[C@H](C)OCCOC(=O)C[C@H](C)OCCOC(=O)C[C@H](C)OCCOC(=O)C[C@H](C)OCCOC(=O)C[C@H](C)OCCOC(=O)C[C@H](C)OCCOC(=O)C[C@H](C)OCCOC(=O)C[C@H](C)OCCOC(=O)C[C@H](C)OCCOC(=O)C[C@H](C)OCCOC(=O)C[C@H](C)OC,11.0,True
COC(=O)C[C@H](C)OC(=O)C[C@H](C)OC(=O)C[C@@H](C)OC(=O)C[C@H](C)OC(=O)C[C@@H](C)OC(=O)C[C@H](C)OC(=O)C[C@@H](C)OC(=O)C[C@@H](C)OC(=O)C[C@H](C)OC(=O)C[C@H](C)OC(=O)C[C@@H](C)OC(=O)C[C@H](C)OC(=O)C[C@H](C)OC(=O)C[C@H](C)OC(=O)C[C@@H](C)OC(=O)C[C@H](C)OC(=O)C[C@@H](C)OC(=O)C[C@H](C)OC(=O)C[C@@H](C)OC(=O)C[C@@H](C)OC(=O)C[C@H](C)OC(=O)C[C@@H](C)OC(=O)C[C@H](C)OC(=O)C[C@H](C)OC(=O)C[C@@H](C)OC(=O)C[C@H](C)OC(=O)C[C@H](C)OC(=O)C[C@H](C)OC(=O)C[C@@H](C)OC(=O)C[C@H](C)OC(=O)C[C@@H](C)OC(=O)C[C@H](C)OC(=O)C[C@@H](C)OC(=O)C[C@H](C)OC(=O)C[C@@H](C)OC(=O)C[C@H](C)OC(=O)C[C@@H](C)OC(=O)C[C@H](C)OC(=O)C[C@@H](C)OC(=O)CC(C)C,133.0,True
COC(=O)C[C@H](C)OC(=O)C[C@H](C)OC(=O)C[C@@H](C)OC(=O)C[C@H](C)OC(=O)C[C@@H](C)OC(=O)C[C@H](C)OC(=O)C[C@@H](C)OC(=O)C[C@@H](C)OC(=O)C[C@H](C)OC(=O)C[C@H](C)OC(=O)C[C@@H](C)OC(=O)C[C@H](C)OC(=O)C[C@H](C)OC(=O)C[C@@H](C)OC(=O)C[C@H](C)OC(=O)C[C@@H](C)OC(=O)C[C@H](C)OC(=O)C[C@@H](C)OC(=O)C[C@H](C)OC(=O)C[C@H](C)OC(=O)C[C@@H](C)OC(=O)C[C@H](C)OC(=O)C[C@@H](C)OC(=O)C[C@@H](C)OC(=O)C[C@H](C)OC(=O)C[C@@H](C)OC(=O)C[C@@H](C)OC(=O)C[C@@H](C)OC(=O)C[C@H](C)OC(=O)C[C@@H](C)OC(=O)C[C@H](C)OC(=O)C[C@@H](C)OC(=O)C[C@H](C)OC(=O)C[C@@H](C)OC(=O)C[C@H](C)OC(=O)C[C@@H](C)OC(=O)C[C@H](C)OC(=O)C[C@@H](C)OC(=O)C[C@H](C)OC(=O)CC(C)C,126.0,True
COC(=O)C[C@H](C)OC(=O)C[C@H](C)OC(=O)C[C@@H](C)OC(=O)C[C@H](C)OC(=O)C[C@@H](C)OC(=O)C[C@H](C)OC(=O)C[C@@H](C)OC(=O)C[C@@H](C)OC(=O)C[C@H](C)OC(=O)C[C@H](C)OC(=O)C[C@@H](C)OC(=O)C[C@H](C)OC(=O)C[C@H](C)OC(=O)C[C@@H](C)OC(=O)C[C@H](C)OC(=O)C[C@@H](C)OC(=O)C[C@H](C)OC(=O)C[C@@H](C)OC(=O)C[C@H](C)OC(=O)C[C@H](C)OC(=O)C[C@@H](C)OC(=O)C[C@H](C)OC(=O)C[C@@H](C)OC(=O)C[C@H](C)OC(=O)C[C@@H](C)OC(=O)C[C@H](C)OC(=O)C[C@H](C)OC(=O)C[C@H](C)OC(=O)C[C@@H](C)OC(=O)C[C@H](C)OC(=O)C[C@@H](C)OC(=O)C[C@H](C)OC(=O)C[C@@H](C)OC(=O)C[C@H](C)OC(=O)C[C@@H](C)OC(=O)C[C@H](C)OC(=O)C[C@@H](C)OC(=O)C[C@H](C)OC(=O)C[C@@H](C)OC(=O)CC(C)C,167.0,True
COC(=O)C[C@H](C)OC(=O)C[C@H](C)OC(=O)C[C@@H](C)OC(=O)C[C@H](C)OC(=O)C[C@@H](C)OC(=O)C[C@H](C)OC(=O)C[C@@H](C)OC(=O)C[C@H](C)OC(=O)C[C@@H](C)OC(=O)C[C@@H](C)OC(=O)C[C@H](C)OC(=O)C[C@@H](C)OC(=O)C[C@@H](C)OC(=O)C[C@H](C)OC(=O)C[C@@H](C)OC(=O)C[C@H](C)OC(=O)C[C@@H](C)OC(=O)C[C@H](C)OC(=O)C[C@@H](C)OC(=O)C[C@@H](C)OC(=O)C[C@H](C)OC(=O)C[C@@H](C)OC(=O)C[C@H](C)OC(=O)C[C@@H](C)OC(=O)C[C@H](C)OC(=O)C[C@@H](C)OC(=O)C[C@H](C)OC(=O)C[C@@H](C)OC(=O)C[C@H](C)OC(=O)C[C@@H](C)OC(=O)C[C@H](C)OC(=O)C[C@@H](C)OC(=O)C[C@H](C)OC(=O)C[C@@H](C)OC(=O)C[C@H](C)OC(=O)C[C@@H](C)OC(=O)C[C@H](C)OC(=O)C[C@@H](C)OC(=O)C[C@H](C)OC(=O)CC(C)C,178.0,True
COC(=O)C[C@H](C)OC(=O)C[C@H](C)OC(=O)C[C@@H](C)OC(=O)C[C@H](C)OC(=O)C[C@@H](C)OC(=O)C[C@H](C)OC(=O)C[C@@H](C)OC(=O)C[C@@H](C)OC(=O)C[C@H](C)OC(=O)C[C@H](C)OC(=O)C[C@@H](C)OC(=O)C[C@H](C)OC(=O)C[C@H](C)OC(=O)C[C@@H](C)OC(=O)C[C@H](C)OC(=O)C[C@@H](C)OC(=O)C[C@H](C)OC(=O)C[C@@H](C)OC(=O)C[C@H](C)OC(=O)C[C@H](C)OC(=O)C[C@@H](C)OC(=O)C[C@H](C)OC(=O)C[C@@H](C)OC(=O)C[C@H](C)OC(=O)C[C@@H](C)OC(=O)C[C@H](C)OC(=O)C[C@H](C)OC(=O)C[C@H](C)OC(=O)C[C@@H](C)OC(=O)C[C@H](C)OC(=O)C[C@@H](C)OC(=O)C[C@H](C)OC(=O)C[C@@H](C)OC(=O)C[C@H](C)OC(=O)C[C@@H](C)OC(=O)C[C@H](C)OC(=O)C[C@@H](C)OC(=O)C[C@H](C)OC(=O)C[C@@H](C)OC(=O)CC(C)C,155.0,True
COC(=O)C[C@H](C)OC(=O)C[C@H](C)OC(=O)C[C@@H](C)OC(=O)C[C@H](C)OC(=O)C[C@@H](C)OC(=O)C[C@H](C)OC(=O)C[C@@H](C)OC(=O)C[C@@H](C)OC(=O)C[C@H](C)OC(=O)C[C@H](C)OC(=O)C[C@@H](C)OC(=O)C[C@H](C)OC(=O)C[C@H](C)OC(=O)C[C@@H](C)OC(=O)C[C@H](C)OC(=O)C[C@@H](C)OC(=O)C[C@H](C)OC(=O)C[C@@H](C)OC(=O)C[C@H](C)OC(=O)C[C@H](C)OC(=O)C[C@@H](C)OC(=O)C[C@H](C)OC(=O)C[C@@H](C)OC(=O)C[C@H](C)OC(=O)C[C@@H](C)OC(=O)C[C@H](C)OC(=O)C[C@H](C)OC(=O)C[C@H](C)OC(=O)C[C@@H](C)OC(=O)C[C@H](C)OC(=O)C[C@@H](C)OC(=O)C[C@H](C)OC(=O)C[C@@H](C)OC(=O)C[C@H](C)OC(=O)C[C@@H](C)OC(=O)C[C@H](C)OC(=O)C[C@@H](C)OC(=O)C[C@H](C)OC(=O)C[C@@H](C)OC(=O)CC(C)C,150.0,True
COC(=O)C[C@H](C)OC(=O)C[C@H](C)OC(=O)C[C@@H](C)OC(=O)C[C@H](C)OC(=O)C[C@@H](C)OC(=O)C[C@H](C)OC(=O)C[C@@H](C)OC(=O)C[C@@H](C)OC(=O)C[C@H](C)OC(=O)C[C@H](C)OC(=O)C[C@@H](C)OC(=O)C[C@H](C)OC(=O)C[C@H](C)OC(=O)C[C@@H](C)OC(=O)C[C@H](C)OC(=O)C[C@@H](C)OC(=O)C[C@H](C)OC(=O)C[C@@H](C)OC(=O)C[C@H](C)OC(=O)C[C@H](C)OC(=O)C[C@@H](C)OC(=O)C[C@H](C)OC(=O)C[C@@H](C)OC(=O)C[C@H](C)OC(=O)C[C@@H](C)OC(=O)C[C@H](C)OC(=O)C[C@H](C)OC(=O)C[C@H](C)OC(=O)C[C@@H](C)OC(=O)C[C@H](C)OC(=O)C[C@@H](C)OC(=O)C[C@H](C)OC(=O)C[C@@H](C)OC(=O)C[C@H](C)OC(=O)C[C@@H](C)OC(=O)C[C@H](C)OC(=O)C[C@@H](C)OC(=O)C[C@H](C)OC(=O)C[C@@H](C)OC(=O)CC(C)C,150.0,True
COC(=O)C[C@H](C)OC(=O)C[C@H](C)OC(=O)C[C@@H](C)OC(=O)C[C@H](C)OC(=O)C[C@@H](C)OC(=O)C[C@H](C)OC(=O)C[C@@H](C)OC(=O)C[C@H](C)OC(=O)C[C@@H](C)OC(=O)C[C@@H](C)OC(=O)C[C@H](C)OC(=O)C[C@@H](C)OC(=O)C[C@@H](C)OC(=O)C[C@H](C)OC(=O)C[C@@H](C)OC(=O)C[C@H](C)OC(=O)C[C@@H](C)OC(=O)C[C@H](C)OC(=O)C[C@@H](C)OC(=O)C[C@@H](C)OC(=O)C[C@H](C)OC(=O)C[C@@H](C)OC(=O)C[C@H](C)OC(=O)C[C@@H](C)OC(=O)C[C@H](C)OC(=O)C[C@@H](C)OC(=O)C[C@H](C)OC(=O)C[C@@H](C)OC(=O)C[C@H](C)OC(=O)C[C@@H](C)OC(=O)C[C@H](C)OC(=O)C[C@@H](C)OC(=O)C[C@H](C)OC(=O)C[C@@H](C)OC(=O)C[C@H](C)OC(=O)C[C@@H](C)OC(=O)C[C@H](C)OC(=O)C[C@@H](C)OC(=O)C[C@H](C)OC(=O)CC(C)C,183.0,True
COC(=O)C[C@H](C)OC(=O)C[C@H](C)OC(=O)C[C@H](C)OC(=O)C[C@H](C)OC(=O)C[C@@H](C)OC(=O)C[C@H](C)OC(=O)C[C@@H](C)OC(=O)C[C@@H](C)OC(=O)C[C@H](C)OC(=O)C[C@H](C)OC(=O)C[C@H](C)OC(=O)C[C@@H](C)OC(=O)C[C@@H](C)OC(=O)C[C@@H](C)OC(=O)C[C@H](C)OC(=O)C[C@@H](C)OC(=O)C[C@@H](C)OC(=O)C[C@H](C)OC(=O)C[C@@H](C)OC(=O)C[C@@H](C)OC(=O)C[C@H](C)OC(=O)C[C@@H](C)OC(=O)C[C@@H](C)OC(=O)C[C@@H](C)OC(=O)C[C@H](C)OC(=O)C[C@H](C)OC(=O)C[C@H](C)OC(=O)C[C@H](C)OC(=O)C[C@@H](C)OC(=O)C[C@H](C)OC(=O)C[C@@H](C)OC(=O)C[C@H](C)OC(=O)C[C@@H](C)OC(=O)C[C@H](C)OC(=O)C[C@@H](C)OC(=O)C[C@H](C)OC(=O)C[C@@H](C)OC(=O)C[C@H](C)OC(=O)C[C@@H](C)OC(=O)CC(C)C,51.0,True
COC(=O)C[C@H](C)OC(=O)C[C@H](C)OC(=O)C[C@H](C)OC(=O)C[C@H](C)OC(=O)C[C@H](C)OC(=O)C[C@H](C)OC(=O)C[C@H](C)OC(=O)C[C@H](C)OC(=O)C[C@H](C)OC(=O)C[C@H](C)OC(=O)C[C@H](C)OC(=O)C[C@H](C)OC(=O)C[C@H](C)OC(=O)C[C@H](C)OC(=O)C[C@H](C)OC(=O)C[C@H](C)OC(=O)C[C@H](C)OC(=O)C[C@H](C)OC(=O)C[C@H](C)OC(=O)C[C@H](C)OC(=O)C[C@H](C)OC(=O)C[C@H](C)OC(=O)C[C@H](C)OC(=O)C[C@H](C)OC(=O)C[C@@H](C)OC(=O)C[C@@H](C)OC(=O)C[C@@H](C)OC(=O)C[C@@H](C)OC(=O)C[C@@H](C)OC(=O)C[C@@H](C)OC(=O)C[C@@H](C)OC(=O)C[C@@H](C)OC(=O)C[C@@H](C)OC(=O)C[C@H](C)OC(=O)C[C@H](C)OC(=O)C[C@H](C)OC(=O)C[C@H](C)OC(=O)C[C@H](C)OC(=O)C[C@H](C)OC(=O)CC(C)C,136.0,True
COC(=O)C[C@H](C)OC(=O)C[C@H](C)OC(=O)C[C@H](C)OC(=O)C[C@H](C)OC(=O)C[C@H](C)OC(=O)C[C@H](C)OC(=O)C[C@H](C)OC(=O)C[C@H](C)OC(=O)C[C@H](C)OC(=O)C[C@H](C)OC(=O)C[C@H](C)OC(=O)C[C@H](C)OC(=O)C[C@H](C)OC(=O)C[C@H](C)OC(=O)C[C@H](C)OC(=O)C[C@H](C)OC(=O)C[C@H](C)OC(=O)C[C@H](C)OC(=O)C[C@H](C)OC(=O)C[C@H](C)OC(=O)C[C@H](C)OC(=O)C[C@H](C)OC(=O)C[C@H](C)OC(=O)C[C@H](C)OC(=O)C[C@@H](C)OC(=O)C[C@@H](C)OC(=O)C[C@@H](C)OC(=O)C[C@@H](C)OC(=O)C[C@@H](C)OC(=O)C[C@@H](C)OC(=O)C[C@@H](C)OC(=O)C[C@@H](C)OC(=O)C[C@@H](C)OC(=O)C[C@H](C)OC(=O)C[C@H](C)OC(=O)C[C@H](C)OC(=O)C[C@H](C)OC(=O)C[C@H](C)OC(=O)C[C@H](C)OC(=O)CC(C)C,143.0,True
COC(=O)C[C@H](C)OC(=O)C[C@H](C)OC(=O)C[C@H](C)OC(=O)C[C@H](C)OC(=O)C[C@H](C)OC(=O)C[C@H](C)OC(=O)C[C@H](C)OC(=O)C[C@H](C)OC(=O)C[C@H](C)OC(=O)C[C@H](C)OC(=O)C[C@H](C)OC(=O)C[C@H](C)OC(=O)C[C@H](C)OC(=O)C[C@H](C)OC(=O)C[C@H](C)OC(=O)C[C@H](C)OC(=O)C[C@H](C)OC(=O)C[C@H](C)OC(=O)C[C@H](C)OC(=O)C[C@H](C)OC(=O)C[C@H](C)OC(=O)C[C@H](C)OC(=O)C[C@H](C)OC(=O)C[C@H](C)OC(=O)C[C@@H](C)OC(=O)C[C@@H](C)OC(=O)C[C@@H](C)OC(=O)C[C@@H](C)OC(=O)C[C@@H](C)OC(=O)C[C@@H](C)OC(=O)C[C@@H](C)OC(=O)C[C@@H](C)OC(=O)C[C@@H](C)OC(=O)C[C@H](C)OC(=O)C[C@H](C)OC(=O)C[C@H](C)OC(=O)C[C@H](C)OC(=O)C[C@H](C)OC(=O)C[C@H](C)OC(=O)CC(C)C,145.0,True
COC(=O)C[C@H](C)OC(=O)C[C@H](C)OC(=O)C[C@H](C)OC(=O)C[C@H](C)OC(=O)C[C@H](C)OC(=O)C[C@H](C)OC(=O)C[C@H](C)OC(=O)C[C@H](C)OC(=O)C[C@H](C)OC(=O)C[C@H](C)OC(=O)C[C@H](C)OC(=O)C[C@H](C)OC(=O)C[C@H](C)OC(=O)C[C@H](C)OC(=O)C[C@H](C)OC(=O)C[C@H](C)OC(=O)C[C@H](C)OC(=O)C[C@H](C)OC(=O)C[C@H](C)OC(=O)C[C@H](C)OC(=O)C[C@H](C)OC(=O)C[C@H](C)OC(=O)C[C@H](C)OC(=O)C[C@H](C)OC(=O)C[C@@H](C)OC(=O)C[C@@H](C)OC(=O)C[C@@H](C)OC(=O)C[C@@H](C)OC(=O)C[C@@H](C)OC(=O)C[C@@H](C)OC(=O)C[C@@H](C)OC(=O)C[C@@H](C)OC(=O)C[C@@H](C)OC(=O)C[C@H](C)OC(=O)C[C@H](C)OC(=O)C[C@H](C)OC(=O)C[C@H](C)OC(=O)C[C@H](C)OC(=O)C[C@H](C)OC(=O)CC(C)C,146.0,True
COC(=O)C[C@H](C)OC(=O)C[C@H](C)OC(=O)C[C@H](C)OC(=O)C[C@H](C)OC(=O)C[C@H](C)OC(=O)C[C@H](C)OC(=O)C[C@H](C)OC(=O)C[C@H](C)OC(=O)C[C@H](C)OC(=O)C[C@H](C)OC(=O)C[C@H](C)OC(=O)C[C@H](C)OC(=O)C[C@H](C)OC(=O)C[C@H](C)OC(=O)C[C@H](C)OC(=O)C[C@H](C)OC(=O)C[C@H](C)OC(=O)C[C@H](C)OC(=O)C[C@H](C)OC(=O)C[C@H](C)OC(=O)C[C@H](C)OC(=O)C[C@H](C)OC(=O)C[C@H](C)OC(=O)C[C@H](C)OC(=O)C[C@@H](C)OC(=O)C[C@@H](C)OC(=O)C[C@@H](C)OC(=O)C[C@@H](C)OC(=O)C[C@@H](C)OC(=O)C[C@@H](C)OC(=O)C[C@@H](C)OC(=O)C[C@@H](C)OC(=O)C[C@@H](C)OC(=O)C[C@H](C)OC(=O)C[C@H](C)OC(=O)C[C@H](C)OC(=O)C[C@H](C)OC(=O)C[C@H](C)OC(=O)C[C@H](C)OC(=O)CC(C)C,147.0,True
COC(=O)C[C@H](C)OC(=O)C[C@H](C)OC(=O)C[C@H](C)OC(=O)C[C@H](C)OC(=O)C[C@H](C)OC(=O)C[C@H](C)OC(=O)C[C@H](C)OC(=O)C[C@H](C)OC(=O)C[C@H](C)OC(=O)C[C@H](C)OC(=O)C[C@H](C)OC(=O)C[C@H](C)OC(=O)C[C@H](C)OC(=O)C[C@H](C)OC(=O)C[C@H](C)OC(=O)C[C@H](C)OC(=O)C[C@H](C)OC(=O)C[C@H](C)OC(=O)C[C@H](C)OC(=O)C[C@H](C)OC(=O)C[C@H](C)OC(=O)C[C@H](C)OC(=O)C[C@H](C)OC(=O)C[C@H](C)OC(=O)C[C@@H](C)OC(=O)C[C@@H](C)OC(=O)C[C@@H](C)OC(=O)C[C@@H](C)OC(=O)C[C@@H](C)OC(=O)C[C@@H](C)OC(=O)C[C@@H](C)OC(=O)C[C@@H](C)OC(=O)C[C@@H](C)OC(=O)C[C@H](C)OC(=O)C[C@H](C)OC(=O)C[C@H](C)OC(=O)C[C@H](C)OC(=O)C[C@H](C)OC(=O)C[C@H](C)OC(=O)CC(C)C,147.0,True
COC(=O)C[C@H](C)OC(=O)C[C@H](C)OC(=O)C[C@H](C)OC(=O)C[C@H](C)OC(=O)C[C@H](C)OC(=O)C[C@H](C)OC(=O)C[C@H](C)OC(=O)C[C@H](C)OC(=O)C[C@H](C)OC(=O)C[C@H](C)OC(=O)C[C@H](C)OC(=O)C[C@H](C)OC(=O)C[C@H](C)OC(=O)C[C@H](C)OC(=O)C[C@H](C)OC(=O)C[C@H](C)OC(=O)C[C@H](C)OC(=O)C[C@H](C)OC(=O)C[C@H](C)OC(=O)C[C@H](C)OC(=O)C[C@H](C)OC(=O)C[C@H](C)OC(=O)C[C@H](C)OC(=O)C[C@H](C)OC(=O)C[C@H](C)OC(=O)C[C@H](C)OC(=O)C[C@H](C)OC(=O)C[C@H](C)OC(=O)C[C@H](C)OC(=O)C[C@H](C)OC(=O)C[C@H](C)OC(=O)C[C@H](C)OC(=O)C[C@H](C)OC(=O)C[C@@H](C)OC(=O)C[C@@H](C)OC(=O)C[C@@H](C)OC(=O)C[C@@H](C)OC(=O)C[C@@H](C)OC(=O)C[C@@H](C)OC(=O)CC(C)C,157.0,True
COC(=O)C[C@H](C)OC(=O)C[C@H](C)OC(=O)C[C@H](C)OC(=O)C[C@H](C)OC(=O)C[C@H](C)OC(=O)C[C@H](C)OC(=O)C[C@H](C)OC(=O)C[C@H](C)OC(=O)C[C@H](C)OC(=O)C[C@H](C)OC(=O)C[C@H](C)OC(=O)C[C@H](C)OC(=O)C[C@H](C)OC(=O)C[C@H](C)OC(=O)C[C@H](C)OC(=O)C[C@H](C)OC(=O)C[C@H](C)OC(=O)C[C@H](C)OC(=O)C[C@H](C)OC(=O)C[C@H](C)OC(=O)C[C@H](C)OC(=O)C[C@H](C)OC(=O)C[C@H](C)OC(=O)C[C@H](C)OC(=O)C[C@H](C)OC(=O)C[C@H](C)OC(=O)C[C@H](C)OC(=O)C[C@H](C)OC(=O)C[C@H](C)OC(=O)C[C@H](C)OC(=O)C[C@H](C)OC(=O)C[C@H](C)OC(=O)C[C@H](C)OC(=O)C[C@@H](C)OC(=O)C[C@@H](C)OC(=O)C[C@@H](C)OC(=O)C[C@@H](C)OC(=O)C[C@@H](C)OC(=O)C[C@@H](C)OC(=O)CC(C)C,156.0,True
COC(=O)C[C@H](C)OC(=O)C[C@H](C)OC(=O)C[C@H](C)OC(=O)C[C@H](C)OC(=O)C[C@H](C)OC(=O)C[C@H](C)OC(=O)C[C@H](C)OC(=O)C[C@H](C)OC(=O)C[C@H](C)OC(=O)C[C@H](C)OC(=O)C[C@H](C)OC(=O)C[C@H](C)OC(=O)C[C@H](C)OC(=O)C[C@H](C)OC(=O)C[C@H](C)OC(=O)C[C@H](C)OC(=O)C[C@H](C)OC(=O)C[C@H](C)OC(=O)C[C@H](C)OC(=O)C[C@H](C)OC(=O)C[C@H](C)OC(=O)C[C@H](C)OC(=O)C[C@H](C)OC(=O)C[C@H](C)OC(=O)C[C@H](C)OC(=O)C[C@H](C)OC(=O)C[C@H](C)OC(=O)C[C@H](C)OC(=O)C[C@H](C)OC(=O)C[C@H](C)OC(=O)C[C@H](C)OC(=O)C[C@H](C)OC(=O)C[C@H](C)OC(=O)C[C@H](C)OC(=O)C[C@H](C)OC(=O)C[C@H](C)OC(=O)C[C@H](C)OC(=O)C[C@H](C)OC(=O)C[C@H](C)OC(=O)CC(C)C,161.0,True
COC(=O)C[C@H](C)OC(=O)C[C@H](C)OC(=O)C[C@H](C)OC(=O)C[C@H](C)OC(=O)C[C@H](C)OC(=O)C[C@H](C)OC(=O)C[C@H](C)OC(=O)C[C@H](C)OC(=O)C[C@H](C)OC(=O)C[C@H](C)OC(=O)C[C@H](C)OC(=O)C[C@H](C)OC(=O)C[C@H](C)OC(=O)C[C@H](C)OC(=O)C[C@H](C)OC(=O)C[C@H](C)OC(=O)C[C@H](C)OC(=O)C[C@H](C)OC(=O)C[C@H](C)OC(=O)C[C@H](C)OC(=O)C[C@H](C)OC(=O)C[C@H](C)OC(=O)C[C@H](C)OC(=O)C[C@H](C)OC(=O)C[C@H](C)OC(=O)C[C@H](C)OC(=O)C[C@H](C)OC(=O)C[C@H](C)OC(=O)C[C@H](C)OC(=O)C[C@H](C)OC(=O)C[C@H](C)OC(=O)C[C@H](C)OC(=O)C[C@H](C)OC(=O)C[C@H](C)OC(=O)C[C@H](C)OC(=O)C[C@H](C)OC(=O)C[C@H](C)OC(=O)C[C@H](C)OC(=O)C[C@H](C)OC(=O)CC(C)C,164.0,True
COC(=O)C[C@H](C)OC(=O)C[C@H](C)OC(=O)C[C@H](C)OC(=O)C[C@H](C)OC(=O)C[C@H](C)OC(=O)C[C@H](C)OC(=O)C[C@H](C)OC(=O)C[C@H](C)OC(=O)C[C@H](C)OC(=O)C[C@H](C)OC(=O)C[C@H](C)OC(=O)C[C@H](C)OC(=O)C[C@H](C)OC(=O)C[C@H](C)OC(=O)C[C@H](C)OC(=O)C[C@H](C)OC(=O)C[C@H](C)OC(=O)C[C@H](C)OC(=O)C[C@H](C)OC(=O)C[C@H](C)OC(=O)C[C@H](C)OC(=O)C[C@H](C)OC(=O)C[C@H](C)OC(=O)C[C@H](C)OC(=O)C[C@H](C)OC(=O)C[C@H](C)OC(=O)C[C@H](C)OC(=O)C[C@H](C)OC(=O)C[C@H](C)OC(=O)C[C@H](C)OC(=O)C[C@H](C)OC(=O)C[C@H](C)OC(=O)C[C@H](C)OC(=O)C[C@H](C)OC(=O)C[C@H](C)OC(=O)C[C@H](C)OC(=O)C[C@H](C)OC(=O)C[C@H](C)OC(=O)C[C@H](C)OC(=O)CC(C)C,169.0,True
COC(=O)C[C@H](C)OC(=O)C[C@H](C)OC(=O)C[C@H](C)OC(=O)C[C@H](C)OC(=O)C[C@H](C)OC(=O)C[C@H](C)OC(=O)C[C@H](C)OC(=O)C[C@H](C)OC(=O)C[C@H](C)OC(=O)C[C@H](C)OC(=O)C[C@H](C)OC(=O)C[C@H](C)OC(=O)C[C@H](C)OC(=O)C[C@H](C)OC(=O)C[C@H](C)OC(=O)C[C@H](C)OC(=O)C[C@H](C)OC(=O)C[C@H](C)OC(=O)C[C@H](C)OC(=O)C[C@H](C)OC(=O)C[C@H](C)OC(=O)C[C@H](C)OC(=O)C[C@H](C)OC(=O)C[C@H](C)OC(=O)C[C@H](C)OC(=O)C[C@H](C)OC(=O)C[C@H](C)OC(=O)C[C@H](C)OC(=O)C[C@H](C)OC(=O)C[C@H](C)OC(=O)C[C@H](C)OC(=O)C[C@H](C)OC(=O)C[C@H](C)OC(=O)C[C@H](C)OC(=O)C[C@H](C)OC(=O)C[C@H](C)OC(=O)C[C@H](C)OC(=O)C[C@H](C)OC(=O)C[C@H](C)OC(=O)CC(C)C,170.0,True
COC(=O)C[C@H](C)OC(=O)C[C@H](C)OC(=O)C[C@H](C)OC(=O)C[C@H](C)OC(=O)C[C@H](C)OC(=O)C[C@H](C)OC(=O)C[C@H](C)OC(=O)C[C@H](C)OC(=O)C[C@H](C)OC(=O)C[C@H](C)OC(=O)C[C@H](C)OC(=O)C[C@H](C)OC(=O)C[C@H](C)OC(=O)C[C@H](C)OC(=O)C[C@H](C)OC(=O)C[C@H](C)OC(=O)C[C@H](C)OC(=O)C[C@H](C)OC(=O)C[C@H](C)OC(=O)C[C@H](C)OC(=O)C[C@H](C)OC(=O)C[C@H](C)OC(=O)C[C@H](C)OC(=O)C[C@H](C)OC(=O)C[C@H](C)OC(=O)C[C@H](C)OC(=O)C[C@H](C)OC(=O)C[C@H](C)OC(=O)C[C@H](C)OC(=O)C[C@H](C)OC(=O)C[C@H](C)OC(=O)C[C@H](C)OC(=O)C[C@H](C)OC(=O)C[C@H](C)OC(=O)C[C@H](C)OC(=O)C[C@H](C)OC(=O)C[C@H](C)OC(=O)C[C@H](C)OC(=O)C[C@H](C)OC(=O)CC(C)C,171.0,True
COC(=O)C[C@H](C)OC(=O)C[C@H](C)OC(=O)C[C@H](C)OC(=O)C[C@H](C)OC(=O)C[C@H](C)OC(=O)C[C@H](C)OC(=O)C[C@@H](C)OC(=O)C[C@@H](C)OC(=O)C[C@@H](C)OC(=O)C[C@@H](C)OC(=O)C[C@@H](C)OC(=O)C[C@@H](C)OC(=O)C[C@@H](C)OC(=O)C[C@@H](C)OC(=O)C[C@@H](C)OC(=O)C[C@@H](C)OC(=O)C[C@@H](C)OC(=O)C[C@@H](C)OC(=O)C[C@@H](C)OC(=O)C[C@@H](C)OC(=O)C[C@@H](C)OC(=O)C[C@@H](C)OC(=O)C[C@@H](C)OC(=O)C[C@@H](C)OC(=O)C[C@H](C)OC(=O)C[C@H](C)OC(=O)C[C@H](C)OC(=O)C[C@H](C)OC(=O)C[C@H](C)OC(=O)C[C@H](C)OC(=O)C[C@H](C)OC(=O)C[C@H](C)OC(=O)C[C@H](C)OC(=O)C[C@@H](C)OC(=O)C[C@@H](C)OC(=O)C[C@@H](C)OC(=O)C[C@@H](C)OC(=O)C[C@@H](C)OC(=O)C[C@@H](C)OC(=O)CC(C)C,121.0,True
COC(=O)C[C@H](C)OC(=O)C[C@H](C)OC(=O)C[C@H](C)OC(=O)C[C@H](C)OC(=O)C[C@H](C)OC(=O)C[C@H](C)OC(=O)C[C@@H](C)OC(=O)C[C@@H](C)OC(=O)C[C@@H](C)OC(=O)C[C@@H](C)OC(=O)C[C@@H](C)OC(=O)C[C@@H](C)OC(=O)C[C@@H](C)OC(=O)C[C@@H](C)OC(=O)C[C@@H](C)OC(=O)C[C@@H](C)OC(=O)C[C@@H](C)OC(=O)C[C@@H](C)OC(=O)C[C@@H](C)OC(=O)C[C@@H](C)OC(=O)C[C@@H](C)OC(=O)C[C@@H](C)OC(=O)C[C@@H](C)OC(=O)C[C@@H](C)OC(=O)C[C@H](C)OC(=O)C[C@H](C)OC(=O)C[C@H](C)OC(=O)C[C@H](C)OC(=O)C[C@H](C)OC(=O)C[C@H](C)OC(=O)C[C@H](C)OC(=O)C[C@H](C)OC(=O)C[C@H](C)OC(=O)C[C@@H](C)OC(=O)C[C@@H](C)OC(=O)C[C@@H](C)OC(=O)C[C@@H](C)OC(=O)C[C@@H](C)OC(=O)C[C@@H](C)OC(=O)CC(C)C,122.0,True
CO[C@H](Cc1ccccc1)C(=O)O[C@H](Cc1ccccc1)C(=O)O[C@H](Cc1ccccc1)C(=O)O[C@H](Cc1ccccc1)C(=O)O[C@H](Cc1ccccc1)C(=O)O[C@H](Cc1ccccc1)C(=O)O[C@H](Cc1ccccc1)C(=O)O[C@H](Cc1ccccc1)C(=O)O[C@H](Cc1ccccc1)C(=O)O[C@H](Cc1ccccc1)C(=O)O[C@H](Cc1ccccc1)C(=O)O[C@H](Cc1ccccc1)C(=O)O[C@H](Cc1ccccc1)C(=O)O[C@H](Cc1ccccc1)C(=O)O[C@H](Cc1ccccc1)C(=O)O[C@H](Cc1ccccc1)C(=O)O[C@H](Cc1ccccc1)C(=O)O[C@H](Cc1ccccc1)C(=O)O[C@H](Cc1ccccc1)C(=O)O[C@H](Cc1ccccc1)C(=O)O[C@H](Cc1ccccc1)C(=O)O[C@H](Cc1ccccc1)C(=O)O[C@H](Cc1ccccc1)C(=O)O[C@H](Cc1ccccc1)C(=O)O[C@H](Cc1ccccc1)C(=O)O[C@H](Cc1ccccc1)C(=O)O[C@H](Cc1ccccc1)C(=O)O[C@H](Cc1ccccc1)C(=O)O[C@H](Cc1ccccc1)C(=O)O[C@H](Cc1ccccc1)C(=O)O[C@H](Cc1ccccc1)C(=O)O[C@H](Cc1ccccc1)C(=O)O[C@H](Cc1ccccc1)C(=O)O[C@@H](Cc1ccccc1)C(=O)O[C@@H](Cc1ccccc1)C(=O)O[C@@H](Cc1ccccc1)C(=O)O[C@@H](Cc1ccccc1)C(=O)O[C@@H](Cc1ccccc1)C(=O)O[C@@H](Cc1ccccc1)C(=O)O[C@@H](Cc1ccccc1)C(C)=O,153.0,True
CO[C@@H](C)C(=O)O[C@@H](C)C(=O)O[C@@H](C)C(=O)O[C@@H](C)C(=O)O[C@@H](C)C(=O)O[C@@H](C)C(=O)O[C@@H](C)C(=O)O[C@@H](C)C(=O)O[C@@H](C)C(=O)O[C@@H](C)C(=O)O[C@@H](C)C(=O)O[C@@H](C)C(=O)O[C@@H](C)C(=O)O[C@@H](C)C(=O)O[C@@H](C)C(=O)O[C@@H](C)C(=O)O[C@@H](C)C(=O)O[C@@H](C)C(=O)O[C@@H](C)C(=O)O[C@@H](C)C(=O)O[C@@H](C)C(=O)O[C@@H](C)C(=O)O[C@@H](C)C(=O)O[C@@H](C)C(=O)O[C@@H](C)C(=O)O[C@@H](C)C(=O)O[C@@H](C)C(=O)O[C@@H](C)C(=O)O[C@@H](C)C(=O)O[C@@H](C)C(=O)O[C@@H](C)C(=O)O[C@@H](C)C(=O)O[C@@H](C)C(=O)O[C@@H](C)C(=O)O[C@@H](C)C(=O)O[C@@H](C)C(=O)O[C@@H](C)C(=O)O[C@@H](C)C(=O)O[C@@H](C)C(=O)O[C@@H](C)C(C)=O,173.0,True
CO[C@@H](C)C(=O)O[C@@H](C)C(=O)O[C@@H](C)C(=O)O[C@@H](C)C(=O)O[C@@H](C)C(=O)O[C@@H](C)C(=O)O[C@@H](C)C(=O)O[C@@H](C)C(=O)O[C@@H](C)C(=O)O[C@@H](C)C(=O)O[C@@H](C)C(=O)O[C@@H](C)C(=O)O[C@@H](C)C(=O)O[C@@H](C)C(=O)O[C@@H](C)C(=O)O[C@@H](C)C(=O)O[C@@H](C)C(=O)O[C@@H](C)C(=O)O[C@@H](C)C(=O)O[C@@H](C)C(=O)O[C@@H](C)C(=O)O[C@@H](C)C(=O)O[C@@H](C)C(=O)O[C@@H](C)C(=O)O[C@H](C)C(=O)O[C@H](C)C(=O)O[C@H](C)C(=O)O[C@H](C)C(=O)O[C@H](C)C(=O)O[C@H](C)C(=O)O[C@H](C)C(=O)O[C@H](C)C(=O)O[C@H](C)C(=O)O[C@@H](C)C(=O)O[C@@H](C)C(=O)O[C@@H](C)C(=O)O[C@@H](C)C(=O)O[C@@H](C)C(=O)O[C@@H](C)C(=O)O[C@@H](C)C(C)=O,146.0,True
CO[C@H](C(=O)O[C@H](C(=O)O[C@H](C(=O)O[C@H](C(=O)O[C@H](C(=O)O[C@H](C(=O)O[C@H](C(=O)O[C@H](C(=O)O[C@H](C(=O)O[C@H](C(=O)O[C@H](C(=O)O[C@H](C(=O)O[C@H](C(=O)O[C@H](C(=O)O[C@H](C(=O)O[C@H](C(=O)O[C@H](C(=O)O[C@H](C(=O)O[C@H](C(=O)O[C@H](C(=O)O[C@H](C(=O)O[C@H](C(=O)O[C@H](C(=O)O[C@H](C(=O)O[C@H](C(=O)O[C@H](C(=O)O[C@H](C(=O)O[C@H](C(=O)O[C@H](C(=O)O[C@H](C(=O)O[C@H](C(=O)O[C@H](C(=O)O[C@H](C(=O)O[C@H](C(=O)O[C@H](C(=O)O[C@H](C(=O)O[C@H](C(=O)O[C@H](C(=O)O[C@H](C(=O)O[C@H](C(C)=O)c1ccccc1)c1ccccc1)c1ccccc1)c1ccccc1)c1ccccc1)c1ccccc1)c1ccccc1)c1ccccc1)c1ccccc1)c1ccccc1)c1ccccc1)c1ccccc1)c1ccccc1)c1ccccc1)c1ccccc1)c1ccccc1)c1ccccc1)c1ccccc1)c1ccccc1)c1ccccc1)c1ccccc1)c1ccccc1)c1ccccc1)c1ccccc1)c1ccccc1)c1ccccc1)c1ccccc1)c1ccccc1)c1ccccc1)c1ccccc1)c1ccccc1)c1ccccc1)c1ccccc1)c1ccccc1)c1ccccc1)c1ccccc1)c1ccccc1)c1ccccc1)c1ccccc1)c1ccccc1,213.0,True
CO[C@H](C(=O)O[C@H](C(=O)O[C@@H](C(=O)O[C@H](C(=O)O[C@@H](C(=O)O[C@H](C(=O)O[C@@H](C(=O)O[C@@H](C(=O)O[C@H](C(=O)O[C@H](C(=O)O[C@@H](C(=O)O[C@H](C(=O)O[C@H](C(=O)O[C@@H](C(=O)O[C@H](C(=O)O[C@@H](C(=O)O[C@H](C(=O)O[C@@H](C(=O)O[C@H](C(=O)O[C@H](C(=O)O[C@@H](C(=O)O[C@H](C(=O)O[C@@H](C(=O)O[C@H](C(=O)O[C@@H](C(=O)O[C@H](C(=O)O[C@@H](C(=O)O[C@H](C(=O)O[C@@H](C(=O)O[C@H](C(=O)O[C@@H](C(=O)O[C@H](C(=O)O[C@@H](C(=O)O[C@H](C(=O)O[C@@H](C(=O)O[C@H](C(=O)O[C@@H](C(=O)O[C@H](C(=O)O[C@@H](C(=O)O[C@H](C(C)=O)c1ccccc1)c1ccccc1)c1ccccc1)c1ccccc1)c1ccccc1)c1ccccc1)c1ccccc1)c1ccccc1)c1ccccc1)c1ccccc1)c1ccccc1)c1ccccc1)c1ccccc1)c1ccccc1)c1ccccc1)c1ccccc1)c1ccccc1)c1ccccc1)c1ccccc1)c1ccccc1)c1ccccc1)c1ccccc1)c1ccccc1)c1ccccc1)c1ccccc1)c1ccccc1)c1ccccc1)c1ccccc1)c1ccccc1)c1ccccc1)c1ccccc1)c1ccccc1)c1ccccc1)c1ccccc1)c1ccccc1)c1ccccc1)c1ccccc1)c1ccccc1)c1ccccc1)c1ccccc1,145.0,True
COC(=O)C[C@H](C)OC(=O)C[C@H](C)OC(=O)C[C@H](C)OC(=O)C[C@H](C)OC(=O)C[C@H](C)OC(=O)C[C@H](C)OC(=O)C[C@H](C)OC(=O)C[C@H](C)OC(=O)C[C@H](C)OC(=O)C[C@H](C)OC(=O)C[C@H](C)OC(=O)C[C@H](C)OC(=O)C[C@H](C)OC(=O)C[C@H](C)OC(=O)C[C@H](C)OC(=O)C[C@H](C)OC(=O)C[C@H](C)OC(=O)C[C@H](C)OC(=O)C[C@H](C)OC(=O)C[C@H](C)OC(=O)C[C@H](C)OC(=O)C[C@H](C)OC(=O)C[C@H](C)OC(=O)C[C@H](C)OC(=O)C[C@H](C)OC(=O)C[C@H](C)OC(=O)C[C@H](C)OC(=O)C[C@H](C)OC(=O)C[C@H](C)OC(=O)C[C@H](C)OC(=O)C[C@H](C)OC(=O)C[C@H](C)OC(=O)C[C@H](C)OC(=O)C[C@H](C)OC(=O)C[C@H](C)OC(=O)C[C@H](C)OC(=O)C[C@H](C)OC(=O)C[C@H](C)OC(=O)C[C@H](C)OC(=O)CC(C)C,163.0,True
COC(=O)C[C@H](C)OC(=O)C[C@@H](C)OC(=O)C[C@H](C)OC(=O)C[C@@H](C)OC(=O)C[C@H](C)OC(=O)C[C@@H](C)OC(=O)C[C@H](C)OC(=O)C[C@@H](C)OC(=O)C[C@H](C)OC(=O)C[C@@H](C)OC(=O)C[C@H](C)OC(=O)C[C@@H](C)OC(=O)C[C@H](C)OC(=O)C[C@@H](C)OC(=O)C[C@H](C)OC(=O)C[C@@H](C)OC(=O)C[C@H](C)OC(=O)C[C@@H](C)OC(=O)C[C@H](C)OC(=O)C[C@@H](C)OCCCCCC(=O)OC(=O)C[C@@H](C)OC(=O)C[C@H](C)OC(=O)C[C@@H](C)OCCCCCC(=O)OC(=O)C[C@@H](C)OC(=O)C[C@H](C)OC(=O)C[C@@H](C)OCCCCCC(=O)OC(=O)C[C@@H](C)OC(=O)C[C@H](C)OC(=O)C[C@@H](C)OC(=O)C[C@H](C)OC(=O)C[C@@H](C)OC(=O)C[C@H](C)OC(=O)C[C@@H](C)OC(=O)C[C@H](C)OC(=O)C[C@@H](C)OC(=O)CC(C)C,126.0,True
COC(=O)C[C@H](C)OC(=O)C[C@@H](C)OC(=O)C[C@H](C)OC(=O)C[C@@H](C)OC(=O)C[C@H](C)OCCCCCC(=O)OC(=O)C[C@H](C)OC(=O)C[C@@H](C)OC(=O)C[C@H](C)OC(=O)C[C@@H](C)OC(=O)C[C@H](C)OC(=O)C[C@@H](C)OC(=O)C[C@H](C)OC(=O)C[C@@H](C)OC(=O)C[C@H](C)OC(=O)C[C@@H](C)OC(=O)C[C@H](C)OC(=O)C[C@@H](C)OC(=O)C[C@H](C)OC(=O)C[C@@H](C)OCCCCCC(=O)OC(=O)C[C@@H](C)OC(=O)C[C@H](C)OC(=O)C[C@@H](C)OCCCCCC(=O)OC(=O)C[C@@H](C)OC(=O)C[C@H](C)OC(=O)C[C@@H](C)OCCCCCC(=O)OC(=O)C[C@@H](C)OC(=O)C[C@H](C)OC(=O)C[C@@H](C)OC(=O)C[C@H](C)OC(=O)C[C@@H](C)OC(=O)C[C@H](C)OC(=O)C[C@@H](C)OC(=O)C[C@H](C)OC(=O)C[C@@H](C)OC(=O)CC(C)C,119.0,True
COC(=O)C[C@H](C)OC(=O)C[C@@H](C)OC(=O)C[C@H](C)OC(=O)C[C@@H](C)OC(=O)C[C@H](C)OCCCCCC(=O)OC(=O)C[C@H](C)OC(=O)C[C@@H](C)OC(=O)C[C@H](C)OC(=O)C[C@@H](C)OC(=O)C[C@H](C)OC(=O)C[C@@H](C)OC(=O)C[C@H](C)OC(=O)C[C@@H](C)OC(=O)C[C@H](C)OC(=O)C[C@@H](C)OC(=O)C[C@H](C)OC(=O)C[C@@H](C)OC(=O)C[C@H](C)OC(=O)C[C@@H](C)OCCCCCC(=O)OC(=O)C[C@@H](C)OC(=O)C[C@H](C)OC(=O)C[C@@H](C)OCCCCCC(=O)OC(=O)C[C@@H](C)OC(=O)C[C@H](C)OC(=O)C[C@@H](C)OCCCCCC(=O)OC(=O)C[C@@H](C)OC(=O)C[C@H](C)OC(=O)C[C@@H](C)OC(=O)C[C@H](C)OC(=O)C[C@@H](C)OC(=O)C[C@H](C)OC(=O)C[C@@H](C)OC(=O)C[C@H](C)OC(=O)C[C@@H](C)OC(=O)CC(C)C,119.0,True
COC(=O)C[C@H](C)OCCCCCC(=O)OC(=O)C[C@H](C)OC(=O)C[C@@H](C)OC(=O)C[C@H](C)OCCCCCC(=O)OC(=O)C[C@H](C)OC(=O)C[C@@H](C)OC(=O)C[C@H](C)OC(=O)C[C@@H](C)OC(=O)C[C@H](C)OC(=O)C[C@@H](C)OC(=O)C[C@H](C)OC(=O)C[C@@H](C)OC(=O)C[C@H](C)OCCCCCC(=O)OC(=O)C[C@H](C)OC(=O)C[C@@H](C)OC(=O)C[C@H](C)OC(=O)C[C@@H](C)OCCCCCC(=O)OC(=O)C[C@@H](C)OC(=O)C[C@H](C)OC(=O)C[C@@H](C)OCCCCCC(=O)OCCCCCC(=O)OC(=O)C[C@H](C)OC(=O)C[C@@H](C)OCCCCCC(=O)OC(=O)C[C@@H](C)OC(=O)C[C@H](C)OC(=O)C[C@@H](C)OC(=O)C[C@H](C)OC(=O)C[C@@H](C)OC(=O)C[C@H](C)OC(=O)C[C@@H](C)OC(=O)C[C@H](C)OC(=O)C[C@@H](C)OC(=O)CC(C)C,97.0,True
COCCCCCC(=O)OCCCCCC(=O)OCCCCCC(=O)OCCCCCC(=O)OCCCCCC(=O)OCCCCCC(=O)OCCCCCC(=O)OCCCCCC(=O)OCCCCCC(=O)OCCCCCC(=O)OCCCCCC(=O)OCCCCCC(=O)OCCCCCC(=O)OCCCCCC(=O)OCCCCCC(=O)OCCCCCC(=O)OCCCCCC(=O)OCCCCCC(=O)OCCCCCC(=O)OCCCCCC(=O)OCCCCCC(=O)OCCCCCC(=O)OCCCCCC(=O)OCCCCCC(=O)OCCCCCC(=O)OCCCCCC(=O)OC(=O)C[C@H](C)OC(=O)C[C@@H](C)OCCCCCC(=O)OCCCCCC(=O)OCCCCCC(=O)OCCCCCC(=O)OCCCCCC(=O)OCCCCCC(=O)OCCCCCC(=O)OCCCCCC(=O)OCCCCCC(=O)OC(=O)C[C@@H](C)OCCCCCC(C)=O,47.0,True
COC(=O)C[C@H](C)OC(=O)C[C@@H](C)OC(=O)C[C@H](C)OC(=O)C[C@@H](C)OC(=O)C[C@H](C)OC(=O)C[C@@H](C)OC(=O)C[C@H](C)OC(=O)C[C@@H](C)OC(=O)C[C@H](C)OC(=O)C[C@@H](C)OC(=O)C[C@H](C)OC(=O)C[C@@H](C)OC(=O)C[C@H](C)OC(=O)C[C@@H](C)OC(=O)C[C@H](C)OC(=O)C[C@@H](C)OC(=O)C[C@H](C)OC(=O)C[C@@H](C)OC(=O)C[C@H](C)OC(=O)C[C@@H](C)OCCCCC(=O)OC(=O)C[C@@H](C)OC(=O)C[C@H](C)OC(=O)C[C@@H](C)OCCCCC(=O)OC(=O)C[C@@H](C)OC(=O)C[C@H](C)OC(=O)C[C@@H](C)OCCCCC(=O)OC(=O)C[C@@H](C)OC(=O)C[C@H](C)OC(=O)C[C@@H](C)OC(=O)C[C@H](C)OC(=O)C[C@@H](C)OC(=O)C[C@H](C)OC(=O)C[C@@H](C)OC(=O)C[C@H](C)OC(=O)C[C@@H](C)OC(=O)CC(C)C,113.0,True
COC(=O)C[C@H](C)OC(=O)C[C@@H](C)OC(=O)C[C@H](C)OC(=O)C[C@@H](C)OC(=O)C[C@H](C)OC(=O)C[C@@H](C)OC(=O)C[C@H](C)OC(=O)C[C@@H](C)OC(=O)C[C@H](C)OC(=O)C[C@@H](C)OC(=O)C[C@H](C)OC(=O)C[C@@H](C)OC(=O)C[C@H](C)OC(=O)C[C@@H](C)OC(=O)C[C@H](C)OC(=O)C[C@@H](C)OC(=O)C[C@H](C)OC(=O)C[C@@H](C)OC(=O)C[C@H](C)OC(=O)C[C@@H](C)OCC[C@H](C)CC(=O)OC(=O)C[C@@H](C)OC(=O)C[C@H](C)OC(=O)C[C@@H](C)OCC[C@H](C)CC(=O)OC(=O)C[C@@H](C)OC(=O)C[C@H](C)OC(=O)C[C@@H](C)OCC[C@H](C)CC(=O)OC(=O)C[C@@H](C)OC(=O)C[C@H](C)OC(=O)C[C@@H](C)OC(=O)C[C@H](C)OC(=O)C[C@@H](C)OC(=O)C[C@H](C)OC(=O)C[C@@H](C)OC(=O)C[C@H](C)OC(=O)C[C@@H](C)OC(=O)CC(C)C,115.0,True
COC(=O)C[C@H](C)OC(=O)[C@@H](C)OC(=O)[C@H](C)OC(=O)C[C@H](C)OC(=O)C[C@@H](C)OC(=O)C[C@H](C)OC(=O)[C@@H](C)OC(=O)[C@H](C)OC(=O)C[C@H](C)OC(=O)C[C@@H](C)OC(=O)C[C@H](C)OC(=O)C[C@@H](C)OC(=O)C[C@H](C)OC(=O)C[C@@H](C)OC(=O)C[C@H](C)OC(=O)C[C@@H](C)OC(=O)C[C@H](C)OC(=O)[C@@H](C)OC(=O)[C@H](C)OC(=O)C[C@H](C)OC(=O)C[C@@H](C)OC(=O)C[C@H](C)OC(=O)C[C@@H](C)OC(=O)[C@H](C)OC(=O)[C@@H](C)OC(=O)C[C@@H](C)OC(=O)C[C@H](C)OC(=O)C[C@@H](C)OC(=O)[C@H](C)OC(=O)[C@@H](C)OC(=O)C[C@@H](C)OC(=O)C[C@H](C)OC(=O)C[C@@H](C)OC(=O)[C@H](C)OC(=O)[C@@H](C)OC(=O)C[C@@H](C)OC(=O)C[C@H](C)OC(=O)C[C@@H](C)OC(=O)C[C@H](C)OC(=O)C[C@@H](C)OC(=O)C[C@H](C)OC(=O)C[C@@H](C)OC(=O)C[C@H](C)OC(=O)C[C@@H](C)OC(=O)CC(C)C,120.0,True
COC(=O)C[C@H](C)OC(=O)C[C@H](C)OC(=O)C[C@H](C)OC(=O)C[C@H](C)OC(=O)C[C@H](C)OC(=O)C[C@H](C)OC(=O)C[C@H](C)OC(=O)C[C@H](C)OC(=O)C[C@H](C)OC(=O)C[C@H](C)OC(=O)C[C@H](C)OC(=O)C[C@H](C)OC(=O)C[C@H](C)OC(=O)C[C@H](C)OC(=O)C[C@H](C)OC(=O)C[C@H](C)OC(=O)C[C@H](C)OC(=O)C[C@H](C)OC(=O)C[C@H](C)OC(=O)C[C@H](C)OC(=O)C[C@H](C)OC(=O)C[C@H](C)OC(=O)C[C@H](C)OC(=O)C[C@H](C)OC(=O)C[C@H](C)OC(=O)C[C@H](C)OC(=O)C[C@H](C)OC(=O)C[C@H](C)OC(=O)C[C@H](C)OC(=O)C[C@H](C)OC(=O)C[C@H](C)OC(=O)C[C@H](C)OC(=O)C[C@H](C)OC(=O)C[C@H](C)OC(=O)C[C@H](C)OC(=O)C[C@H](C)OC(=O)C[C@H](C)OC(=O)C[C@H](C)OCCCCCC(C)=O,162.3,True
COC(=O)C[C@H](C)OCCCCCC(=O)OC(=O)C[C@H](C)OC(=O)C[C@H](C)OC(=O)C[C@H](C)OCCCCCC(=O)OC(=O)C[C@H](C)OC(=O)C[C@H](C)OC(=O)C[C@H](C)OC(=O)C[C@H](C)OC(=O)C[C@H](C)OC(=O)C[C@H](C)OC(=O)C[C@H](C)OC(=O)C[C@H](C)OC(=O)C[C@H](C)OCCCCCC(=O)OC(=O)C[C@H](C)OC(=O)C[C@H](C)OC(=O)C[C@H](C)OC(=O)C[C@H](C)OCCCCCC(=O)OC(=O)C[C@H](C)OC(=O)C[C@H](C)OC(=O)C[C@H](C)OCCCCCC(=O)OC(=O)C[C@H](C)OC(=O)C[C@H](C)OC(=O)C[C@H](C)OCCCCCC(=O)OC(=O)C[C@H](C)OC(=O)C[C@H](C)OC(=O)C[C@H](C)OC(=O)C[C@H](C)OC(=O)C[C@H](C)OC(=O)C[C@H](C)OC(=O)C[C@H](C)OC(=O)C[C@H](C)OC(=O)C[C@H](C)OC(=O)CC(C)C,156.6,True
COC(=O)C[C@H](C)OC(=O)C[C@H](C)OC(=O)C[C@H](C)OC(=O)C[C@H](C)OC(=O)C[C@H](C)OCCCCCC(=O)OC(=O)C[C@H](C)OC(=O)C[C@H](C)OC(=O)C[C@H](C)OC(=O)C[C@H](C)OC(=O)C[C@H](C)OC(=O)C[C@H](C)OC(=O)C[C@H](C)OC(=O)C[C@H](C)OC(=O)C[C@H](C)OC(=O)C[C@H](C)OC(=O)C[C@H](C)OC(=O)C[C@H](C)OC(=O)C[C@H](C)OC(=O)C[C@H](C)OCCCCCC(=O)OC(=O)C[C@H](C)OC(=O)C[C@H](C)OC(=O)C[C@H](C)OCCCCCC(=O)OC(=O)C[C@H](C)OC(=O)C[C@H](C)OC(=O)C[C@H](C)OCCCCCC(=O)OC(=O)C[C@H](C)OC(=O)C[C@H](C)OC(=O)C[C@H](C)OC(=O)C[C@H](C)OC(=O)C[C@H](C)OC(=O)C[C@H](C)OC(=O)C[C@H](C)OC(=O)C[C@H](C)OC(=O)C[C@H](C)OC(=O)CC(C)C,149.7,True
COC(=O)C[C@H](C)OC(=O)C[C@H](C)OC(=O)C[C@H](C)OC(=O)C[C@H](C)OC(=O)C[C@H](C)OCCCCCC(=O)OC(=O)C[C@H](C)OC(=O)C[C@H](C)OC(=O)C[C@H](C)OC(=O)C[C@H](C)OC(=O)C[C@H](C)OC(=O)C[C@H](C)OC(=O)C[C@H](C)OC(=O)C[C@H](C)OC(=O)C[C@H](C)OCCCCCC(=O)OC(=O)C[C@H](C)OC(=O)C[C@H](C)OC(=O)C[C@H](C)OC(=O)C[C@H](C)OCCCCCC(=O)OC(=O)C[C@H](C)OC(=O)C[C@H](C)OC(=O)C[C@H](C)OCCCCCC(=O)OC(=O)C[C@H](C)OC(=O)C[C@H](C)OC(=O)C[C@H](C)OCCCCCC(=O)OC(=O)C[C@H](C)OC(=O)C[C@H](C)OC(=O)C[C@H](C)OC(=O)C[C@H](C)OC(=O)C[C@H](C)OC(=O)C[C@H](C)OC(=O)C[C@H](C)OC(=O)C[C@H](C)OC(=O)C[C@H](C)OC(=O)CC(C)C,149.0,True
COC(=O)C[C@H](C)OC(=O)C[C@H](C)OC(=O)C[C@H](C)OC(=O)C[C@H](C)OC(=O)C[C@H](C)OCCCCCC(=O)OC(=O)C[C@H](C)OC(=O)C[C@H](C)OC(=O)C[C@H](C)OC(=O)C[C@H](C)OC(=O)C[C@H](C)OC(=O)C[C@H](C)OC(=O)C[C@H](C)OC(=O)C[C@H](C)OC(=O)C[C@H](C)OC(=O)C[C@H](C)OC(=O)C[C@H](C)OC(=O)C[C@H](C)OC(=O)C[C@H](C)OC(=O)C[C@H](C)OCCCCCC(=O)OC(=O)C[C@H](C)OC(=O)C[C@H](C)OC(=O)C[C@H](C)OCCCCCC(=O)OC(=O)C[C@H](C)OC(=O)C[C@H](C)OC(=O)C[C@H](C)OCCCCCC(=O)OC(=O)C[C@H](C)OC(=O)C[C@H](C)OC(=O)C[C@H](C)OC(=O)C[C@H](C)OC(=O)C[C@H](C)OC(=O)C[C@H](C)OC(=O)C[C@H](C)OC(=O)C[C@H](C)OC(=O)C[C@H](C)OC(=O)CC(C)C,150.1,True
COC(=O)C[C@H](C)OC(=O)C[C@H](C)OC(=O)C[C@H](C)OC(=O)C[C@H](C)OC(=O)C[C@H](C)OC(=O)C[C@H](C)OC(=O)C[C@H](C)OC(=O)C[C@H](C)OC(=O)C[C@H](C)OC(=O)C[C@H](C)OC(=O)C[C@H](C)OC(=O)C[C@H](C)OC(=O)C[C@H](C)OC(=O)C[C@H](C)OC(=O)C[C@H](C)OC(=O)C[C@H](C)OC(=O)C[C@H](C)OC(=O)C[C@H](C)OC(=O)C[C@H](C)OC(=O)C[C@H](C)OC(=O)C[C@H](C)OC(=O)C[C@H](C)OC(=O)C[C@H](C)OC(=O)C[C@H](C)OCCCCCC(=O)OC(=O)C[C@H](C)OC(=O)C[C@H](C)OC(=O)C[C@H](C)OCCCCCC(=O)OC(=O)C[C@H](C)OC(=O)C[C@H](C)OC(=O)C[C@H](C)OC(=O)C[C@H](C)OC(=O)C[C@H](C)OC(=O)C[C@H](C)OC(=O)C[C@H](C)OC(=O)C[C@H](C)OC(=O)C[C@H](C)OC(=O)CC(C)C,157.8,True
COC(=O)C[C@H](C)OC(=O)C[C@H](C)OC(=O)C[C@H](C)OC(=O)C[C@H](C)OC(=O)C[C@H](C)OC(=O)C[C@H](C)OC(=O)C[C@H](C)OC(=O)C[C@H](C)OC(=O)C[C@H](C)OC(=O)C[C@H](C)OC(=O)C[C@H](C)OC(=O)C[C@H](C)OC(=O)C[C@H](C)OC(=O)C[C@H](C)OC(=O)C[C@H](C)OC(=O)C[C@H](C)OC(=O)C[C@H](C)OC(=O)C[C@H](C)OC(=O)C[C@H](C)OC(=O)C[C@H](C)OC(=O)C[C@H](C)OC(=O)C[C@H](C)OC(=O)C[C@H](C)OC(=O)C[C@H](C)OCCCCCC(=O)OC(=O)C[C@H](C)OC(=O)C[C@H](C)OC(=O)C[C@H](C)OC(=O)C[C@H](C)OC(=O)C[C@H](C)OC(=O)C[C@H](C)OC(=O)C[C@H](C)OC(=O)C[C@H](C)OC(=O)C[C@H](C)OC(=O)C[C@H](C)OC(=O)C[C@H](C)OC(=O)C[C@H](C)OC(=O)C[C@H](C)OC(=O)CC(C)C,160.9,True
COC(=O)C[C@H](C)OC(=O)C[C@H](C)OC(=O)C[C@H](C)OC(=O)C[C@H](C)OC(=O)C[C@H](C)OC(=O)C[C@H](C)OC(=O)C[C@H](C)OC(=O)C[C@H](C)OC(=O)C[C@H](C)OC(=O)C[C@H](C)OC(=O)C[C@H](C)OC(=O)C[C@H](C)OC(=O)C[C@H](C)OC(=O)C[C@H](C)OC(=O)C[C@H](C)OC(=O)C[C@H](C)OC(=O)C[C@H](C)OC(=O)C[C@H](C)OC(=O)C[C@H](C)OC(=O)C[C@H](C)OC(=O)C[C@H](C)OC(=O)C[C@H](C)OC(=O)C[C@H](C)OC(=O)C[C@H](C)OCCCCCC(=O)OC(=O)C[C@H](C)OC(=O)C[C@H](C)OC(=O)C[C@H](C)OCCCCCC(=O)OC(=O)C[C@H](C)OC(=O)C[C@H](C)OC(=O)C[C@H](C)OC(=O)C[C@H](C)OC(=O)C[C@H](C)OC(=O)C[C@H](C)OC(=O)C[C@H](C)OC(=O)C[C@H](C)OC(=O)C[C@H](C)OC(=O)CC(C)C,160.0,True
COC(=O)C[C@H](C)OC(=O)C[C@H](C)OC(=O)C[C@H](C)OC(=O)C[C@H](C)OC(=O)C[C@H](C)OC(=O)C[C@H](C)OC(=O)C[C@H](C)OC(=O)C[C@H](C)OC(=O)C[C@H](C)OC(=O)C[C@H](C)OC(=O)C[C@H](C)OC(=O)C[C@H](C)OC(=O)C[C@H](C)OC(=O)C[C@H](C)OC(=O)C[C@H](C)OC(=O)C[C@H](C)OC(=O)C[C@H](C)OC(=O)C[C@H](C)OC(=O)C[C@H](C)OC(=O)C[C@H](C)OCCCCCC(=O)OC(=O)C[C@H](C)OC(=O)C[C@H](C)OC(=O)C[C@H](C)OCCCCCC(=O)OC(=O)C[C@H](C)OC(=O)C[C@H](C)OC(=O)C[C@H](C)OCCCCCC(=O)OC(=O)C[C@H](C)OC(=O)C[C@H](C)OC(=O)C[C@H](C)OC(=O)C[C@H](C)OC(=O)C[C@H](C)OC(=O)C[C@H](C)OC(=O)C[C@H](C)OC(=O)C[C@H](C)OC(=O)C[C@H](C)OC(=O)CC(C)C,161.0,True
COC(=O)C[C@H](C)OC(=O)C[C@H](C)OC(=O)C[C@H](C)OC(=O)C[C@H](C)OC(=O)C[C@H](C)OC(=O)C[C@H](C)OC(=O)C[C@H](C)OC(=O)C[C@H](C)OC(=O)C[C@H](C)OC(=O)C[C@H](C)OC(=O)C[C@H](C)OC(=O)C[C@H](C)OC(=O)C[C@H](C)OC(=O)C[C@H](C)OC(=O)C[C@H](C)OC(=O)C[C@H](C)OC(=O)C[C@H](C)OC(=O)C[C@H](C)OC(=O)C[C@H](C)OC(=O)C[C@H](C)OC(=O)C[C@H](C)OC(=O)C[C@H](C)OC(=O)C[C@H](C)OC(=O)C[C@H](C)OCCCCCC(=O)OC(=O)C[C@H](C)OC(=O)C[C@H](C)OC(=O)C[C@H](C)OCCCCCC(=O)OC(=O)C[C@H](C)OC(=O)C[C@H](C)OC(=O)C[C@H](C)OC(=O)C[C@H](C)OC(=O)C[C@H](C)OC(=O)C[C@H](C)OC(=O)C[C@H](C)OC(=O)C[C@H](C)OC(=O)C[C@H](C)OC(=O)CC(C)C,162.6,True
CO[C@@H](C)CC(=O)O[C@H](C)CC(=O)O[C@@H](C)CC(=O)O[C@H](C)CC(=O)O[C@@H](C)CC(=O)O[C@H](C)CC(=O)O[C@@H](C)CC(=O)O[C@H](C)CC(=O)O[C@@H](C)CC(=O)O[C@H](C)CC(=O)O[C@@H](C)CC(=O)O[C@H](C)CC(=O)O[C@@H](C)CC(=O)O[C@H](C)CC(=O)O[C@@H](C)CC(=O)O[C@H](C)CC(=O)O[C@@H](C)CC(=O)O[C@H](C)CC(=O)O[C@@H](C)CC(=O)O[C@H](C)CC(=O)O[C@@H](CC(=O)O[C@H](CC(=O)O[C@@H](CC(=O)O[C@H](CC(=O)O[C@@H](CC(=O)O[C@H](CC(=O)O[C@@H](CC(=O)O[C@H](CC(=O)O[C@@H](CC(=O)O[C@H](CC(=O)O[C@@H](CC(=O)O[C@H](CC(=O)O[C@@H](CC(=O)O[C@H](CC(=O)O[C@@H](CC(=O)O[C@H](CC(=O)O[C@@H](CC(=O)O[C@H](CC(=O)O[C@@H](CC(=O)O[C@H](CC(C)=O)Cc1ccccc1)Cc1ccccc1)Cc1ccccc1)Cc1ccccc1)Cc1ccccc1)Cc1ccccc1)Cc1ccccc1)Cc1ccccc1)Cc1ccccc1)Cc1ccccc1)Cc1ccccc1)Cc1ccccc1)Cc1ccccc1)Cc1ccccc1)Cc1ccccc1)Cc1ccccc1)Cc1ccccc1)Cc1ccccc1)Cc1ccccc1)Cc1ccccc1,159.0,True
CO[C@@H](CC(=O)O[C@H](CC(=O)O[C@@H](CC(=O)O[C@H](CC(=O)O[C@@H](CC(=O)O[C@H](CC(=O)O[C@@H](CC(=O)O[C@H](CC(=O)O[C@@H](CC(=O)O[C@H](CC(=O)O[C@@H](CC(=O)O[C@H](CC(=O)O[C@@H](CC(=O)O[C@H](CC(=O)O[C@@H](CC(=O)O[C@H](CC(=O)O[C@@H](CC(=O)O[C@H](CC(=O)O[C@@H](CC(=O)O[C@H](CC(C)=O)Cc1ccccc1)Cc1ccccc1)Cc1ccccc1)Cc1ccccc1)Cc1ccccc1)Cc1ccccc1)Cc1ccccc1)Cc1ccccc1)Cc1ccccc1)Cc1ccccc1)Cc1ccccc1)Cc1ccccc1)Cc1ccccc1)Cc1ccccc1)Cc1ccccc1)Cc1ccccc1)Cc1ccccc1)Cc1ccccc1)Cc1ccccc1)Cc1ccccc1,160.0,True
CO[C@@H](CC(=O)O[C@@H](CC(=O)O[C@@H](CC(=O)O[C@@H](CC(=O)O[C@@H](CC(=O)O[C@@H](CC(=O)O[C@@H](CC(=O)O[C@@H](CC(=O)O[C@@H](CC(=O)O[C@@H](CC(=O)O[C@@H](CC(=O)O[C@@H](CC(=O)O[C@@H](CC(=O)O[C@@H](CC(=O)O[C@@H](CC(=O)O[C@@H](CC(=O)O[C@@H](CC(=O)O[C@@H](CC(=O)O[C@@H](CC(=O)O[C@@H](CC(=O)O[C@@H](CC(=O)O[C@@H](CC(=O)O[C@@H](CC(=O)O[C@@H](CC(=O)O[C@@H](CC(=O)O[C@@H](CC(=O)O[C@@H](CC(=O)O[C@@H](CC(=O)O[C@@H](CC(=O)O[C@@H](CC(=O)O[C@@H](CC(=O)O[C@@H](CC(=O)O[C@@H](CC(=O)O[C@@H](CC(=O)O[C@@H](CC(=O)O[C@@H](CC(=O)O[C@@H](CC(=O)O[C@@H](CC(=O)O[C@@H](CC(=O)O[C@@H](CC(C)=O)Cc1ccccc1)Cc1ccccc1)Cc1ccccc1)Cc1ccccc1)Cc1ccccc1)Cc1ccccc1)Cc1ccccc1)Cc1ccccc1)Cc1ccccc1)Cc1ccccc1)Cc1ccccc1)Cc1ccccc1)Cc1ccccc1)Cc1ccccc1)Cc1ccccc1)Cc1ccccc1)Cc1ccccc1)Cc1ccccc1)Cc1ccccc1)Cc1ccccc1)Cc1ccccc1)Cc1ccccc1)Cc1ccccc1)Cc1ccccc1)Cc1ccccc1)Cc1ccccc1)Cc1ccccc1)Cc1ccccc1)Cc1ccccc1)Cc1ccccc1)Cc1ccccc1)Cc1ccccc1)Cc1ccccc1)Cc1ccccc1)Cc1ccccc1)Cc1ccccc1)Cc1ccccc1)Cc1ccccc1)Cc1ccccc1)Cc1ccccc1,126.0,True
COC[C@H]1CCCC[C@@H]1C(=O)OC[C@H]1CCCC[C@@H]1C(=O)OC[C@H]1CCCC[C@@H]1C(=O)OC[C@H]1CCCC[C@@H]1C(=O)OC[C@H]1CCCC[C@@H]1C(=O)OC[C@H]1CCCC[C@@H]1C(=O)OC[C@@H]1CCCC[C@H]1C(=O)OC[C@@H]1CCCC[C@H]1C(=O)OC[C@@H]1CCCC[C@H]1C(=O)OC[C@@H]1CCCC[C@H]1C(=O)OC[C@@H]1CCCC[C@H]1C(=O)OC[C@@H]1CCCC[C@H]1C(=O)OC[C@@H]1CCCC[C@H]1C(=O)OC[C@@H]1CCCC[C@H]1C(=O)OC[C@@H]1CCCC[C@H]1C(=O)OC[C@@H]1CCCC[C@H]1C(=O)OC[C@@H]1CCCC[C@H]1C(=O)OC[C@@H]1CCCC[C@H]1C(=O)OC[C@@H]1CCCC[C@H]1C(=O)OC[C@@H]1CCCC[C@H]1C(=O)OC[C@@H]1CCCC[C@H]1C(=O)OC[C@@H]1CCCC[C@H]1C(=O)OC[C@@H]1CCCC[C@H]1C(=O)OC[C@@H]1CCCC[C@H]1C(=O)OC[C@H]1CCCC[C@@H]1C(=O)OC[C@H]1CCCC[C@@H]1C(=O)OC[C@H]1CCCC[C@@H]1C(=O)OC[C@H]1CCCC[C@@H]1C(=O)OC[C@@H]1CCCC[C@H]1C(=O)OC[C@@H]1CCCC[C@H]1C(=O)OC[C@@H]1CCCC[C@H]1C(=O)OC[C@@H]1CCCC[C@H]1C(=O)OC[C@@H]1CCCC[C@H]1C(=O)OC[C@H]1CCCC[C@@H]1C(=O)OC[C@H]1CCCC[C@@H]1C(=O)OC[C@H]1CCCC[C@@H]1C(=O)OC[C@@H]1CCCC[C@H]1C(=O)OC[C@@H]1CCCC[C@H]1C(=O)OC[C@H]1CCCC[C@@H]1C(=O)OC[C@H]1CCCC[C@@H]1C(C)=O,142.0,True
COC[C@H]1CCCC[C@@H]1C(=O)OC[C@H]1CCCC[C@@H]1C(=O)OC[C@H]1CCCC[C@@H]1C(=O)OC[C@H]1CCCC[C@@H]1C(=O)OC[C@H]1CCCC[C@@H]1C(=O)OC[C@H]1CCCC[C@@H]1C(=O)OC[C@@H]1CCCC[C@H]1C(=O)OC[C@@H]1CCCC[C@H]1C(=O)OC[C@@H]1CCCC[C@H]1C(=O)OC[C@@H]1CCCC[C@H]1C(=O)OC[C@@H]1CCCC[C@H]1C(=O)OC[C@@H]1CCCC[C@H]1C(=O)OC[C@@H]1CCCC[C@H]1C(=O)OC[C@@H]1CCCC[C@H]1C(=O)OC[C@@H]1CCCC[C@H]1C(=O)OC[C@@H]1CCCC[C@H]1C(=O)OC[C@@H]1CCCC[C@H]1C(=O)OC[C@@H]1CCCC[C@H]1C(=O)OC[C@@H]1CCCC[C@H]1C(=O)OC[C@@H]1CCCC[C@H]1C(=O)OC[C@@H]1CCCC[C@H]1C(=O)OC[C@@H]1CCCC[C@H]1C(=O)OC[C@@H]1CCCC[C@H]1C(=O)OC[C@@H]1CCCC[C@H]1C(=O)OC[C@H]1CCCC[C@@H]1C(=O)OC[C@H]1CCCC[C@@H]1C(=O)OC[C@H]1CCCC[C@@H]1C(=O)OC[C@H]1CCCC[C@@H]1C(=O)OC[C@H]1CCCC[C@@H]1C(=O)OC[C@H]1CCCC[C@@H]1C(=O)OC[C@H]1CCCC[C@@H]1C(=O)OC[C@H]1CCCC[C@@H]1C(=O)OC[C@H]1CCCC[C@@H]1C(=O)OC[C@@H]1CCCC[C@H]1C(=O)OC[C@@H]1CCCC[C@H]1C(=O)OC[C@@H]1CCCC[C@H]1C(=O)OC[C@@H]1CCCC[C@H]1C(=O)OC[C@@H]1CCCC[C@H]1C(=O)OC[C@@H]1CCCC[C@H]1C(=O)OC[C@@H]1CCCC[C@H]1C(C)=O,164.0,True
COC[C@H]1CCCC[C@@H]1C(=O)OC[C@H]1CCCC[C@@H]1C(=O)OC[C@H]1CCCC[C@@H]1C(=O)OC[C@H]1CCCC[C@@H]1C(=O)OC[C@H]1CCCC[C@@H]1C(=O)OC[C@H]1CCCC[C@@H]1C(=O)OC[C@@H]1CCCC[C@H]1C(=O)OC[C@@H]1CCCC[C@H]1C(=O)OC[C@@H]1CCCC[C@H]1C(=O)OC[C@@H]1CCCC[C@H]1C(=O)OC[C@@H]1CCCC[C@H]1C(=O)OC[C@@H]1CCCC[C@H]1C(=O)OC[C@@H]1CCCC[C@H]1C(=O)OC[C@@H]1CCCC[C@H]1C(=O)OC[C@@H]1CCCC[C@H]1C(=O)OC[C@@H]1CCCC[C@H]1C(=O)OC[C@@H]1CCCC[C@H]1C(=O)OC[C@@H]1CCCC[C@H]1C(=O)OC[C@@H]1CCCC[C@H]1C(=O)OC[C@@H]1CCCC[C@H]1C(=O)OC[C@@H]1CCCC[C@H]1C(=O)OC[C@@H]1CCCC[C@H]1C(=O)OC[C@@H]1CCCC[C@H]1C(=O)OC[C@@H]1CCCC[C@H]1C(=O)OC[C@H]1CCCC[C@@H]1C(=O)OC[C@H]1CCCC[C@@H]1C(=O)OC[C@H]1CCCC[C@@H]1C(=O)OC[C@H]1CCCC[C@@H]1C(=O)OC[C@@H]1CCCC[C@H]1C(=O)OC[C@@H]1CCCC[C@H]1C(=O)OC[C@@H]1CCCC[C@H]1C(=O)OC[C@@H]1CCCC[C@H]1C(=O)OC[C@@H]1CCCC[C@H]1C(=O)OC[C@H]1CCCC[C@@H]1C(=O)OC[C@H]1CCCC[C@@H]1C(=O)OC[C@H]1CCCC[C@@H]1C(=O)OC[C@H]1CCCC[C@@H]1C(=O)OC[C@H]1CCCC[C@@H]1C(=O)OC[C@@H]1CCCC[C@H]1C(=O)OC[C@@H]1CCCC[C@H]1C(C)=O,156.0,True
COC[C@H]1CCCC[C@@H]1C(=O)OC[C@H]1CCCC[C@@H]1C(=O)OC[C@H]1CCCC[C@@H]1C(=O)OC[C@H]1CCCC[C@@H]1C(=O)OC[C@H]1CCCC[C@@H]1C(=O)OC[C@H]1CCCC[C@@H]1C(=O)OC[C@H]1CCCC[C@@H]1C(=O)OC[C@H]1CCCC[C@@H]1C(=O)OC[C@H]1CCCC[C@@H]1C(=O)OC[C@H]1CCCC[C@@H]1C(=O)OC[C@H]1CCCC[C@@H]1C(=O)OC[C@H]1CCCC[C@@H]1C(=O)OC[C@H]1CCCC[C@@H]1C(=O)OC[C@H]1CCCC[C@@H]1C(=O)OC[C@H]1CCCC[C@@H]1C(=O)OC[C@H]1CCCC[C@@H]1C(=O)OC[C@H]1CCCC[C@@H]1C(=O)OC[C@H]1CCCC[C@@H]1C(=O)OC[C@H]1CCCC[C@@H]1C(=O)OC[C@H]1CCCC[C@@H]1C(=O)OC[C@H]1CCCC[C@@H]1C(=O)OC[C@H]1CCCC[C@@H]1C(=O)OC[C@H]1CCCC[C@@H]1C(=O)OC[C@H]1CCCC[C@@H]1C(=O)OC[C@@H]1CCCC[C@H]1C(=O)OC[C@@H]1CCCC[C@H]1C(=O)OC[C@@H]1CCCC[C@H]1C(=O)OC[C@@H]1CCCC[C@H]1C(=O)OC[C@@H]1CCCC[C@H]1C(=O)OC[C@@H]1CCCC[C@H]1C(=O)OC[C@@H]1CCCC[C@H]1C(=O)OC[C@@H]1CCCC[C@H]1C(=O)OC[C@@H]1CCCC[C@H]1C(=O)OC[C@H]1CCCC[C@@H]1C(=O)OC[C@H]1CCCC[C@@H]1C(=O)OC[C@H]1CCCC[C@@H]1C(=O)OC[C@H]1CCCC[C@@H]1C(=O)OC[C@H]1CCCC[C@@H]1C(=O)OC[C@H]1CCCC[C@@H]1C(=O)OC[C@H]1CCCC[C@@H]1C(C)=O,170.0,True
COC[C@H]1CCCC[C@@H]1C(=O)OC[C@H]1CCCC[C@@H]1C(=O)OC[C@H]1CCCC[C@@H]1C(=O)OC[C@H]1CCCC[C@@H]1C(=O)OC[C@H]1CCCC[C@@H]1C(=O)OC[C@H]1CCCC[C@@H]1C(=O)OC[C@H]1CCCC[C@@H]1C(=O)OC[C@H]1CCCC[C@@H]1C(=O)OC[C@H]1CCCC[C@@H]1C(=O)OC[C@H]1CCCC[C@@H]1C(=O)OC[C@H]1CCCC[C@@H]1C(=O)OC[C@H]1CCCC[C@@H]1C(=O)OC[C@H]1CCCC[C@@H]1C(=O)OC[C@H]1CCCC[C@@H]1C(=O)OC[C@H]1CCCC[C@@H]1C(=O)OC[C@H]1CCCC[C@@H]1C(=O)OC[C@H]1CCCC[C@@H]1C(=O)OC[C@H]1CCCC[C@@H]1C(=O)OC[C@H]1CCCC[C@@H]1C(=O)OC[C@H]1CCCC[C@@H]1C(=O)OC[C@H]1CCCC[C@@H]1C(=O)OC[C@H]1CCCC[C@@H]1C(=O)OC[C@H]1CCCC[C@@H]1C(=O)OC[C@H]1CCCC[C@@H]1C(=O)OC[C@@H]1CCCC[C@H]1C(=O)OC[C@@H]1CCCC[C@H]1C(=O)OC[C@@H]1CCCC[C@H]1C(=O)OC[C@@H]1CCCC[C@H]1C(=O)OC[C@@H]1CCCC[C@H]1C(=O)OC[C@@H]1CCCC[C@H]1C(=O)OC[C@@H]1CCCC[C@H]1C(=O)OC[C@@H]1CCCC[C@H]1C(=O)OC[C@@H]1CCCC[C@H]1C(=O)OC[C@H]1CCCC[C@@H]1C(=O)OC[C@H]1CCCC[C@@H]1C(=O)OC[C@H]1CCCC[C@@H]1C(=O)OC[C@H]1CCCC[C@@H]1C(=O)OC[C@H]1CCCC[C@@H]1C(=O)OC[C@H]1CCCC[C@@H]1C(=O)OC[C@H]1CCCC[C@@H]1C(C)=O,171.0,True
COC[C@H]1CCCC[C@@H]1C(=O)OC[C@H]1CCCC[C@@H]1C(=O)OC[C@H]1CCCC[C@@H]1C(=O)OC[C@H]1CCCC[C@@H]1C(=O)OC[C@H]1CCCC[C@@H]1C(=O)OC[C@H]1CCCC[C@@H]1C(=O)OC[C@@H]1CCCC[C@H]1C(=O)OC[C@@H]1CCCC[C@H]1C(=O)OC[C@@H]1CCCC[C@H]1C(=O)OC[C@@H]1CCCC[C@H]1C(=O)OC[C@@H]1CCCC[C@H]1C(=O)OC[C@@H]1CCCC[C@H]1C(=O)OC[C@@H]1CCCC[C@H]1C(=O)OC[C@@H]1CCCC[C@H]1C(=O)OC[C@@H]1CCCC[C@H]1C(=O)OC[C@@H]1CCCC[C@H]1C(=O)OC[C@@H]1CCCC[C@H]1C(=O)OC[C@@H]1CCCC[C@H]1C(=O)OC[C@H]1CCCC[C@@H]1C(=O)OC[C@H]1CCCC[C@@H]1C(=O)OC[C@@H]1CCCC[C@H]1C(=O)OC[C@@H]1CCCC[C@H]1C(=O)OC[C@@H]1CCCC[C@H]1C(=O)OC[C@@H]1CCCC[C@H]1C(=O)OC[C@H]1CCCC[C@@H]1C(=O)OC[C@H]1CCCC[C@@H]1C(=O)OC[C@H]1CCCC[C@@H]1C(=O)OC[C@H]1CCCC[C@@H]1C(=O)OC[C@@H]1CCCC[C@H]1C(=O)OC[C@@H]1CCCC[C@H]1C(=O)OC[C@H]1CCCC[C@@H]1C(=O)OC[C@H]1CCCC[C@@H]1C(=O)OC[C@H]1CCCC[C@@H]1C(=O)OC[C@@H]1CCCC[C@H]1C(=O)OC[C@@H]1CCCC[C@H]1C(=O)OC[C@@H]1CCCC[C@H]1C(=O)OC[C@H]1CCCC[C@@H]1C(=O)OC[C@H]1CCCC[C@@H]1C(=O)OC[C@@H]1CCCC[C@H]1C(=O)OC[C@@H]1CCCC[C@H]1C(C)=O,117.0,True
COC[C@H]1CCCC[C@@H]1C(=O)OC[C@H]1CCCC[C@@H]1C(=O)OC[C@H]1CCCC[C@@H]1C(=O)OC[C@H]1CCCC[C@@H]1C(=O)OC[C@H]1CCCC[C@@H]1C(=O)OC[C@H]1CCCC[C@@H]1C(=O)OC[C@@H]1CCCC[C@H]1C(=O)OC[C@@H]1CCCC[C@H]1C(=O)OC[C@@H]1CCCC[C@H]1C(=O)OC[C@@H]1CCCC[C@H]1C(=O)OC[C@@H]1CCCC[C@H]1C(=O)OC[C@@H]1CCCC[C@H]1C(=O)OC[C@@H]1CCCC[C@H]1C(=O)OC[C@@H]1CCCC[C@H]1C(=O)OC[C@@H]1CCCC[C@H]1C(=O)OC[C@@H]1CCCC[C@H]1C(=O)OC[C@@H]1CCCC[C@H]1C(=O)OC[C@@H]1CCCC[C@H]1C(=O)OC[C@@H]1CCCC[C@H]1C(=O)OC[C@@H]1CCCC[C@H]1C(=O)OC[C@@H]1CCCC[C@H]1C(=O)OC[C@@H]1CCCC[C@H]1C(=O)OC[C@@H]1CCCC[C@H]1C(=O)OC[C@@H]1CCCC[C@H]1C(=O)OC[C@H]1CCCC[C@@H]1C(=O)OC[C@H]1CCCC[C@@H]1C(=O)OC[C@H]1CCCC[C@@H]1C(=O)OC[C@H]1CCCC[C@@H]1C(=O)OC[C@H]1CCCC[C@@H]1C(=O)OC[C@H]1CCCC[C@@H]1C(=O)OC[C@H]1CCCC[C@@H]1C(=O)OC[C@H]1CCCC[C@@H]1C(=O)OC[C@H]1CCCC[C@@H]1C(=O)OC[C@@H]1CCCC[C@H]1C(=O)OC[C@@H]1CCCC[C@H]1C(=O)OC[C@@H]1CCCC[C@H]1C(=O)OC[C@@H]1CCCC[C@H]1C(=O)OC[C@@H]1CCCC[C@H]1C(=O)OC[C@@H]1CCCC[C@H]1C(=O)OC[C@@H]1CCCC[C@H]1C(C)=O,165.0,True
COC[C@H]1CCCC[C@@H]1C(=O)OC[C@H]1CCCC[C@@H]1C(=O)OC[C@H]1CCCC[C@@H]1C(=O)OC[C@H]1CCCC[C@@H]1C(=O)OC[C@H]1CCCC[C@@H]1C(=O)OC[C@H]1CCCC[C@@H]1C(=O)OC[C@@H]1CCCC[C@H]1C(=O)OC[C@@H]1CCCC[C@H]1C(=O)OC[C@@H]1CCCC[C@H]1C(=O)OC[C@@H]1CCCC[C@H]1C(=O)OC[C@@H]1CCCC[C@H]1C(=O)OC[C@@H]1CCCC[C@H]1C(=O)OC[C@@H]1CCCC[C@H]1C(=O)OC[C@@H]1CCCC[C@H]1C(=O)OC[C@@H]1CCCC[C@H]1C(=O)OC[C@@H]1CCCC[C@H]1C(=O)OC[C@@H]1CCCC[C@H]1C(=O)OC[C@@H]1CCCC[C@H]1C(=O)OC[C@@H]1CCCC[C@H]1C(=O)OC[C@@H]1CCCC[C@H]1C(=O)OC[C@@H]1CCCC[C@H]1C(=O)OC[C@@H]1CCCC[C@H]1C(=O)OC[C@@H]1CCCC[C@H]1C(=O)OC[C@@H]1CCCC[C@H]1C(=O)OC[C@H]1CCCC[C@@H]1C(=O)OC[C@H]1CCCC[C@@H]1C(=O)OC[C@H]1CCCC[C@@H]1C(=O)OC[C@H]1CCCC[C@@H]1C(=O)OC[C@H]1CCCC[C@@H]1C(=O)OC[C@H]1CCCC[C@@H]1C(=O)OC[C@H]1CCCC[C@@H]1C(=O)OC[C@H]1CCCC[C@@H]1C(=O)OC[C@H]1CCCC[C@@H]1C(=O)OC[C@@H]1CCCC[C@H]1C(=O)OC[C@@H]1CCCC[C@H]1C(=O)OC[C@@H]1CCCC[C@H]1C(=O)OC[C@@H]1CCCC[C@H]1C(=O)OC[C@@H]1CCCC[C@H]1C(=O)OC[C@@H]1CCCC[C@H]1C(=O)OC[C@@H]1CCCC[C@H]1C(C)=O,161.0,True
COC[C@H]1CCCC[C@@H]1C(=O)OC[C@H]1CCCC[C@@H]1C(=O)OC[C@H]1CCCC[C@@H]1C(=O)OC[C@H]1CCCC[C@@H]1C(=O)OC[C@H]1CCCC[C@@H]1C(=O)OC[C@H]1CCCC[C@@H]1C(=O)OC[C@H]1CCCC[C@@H]1C(=O)OC[C@H]1CCCC[C@@H]1C(=O)OC[C@H]1CCCC[C@@H]1C(=O)OC[C@H]1CCCC[C@@H]1C(=O)OC[C@H]1CCCC[C@@H]1C(=O)OC[C@H]1CCCC[C@@H]1C(=O)OC[C@H]1CCCC[C@@H]1C(=O)OC[C@H]1CCCC[C@@H]1C(=O)OC[C@H]1CCCC[C@@H]1C(=O)OC[C@H]1CCCC[C@@H]1C(=O)OC[C@H]1CCCC[C@@H]1C(=O)OC[C@H]1CCCC[C@@H]1C(=O)OC[C@H]1CCCC[C@@H]1C(=O)OC[C@H]1CCCC[C@@H]1C(=O)OC[C@H]1CCCC[C@@H]1C(=O)OC[C@H]1CCCC[C@@H]1C(=O)OC[C@H]1CCCC[C@@H]1C(=O)OC[C@H]1CCCC[C@@H]1C(=O)OC[C@@H]1CCCC[C@H]1C(=O)OC[C@@H]1CCCC[C@H]1C(=O)OC[C@@H]1CCCC[C@H]1C(=O)OC[C@@H]1CCCC[C@H]1C(=O)OC[C@@H]1CCCC[C@H]1C(=O)OC[C@@H]1CCCC[C@H]1C(=O)OC[C@@H]1CCCC[C@H]1C(=O)OC[C@@H]1CCCC[C@H]1C(=O)OC[C@@H]1CCCC[C@H]1C(=O)OC[C@H]1CCCC[C@@H]1C(=O)OC[C@H]1CCCC[C@@H]1C(=O)OC[C@H]1CCCC[C@@H]1C(=O)OC[C@H]1CCCC[C@@H]1C(=O)OC[C@H]1CCCC[C@@H]1C(=O)OC[C@H]1CCCC[C@@H]1C(=O)OC[C@H]1CCCC[C@@H]1C(C)=O,157.0,True
CO[C@H](C(=O)O[C@H](C(=O)O[C@H](C(=O)O[C@H](C(=O)O[C@H](C(=O)O[C@H](C(=O)O[C@H](C(=O)O[C@H](C(=O)O[C@H](C(=O)O[C@H](C(=O)O[C@H](C(=O)O[C@H](C(=O)O[C@H](C(=O)O[C@H](C(=O)O[C@H](C(=O)O[C@H](C(=O)O[C@H](C(=O)O[C@H](C(=O)O[C@H](C(=O)O[C@H](C(=O)O[C@H](C(=O)O[C@H](C(=O)O[C@H](C(=O)O[C@H](C(=O)O[C@@H](C(=O)O[C@@H](C(=O)O[C@@H](C(=O)O[C@@H](C(=O)O[C@@H](C(=O)O[C@@H](C(=O)O[C@@H](C(=O)O[C@@H](C(=O)O[C@@H](C(=O)O[C@H](C(=O)O[C@H](C(=O)O[C@H](C(=O)O[C@H](C(=O)O[C@H](C(=O)O[C@H](C(=O)O[C@H](C(C)=O)c1ccccc1)c1ccccc1)c1ccccc1)c1ccccc1)c1ccccc1)c1ccccc1)c1ccccc1)c1ccccc1)c1ccccc1)c1ccccc1)c1ccccc1)c1ccccc1)c1ccccc1)c1ccccc1)c1ccccc1)c1ccccc1)c1ccccc1)c1ccccc1)c1ccccc1)c1ccccc1)c1ccccc1)c1ccccc1)c1ccccc1)c1ccccc1)c1ccccc1)c1ccccc1)c1ccccc1)c1ccccc1)c1ccccc1)c1ccccc1)c1ccccc1)c1ccccc1)c1ccccc1)c1ccccc1)c1ccccc1)c1ccccc1)c1ccccc1)c1ccccc1)c1ccccc1)c1ccccc1,116.0,True
COC(=O)c1ccccc1C(=O)O[C@H]1COC[C@@H]1OC(=O)c1ccccc1C(=O)O[C@H]1COC[C@@H]1OC(=O)c1ccccc1C(=O)O[C@H]1COC[C@@H]1OC(=O)c1ccccc1C(=O)O[C@H]1COC[C@@H]1OC(=O)c1ccccc1C(=O)O[C@H]1COC[C@@H]1OC(=O)c1ccccc1C(=O)O[C@H]1COC[C@@H]1OC(=O)c1ccccc1C(=O)O[C@H]1COC[C@@H]1OC(=O)c1ccccc1C(=O)O[C@H]1COC[C@@H]1OC(=O)c1ccccc1C(=O)O[C@H]1COC[C@@H]1OC(=O)c1ccccc1C(=O)O[C@H]1COC[C@@H]1OC(=O)c1ccccc1C(=O)O[C@H]1COC[C@@H]1OC(=O)c1ccccc1C(=O)O[C@H]1COC[C@@H]1OC(=O)c1ccccc1C(=O)O[C@H]1COC[C@@H]1OC(=O)c1ccccc1C(=O)O[C@H]1COC[C@@H]1OC(=O)c1ccccc1C(=O)O[C@H]1COC[C@@H]1OC(=O)c1ccccc1C(=O)O[C@H]1COC[C@@H]1OC(=O)c1ccccc1C(=O)O[C@H]1COC[C@@H]1OC(=O)c1ccccc1C(=O)O[C@H]1COC[C@@H]1OC(=O)c1ccccc1C(=O)O[C@H]1COC[C@@H]1OC(=O)c1ccccc1C(=O)O[C@H]1COC[C@@H]1C,235.0,True
COC(=O)c1ccccc1C(=O)O[C@H]1CCC[C@@H]1OC(=O)c1ccccc1C(=O)O[C@H]1CCC[C@@H]1OC(=O)c1ccccc1C(=O)O[C@H]1CCC[C@@H]1OC(=O)c1ccccc1C(=O)O[C@H]1CCC[C@@H]1OC(=O)c1ccccc1C(=O)O[C@H]1CCC[C@@H]1OC(=O)c1ccccc1C(=O)O[C@H]1CCC[C@@H]1OC(=O)c1ccccc1C(=O)O[C@H]1CCC[C@@H]1OC(=O)c1ccccc1C(=O)O[C@H]1CCC[C@@H]1OC(=O)c1ccccc1C(=O)O[C@H]1CCC[C@@H]1OC(=O)c1ccccc1C(=O)O[C@H]1CCC[C@@H]1OC(=O)c1ccccc1C(=O)O[C@H]1CCC[C@@H]1OC(=O)c1ccccc1C(=O)O[C@H]1CCC[C@@H]1OC(=O)c1ccccc1C(=O)O[C@H]1CCC[C@@H]1OC(=O)c1ccccc1C(=O)O[C@H]1CCC[C@@H]1OC(=O)c1ccccc1C(=O)O[C@H]1CCC[C@@H]1OC(=O)c1ccccc1C(=O)O[C@H]1CCC[C@@H]1OC(=O)c1ccccc1C(=O)O[C@H]1CCC[C@@H]1OC(=O)c1ccccc1C(=O)O[C@H]1CCC[C@@H]1OC(=O)c1ccccc1C(=O)O[C@H]1CCC[C@@H]1OC(=O)c1ccccc1C(=O)O[C@H]1CCC[C@@H]1C,239.0,True
COC(=O)c1ccccc1C(=O)O[C@H](C)[C@@H](C)OC(=O)c1ccccc1C(=O)O[C@H](C)[C@@H](C)OC(=O)c1ccccc1C(=O)O[C@H](C)[C@@H](C)OC(=O)c1ccccc1C(=O)O[C@H](C)[C@@H](C)OC(=O)c1ccccc1C(=O)O[C@H](C)[C@@H](C)OC(=O)c1ccccc1C(=O)O[C@H](C)[C@@H](C)OC(=O)c1ccccc1C(=O)O[C@H](C)[C@@H](C)OC(=O)c1ccccc1C(=O)O[C@H](C)[C@@H](C)OC(=O)c1ccccc1C(=O)O[C@H](C)[C@@H](C)OC(=O)c1ccccc1C(=O)O[C@H](C)[C@@H](C)OC(=O)c1ccccc1C(=O)O[C@H](C)[C@@H](C)OC(=O)c1ccccc1C(=O)O[C@H](C)[C@@H](C)OC(=O)c1ccccc1C(=O)O[C@H](C)[C@@H](C)OC(=O)c1ccccc1C(=O)O[C@H](C)[C@@H](C)OC(=O)c1ccccc1C(=O)O[C@H](C)[C@@H](C)OC(=O)c1ccccc1C(=O)O[C@H](C)[C@@H](C)OC(=O)c1ccccc1C(=O)O[C@H](C)[C@@H](C)OC(=O)c1ccccc1C(=O)O[C@H](C)[C@@H](C)OC(=O)c1ccccc1C(=O)O[C@H](C)[C@@H](C)OC(=O)c1ccccc1C(=O)O[C@H](C)C(C)C,134.0,True
COC(=O)c1ccccc1C(=O)O[C@H]1Cc2ccccc2C[C@@H]1OC(=O)c1ccccc1C(=O)O[C@H]1Cc2ccccc2C[C@@H]1OC(=O)c1ccccc1C(=O)O[C@H]1Cc2ccccc2C[C@@H]1OC(=O)c1ccccc1C(=O)O[C@H]1Cc2ccccc2C[C@@H]1OC(=O)c1ccccc1C(=O)O[C@H]1Cc2ccccc2C[C@@H]1OC(=O)c1ccccc1C(=O)O[C@H]1Cc2ccccc2C[C@@H]1OC(=O)c1ccccc1C(=O)O[C@H]1Cc2ccccc2C[C@@H]1OC(=O)c1ccccc1C(=O)O[C@H]1Cc2ccccc2C[C@@H]1OC(=O)c1ccccc1C(=O)O[C@H]1Cc2ccccc2C[C@@H]1OC(=O)c1ccccc1C(=O)O[C@H]1Cc2ccccc2C[C@@H]1OC(=O)c1ccccc1C(=O)O[C@H]1Cc2ccccc2C[C@@H]1OC(=O)c1ccccc1C(=O)O[C@H]1Cc2ccccc2C[C@@H]1OC(=O)c1ccccc1C(=O)O[C@H]1Cc2ccccc2C[C@@H]1OC(=O)c1ccccc1C(=O)O[C@H]1Cc2ccccc2C[C@@H]1OC(=O)c1ccccc1C(=O)O[C@H]1Cc2ccccc2C[C@@H]1OC(=O)c1ccccc1C(=O)O[C@H]1Cc2ccccc2C[C@@H]1OC(=O)c1ccccc1C(=O)O[C@H]1Cc2ccccc2C[C@@H]1OC(=O)c1ccccc1C(=O)O[C@H]1Cc2ccccc2C[C@@H]1OC(=O)c1ccccc1C(=O)O[C@H]1Cc2ccccc2C[C@@H]1OC(=O)c1ccccc1C(=O)O[C@H]1Cc2ccccc2C[C@@H]1C,185.0,True
COC(=O)c1cc(C)c(C)cc1C(=O)O[C@H]1COC[C@@H]1OC(=O)c1cc(C)c(C)cc1C(=O)O[C@H]1COC[C@@H]1OC(=O)c1cc(C)c(C)cc1C(=O)O[C@H]1COC[C@@H]1OC(=O)c1cc(C)c(C)cc1C(=O)O[C@H]1COC[C@@H]1OC(=O)c1cc(C)c(C)cc1C(=O)O[C@H]1COC[C@@H]1OC(=O)c1cc(C)c(C)cc1C(=O)O[C@H]1COC[C@@H]1OC(=O)c1cc(C)c(C)cc1C(=O)O[C@H]1COC[C@@H]1OC(=O)c1cc(C)c(C)cc1C(=O)O[C@H]1COC[C@@H]1OC(=O)c1cc(C)c(C)cc1C(=O)O[C@H]1COC[C@@H]1OC(=O)c1cc(C)c(C)cc1C(=O)O[C@H]1COC[C@@H]1OC(=O)c1cc(C)c(C)cc1C(=O)O[C@H]1COC[C@@H]1OC(=O)c1cc(C)c(C)cc1C(=O)O[C@H]1COC[C@@H]1OC(=O)c1cc(C)c(C)cc1C(=O)O[C@H]1COC[C@@H]1OC(=O)c1cc(C)c(C)cc1C(=O)O[C@H]1COC[C@@H]1OC(=O)c1cc(C)c(C)cc1C(=O)O[C@H]1COC[C@@H]1OC(=O)c1cc(C)c(C)cc1C(=O)O[C@H]1COC[C@@H]1OC(=O)c1cc(C)c(C)cc1C(=O)O[C@H]1COC[C@@H]1OC(=O)c1cc(C)c(C)cc1C(=O)O[C@H]1COC[C@@H]1OC(=O)c1cc(C)c(C)cc1C(=O)O[C@H]1COC[C@@H]1OC(=O)c1cc(C)c(C)cc1C(=O)O[C@H]1COC[C@@H]1C,205.0,True
COC(=O)c1c(C)ccc(C)c1C(=O)O[C@H]1COC[C@@H]1OC(=O)c1c(C)ccc(C)c1C(=O)O[C@H]1COC[C@@H]1OC(=O)c1c(C)ccc(C)c1C(=O)O[C@H]1COC[C@@H]1OC(=O)c1c(C)ccc(C)c1C(=O)O[C@H]1COC[C@@H]1OC(=O)c1c(C)ccc(C)c1C(=O)O[C@H]1COC[C@@H]1OC(=O)c1c(C)ccc(C)c1C(=O)O[C@H]1COC[C@@H]1OC(=O)c1c(C)ccc(C)c1C(=O)O[C@H]1COC[C@@H]1OC(=O)c1c(C)ccc(C)c1C(=O)O[C@H]1COC[C@@H]1OC(=O)c1c(C)ccc(C)c1C(=O)O[C@H]1COC[C@@H]1OC(=O)c1c(C)ccc(C)c1C(=O)O[C@H]1COC[C@@H]1OC(=O)c1c(C)ccc(C)c1C(=O)O[C@H]1COC[C@@H]1OC(=O)c1c(C)ccc(C)c1C(=O)O[C@H]1COC[C@@H]1OC(=O)c1c(C)ccc(C)c1C(=O)O[C@H]1COC[C@@H]1OC(=O)c1c(C)ccc(C)c1C(=O)O[C@H]1COC[C@@H]1OC(=O)c1c(C)ccc(C)c1C(=O)O[C@H]1COC[C@@H]1OC(=O)c1c(C)ccc(C)c1C(=O)O[C@H]1COC[C@@H]1OC(=O)c1c(C)ccc(C)c1C(=O)O[C@H]1COC[C@@H]1OC(=O)c1c(C)ccc(C)c1C(=O)O[C@H]1COC[C@@H]1OC(=O)c1c(C)ccc(C)c1C(=O)O[C@H]1COC[C@@H]1OC(=O)c1c(C)ccc(C)c1C(=O)O[C@H]1COC[C@@H]1C,160.0,True
COC(=O)c1cc(C)c(C)cc1C(=O)O[C@H]1Cc2ccccc2C[C@@H]1OC(=O)c1cc(C)c(C)cc1C(=O)O[C@H]1Cc2ccccc2C[C@@H]1OC(=O)c1cc(C)c(C)cc1C(=O)O[C@H]1Cc2ccccc2C[C@@H]1OC(=O)c1cc(C)c(C)cc1C(=O)O[C@H]1Cc2ccccc2C[C@@H]1OC(=O)c1cc(C)c(C)cc1C(=O)O[C@H]1Cc2ccccc2C[C@@H]1OC(=O)c1cc(C)c(C)cc1C(=O)O[C@H]1Cc2ccccc2C[C@@H]1OC(=O)c1cc(C)c(C)cc1C(=O)O[C@H]1Cc2ccccc2C[C@@H]1OC(=O)c1cc(C)c(C)cc1C(=O)O[C@H]1Cc2ccccc2C[C@@H]1OC(=O)c1cc(C)c(C)cc1C(=O)O[C@H]1Cc2ccccc2C[C@@H]1OC(=O)c1cc(C)c(C)cc1C(=O)O[C@H]1Cc2ccccc2C[C@@H]1OC(=O)c1cc(C)c(C)cc1C(=O)O[C@H]1Cc2ccccc2C[C@@H]1OC(=O)c1cc(C)c(C)cc1C(=O)O[C@H]1Cc2ccccc2C[C@@H]1OC(=O)c1cc(C)c(C)cc1C(=O)O[C@H]1Cc2ccccc2C[C@@H]1OC(=O)c1cc(C)c(C)cc1C(=O)O[C@H]1Cc2ccccc2C[C@@H]1OC(=O)c1cc(C)c(C)cc1C(=O)O[C@H]1Cc2ccccc2C[C@@H]1OC(=O)c1cc(C)c(C)cc1C(=O)O[C@H]1Cc2ccccc2C[C@@H]1OC(=O)c1cc(C)c(C)cc1C(=O)O[C@H]1Cc2ccccc2C[C@@H]1OC(=O)c1cc(C)c(C)cc1C(=O)O[C@H]1Cc2ccccc2C[C@@H]1OC(=O)c1cc(C)c(C)cc1C(=O)O[C@H]1Cc2ccccc2C[C@@H]1OC(=O)c1cc(C)c(C)cc1C(=O)O[C@H]1Cc2ccccc2C[C@@H]1C,183.0,True
COC(=O)CCC(=O)O[C@H]1COC[C@@H]1OC(=O)CCC(=O)O[C@H]1COC[C@@H]1OC(=O)CCC(=O)O[C@H]1COC[C@@H]1OC(=O)CCC(=O)O[C@H]1COC[C@@H]1OC(=O)CCC(=O)O[C@H]1COC[C@@H]1OC(=O)CCC(=O)O[C@H]1COC[C@@H]1OC(=O)CCC(=O)O[C@H]1COC[C@@H]1OC(=O)CCC(=O)O[C@H]1COC[C@@H]1OC(=O)CCC(=O)O[C@H]1COC[C@@H]1OC(=O)CCC(=O)O[C@H]1COC[C@@H]1OC(=O)CCC(=O)O[C@H]1COC[C@@H]1OC(=O)CCC(=O)O[C@H]1COC[C@@H]1OC(=O)CCC(=O)O[C@H]1COC[C@@H]1OC(=O)CCC(=O)O[C@H]1COC[C@@H]1OC(=O)CCC(=O)O[C@H]1COC[C@@H]1OC(=O)CCC(=O)O[C@H]1COC[C@@H]1OC(=O)CCC(=O)O[C@H]1COC[C@@H]1OC(=O)CCC(=O)O[C@H]1COC[C@@H]1OC(=O)CCC(=O)O[C@H]1COC[C@@H]1OC(=O)CCC(=O)O[C@H]1COC[C@@H]1C,121.0,True
CO[C@H](Cc1ccccc1)C(=O)O[C@H](Cc1ccccc1)C(=O)O[C@H](Cc1ccccc1)C(=O)O[C@H](Cc1ccccc1)C(=O)O[C@H](Cc1ccccc1)C(=O)O[C@H](Cc1ccccc1)C(=O)O[C@H](Cc1ccccc1)C(=O)O[C@H](Cc1ccccc1)C(=O)O[C@H](Cc1ccccc1)C(=O)O[C@H](Cc1ccccc1)C(=O)O[C@H](Cc1ccccc1)C(=O)O[C@H](Cc1ccccc1)C(=O)O[C@H](Cc1ccccc1)C(=O)O[C@H](Cc1ccccc1)C(=O)O[C@H](Cc1ccccc1)C(=O)O[C@H](Cc1ccccc1)C(=O)O[C@H](Cc1ccccc1)C(=O)O[C@H](Cc1ccccc1)C(=O)O[C@H](Cc1ccccc1)C(=O)O[C@H](Cc1ccccc1)C(C)=O,172.0,True
CO[C@@H](C)C(=O)O[C@@H](C)C(=O)O[C@@H](C)C(=O)O[C@@H](C)C(=O)O[C@@H](C)C(=O)O[C@@H](C)C(=O)O[C@@H](C)C(=O)O[C@@H](C)C(=O)O[C@@H](C)C(=O)O[C@@H](C)C(=O)O[C@@H](C)C(=O)O[C@@H](C)C(=O)O[C@@H](C)C(=O)O[C@@H](C)C(=O)O[C@@H](C)C(=O)O[C@@H](C)C(=O)O[C@@H](C)C(=O)O[C@@H](C)C(=O)O[C@@H](C)C(=O)O[C@@H](C)C(C)=O,162.0,True
CO[C@@H](C)C(=O)O[C@H](C)C(=O)O[C@@H](C)C(=O)O[C@H](C)C(=O)O[C@@H](C)C(=O)O[C@H](C)C(=O)O[C@@H](C)C(=O)O[C@H](C)C(=O)O[C@@H](C)C(=O)O[C@H](C)C(=O)O[C@@H](C)C(=O)O[C@H](C)C(=O)O[C@@H](C)C(=O)O[C@H](C)C(=O)O[C@@H](C)C(=O)O[C@H](C)C(=O)O[C@@H](C)C(=O)O[C@H](C)C(=O)O[C@@H](C)C(=O)O[C@H](C)C(=O)O[C@@H](C)C(=O)O[C@H](C)C(=O)O[C@@H](C)C(=O)O[C@H](C)C(=O)O[C@@H](C)C(=O)O[C@H](C)C(=O)O[C@@H](C)C(=O)O[C@H](C)C(=O)O[C@@H](C)C(=O)O[C@H](C)C(=O)O[C@@H](C)C(=O)O[C@H](C)C(=O)O[C@@H](C)C(=O)O[C@H](C)C(=O)O[C@@H](C)C(=O)O[C@H](C)C(=O)O[C@@H](C)C(=O)O[C@H](C)C(=O)O[C@@H](C)C(=O)O[C@H](C)C(C)=O,169.0,True
CC[C@H](C[C@H](C[C@H](C[C@H](C[C@@H](C[C@H](C[C@@H](C[C@@H](C[C@H](C[C@H](C[C@H](C[C@@H](C[C@@H](C[C@@H](C[C@H](C[C@@H](C[C@@H](C[C@H](C[C@@H](C[C@@H](C[C@H](C[C@@H](C[C@H](C[C@H](C[C@@H](C[C@H](C[C@H](C[C@H](C[C@@H](C[C@H](C[C@@H](C[C@H](C[C@@H](C[C@H](C[C@@H](C[C@H](C[C@@H](C[C@H](C[C@@H](C[C@H](C)OC(C)=O)OC(C)=O)OC(C)=O)OC(C)=O)OC(C)=O)OC(C)=O)OC(C)=O)OC(C)=O)OC(C)=O)OC(C)=O)OC(C)=O)OC(C)=O)OC(C)=O)OC(C)=O)OC(C)=O)OC(C)=O)OC(C)=O)OC(C)=O)OC(C)=O)OC(C)=O)OC(C)=O)OC(C)=O)OC(C)=O)OC(C)=O)OC(C)=O)OC(C)=O)OC(C)=O)OC(C)=O)OC(C)=O)OC(C)=O)OC(C)=O)OC(C)=O)OC(C)=O)OC(C)=O)OC(C)=O)OC(C)=O)OC(C)=O)OC(C)=O)OC(C)=O)OC(C)=O,269.0,True
CC[C@H](C[C@H](C[C@H](C[C@H](C[C@@H](C[C@H](C[C@@H](C[C@@H](C[C@H](C[C@H](C[C@H](C[C@@H](C[C@@H](C[C@@H](C[C@H](C[C@@H](C[C@@H](C[C@H](C[C@@H](C[C@@H](C[C@H](C[C@@H](C[C@H](C[C@H](C[C@@H](C[C@H](C[C@H](C[C@H](C[C@@H](C[C@H](C[C@@H](C[C@H](C[C@@H](C[C@H](C[C@@H](C[C@H](C[C@@H](C[C@H](C[C@@H](C[C@H](C)OC(C)=O)OC(C)=O)OC(C)=O)OC(C)=O)OC(C)=O)OC(C)=O)OC(C)=O)OC(C)=O)OC(C)=O)OC(C)=O)OC(C)=O)OC(C)=O)OC(C)=O)OC(C)=O)OC(C)=O)OC(C)=O)OC(C)=O)OC(C)=O)OC(C)=O)OC(C)=O)OC(C)=O)OC(C)=O)OC(C)=O)OC(C)=O)OC(C)=O)OC(C)=O)OC(C)=O)OC(C)=O)OC(C)=O)OC(C)=O)OC(C)=O)OC(C)=O)OC(C)=O)OC(C)=O)OC(C)=O)OC(C)=O)OC(C)=O)OC(C)=O)OC(C)=O)OC(C)=O,261.0,True
CC[C@H](C[C@H](C[C@H](C[C@H](C[C@@H](C[C@H](C[C@@H](C[C@@H](C[C@H](C[C@H](C[C@H](C[C@@H](C[C@@H](C[C@@H](C[C@H](C[C@@H](C[C@@H](C[C@H](C[C@@H](C[C@@H](C[C@H](C[C@@H](C[C@H](C[C@H](C[C@@H](C[C@H](C[C@H](C[C@H](C[C@@H](C[C@H](C[C@@H](C[C@H](C[C@@H](C[C@H](C[C@@H](C[C@H](C[C@@H](C[C@H](C[C@@H](C[C@H](C)OC(C)=O)OC(C)=O)OC(C)=O)OC(C)=O)OC(C)=O)OC(C)=O)OC(C)=O)OC(C)=O)OC(C)=O)OC(C)=O)OC(C)=O)OC(C)=O)OC(C)=O)OC(C)=O)OC(C)=O)OC(C)=O)OC(C)=O)OC(C)=O)OC(C)=O)OC(C)=O)OC(C)=O)OC(C)=O)OC(C)=O)OC(C)=O)OC(C)=O)OC(C)=O)OC(C)=O)OC(C)=O)OC(C)=O)OC(C)=O)OC(C)=O)OC(C)=O)OC(C)=O)OC(C)=O)OC(C)=O)OC(C)=O)OC(C)=O)OC(C)=O)OC(C)=O)OC(C)=O,256.0,True
CC[C@H](C[C@H](C[C@H](C[C@H](C[C@@H](C[C@H](C[C@@H](C[C@@H](C[C@H](C[C@H](C[C@H](C[C@@H](C[C@@H](C[C@@H](C[C@H](C[C@@H](C[C@@H](C[C@H](C[C@@H](C[C@@H](C[C@H](C[C@@H](C[C@@H](C[C@@H](C[C@H](C[C@H](C[C@H](C[C@H](C[C@@H](C[C@H](C[C@@H](C[C@H](C[C@@H](C[C@H](C[C@H](C[C@@H](C[C@H](C[C@@H](C[C@H](C[C@@H](C)OC(C)=O)OC(C)=O)OC(C)=O)OC(C)=O)OC(C)=O)OC(C)=O)OC(C)=O)OC(C)=O)OC(C)=O)OC(C)=O)OC(C)=O)OC(C)=O)OC(C)=O)OC(C)=O)OC(C)=O)OC(C)=O)OC(C)=O)OC(C)=O)OC(C)=O)OC(C)=O)OC(C)=O)OC(C)=O)OC(C)=O)OC(C)=O)OC(C)=O)OC(C)=O)OC(C)=O)OC(C)=O)OC(C)=O)OC(C)=O)OC(C)=O)OC(C)=O)OC(C)=O)OC(C)=O)OC(C)=O)OC(C)=O)OC(C)=O)OC(C)=O)OC(C)=O)OC(C)=O,249.0,True
CC[C@H](C[C@H](C[C@H](C[C@H](C[C@@H](C[C@H](C[C@@H](C[C@@H](C[C@H](C[C@H](C[C@H](C[C@@H](C[C@@H](C[C@@H](C[C@H](C[C@@H](C[C@@H](C[C@H](C[C@@H](C[C@@H](C[C@H](C[C@@H](C[C@@H](C[C@@H](C[C@H](C[C@H](C[C@H](C[C@H](C[C@@H](C[C@H](C[C@@H](C[C@H](C[C@@H](C[C@H](C[C@H](C[C@@H](C[C@H](C[C@@H](C[C@H](C[C@@H](C)OC(C)=O)OC(C)=O)OC(C)=O)OC(C)=O)OC(C)=O)OC(C)=O)OC(C)=O)OC(C)=O)OC(C)=O)OC(C)=O)OC(C)=O)OC(C)=O)OC(C)=O)OC(C)=O)OC(C)=O)OC(C)=O)OC(C)=O)OC(C)=O)OC(C)=O)OC(C)=O)OC(C)=O)OC(C)=O)OC(C)=O)OC(C)=O)OC(C)=O)OC(C)=O)OC(C)=O)OC(C)=O)OC(C)=O)OC(C)=O)OC(C)=O)OC(C)=O)OC(C)=O)OC(C)=O)OC(C)=O)OC(C)=O)OC(C)=O)OC(C)=O)OC(C)=O)OC(C)=O,241.0,True
CC[C@H](C[C@H](C[C@H](C[C@H](C[C@@H](C[C@H](C[C@@H](C[C@@H](C[C@@H](C[C@@H](C[C@@H](C[C@H](C[C@H](C[C@H](C[C@@H](C[C@H](C[C@H](C[C@@H](C[C@H](C[C@H](C[C@@H](C[C@H](C[C@H](C[C@H](C[C@@H](C[C@@H](C[C@@H](C[C@@H](C[C@H](C[C@@H](C[C@H](C[C@@H](C[C@H](C[C@@H](C[C@@H](C[C@H](C[C@@H](C[C@H](C[C@@H](C[C@H](C)OC(C)=O)OC(C)=O)OC(C)=O)OC(C)=O)OC(C)=O)OC(C)=O)OC(C)=O)OC(C)=O)OC(C)=O)OC(C)=O)OC(C)=O)OC(C)=O)OC(C)=O)OC(C)=O)OC(C)=O)OC(C)=O)OC(C)=O)OC(C)=O)OC(C)=O)OC(C)=O)OC(C)=O)OC(C)=O)OC(C)=O)OC(C)=O)OC(C)=O)OC(C)=O)OC(C)=O)OC(C)=O)OC(C)=O)OC(C)=O)OC(C)=O)OC(C)=O)OC(C)=O)OC(C)=O)OC(C)=O)OC(C)=O)OC(C)=O)OC(C)=O)OC(C)=O)OC(C)=O,239.0,True
CC[C@H](C[C@H](C[C@H](C[C@H](C[C@@H](C[C@H](C[C@@H](C[C@@H](C[C@@H](C[C@@H](C[C@@H](C[C@H](C[C@H](C[C@H](C[C@@H](C[C@H](C[C@H](C[C@@H](C[C@H](C[C@H](C[C@@H](C[C@H](C[C@H](C[C@H](C[C@@H](C[C@@H](C[C@@H](C[C@@H](C[C@H](C[C@@H](C[C@H](C[C@@H](C[C@H](C[C@@H](C[C@@H](C[C@H](C[C@@H](C[C@H](C[C@@H](C[C@H](C)OC(C)=O)OC(C)=O)OC(C)=O)OC(C)=O)OC(C)=O)OC(C)=O)OC(C)=O)OC(C)=O)OC(C)=O)OC(C)=O)OC(C)=O)OC(C)=O)OC(C)=O)OC(C)=O)OC(C)=O)OC(C)=O)OC(C)=O)OC(C)=O)OC(C)=O)OC(C)=O)OC(C)=O)OC(C)=O)OC(C)=O)OC(C)=O)OC(C)=O)OC(C)=O)OC(C)=O)OC(C)=O)OC(C)=O)OC(C)=O)OC(C)=O)OC(C)=O)OC(C)=O)OC(C)=O)OC(C)=O)OC(C)=O)OC(C)=O)OC(C)=O)OC(C)=O)OC(C)=O,233.0,True
CC[C@H](C[C@H](C[C@H](C[C@H](C[C@@H](C[C@H](C[C@@H](C[C@@H](C[C@@H](C[C@@H](C[C@@H](C[C@@H](C[C@@H](C[C@@H](C[C@H](C[C@@H](C[C@@H](C[C@H](C[C@@H](C[C@@H](C[C@H](C[C@@H](C[C@@H](C[C@@H](C[C@H](C[C@H](C[C@H](C[C@H](C[C@@H](C[C@H](C[C@@H](C[C@H](C[C@@H](C[C@H](C[C@H](C[C@@H](C[C@H](C[C@@H](C[C@H](C[C@@H](C)OC(C)=O)OC(C)=O)OC(C)=O)OC(C)=O)OC(C)=O)OC(C)=O)OC(C)=O)OC(C)=O)OC(C)=O)OC(C)=O)OC(C)=O)OC(C)=O)OC(C)=O)OC(C)=O)OC(C)=O)OC(C)=O)OC(C)=O)OC(C)=O)OC(C)=O)OC(C)=O)OC(C)=O)OC(C)=O)OC(C)=O)OC(C)=O)OC(C)=O)OC(C)=O)OC(C)=O)OC(C)=O)OC(C)=O)OC(C)=O)OC(C)=O)OC(C)=O)OC(C)=O)OC(C)=O)OC(C)=O)OC(C)=O)OC(C)=O)OC(C)=O)OC(C)=O)OC(C)=O,225.0,True
CC[C@H](C[C@H](C[C@H](C[C@H](C[C@@H](C[C@H](C[C@@H](C[C@@H](C[C@H](C[C@H](C[C@H](C[C@@H](C[C@@H](C[C@@H](C[C@H](C[C@@H](C[C@@H](C[C@H](C[C@@H](C[C@@H](C[C@H](C[C@@H](C[C@H](C[C@H](C[C@@H](C[C@H](C[C@H](C[C@H](C[C@@H](C[C@H](C[C@@H](C[C@H](C[C@@H](C[C@H](C[C@@H](C[C@H](C[C@@H](C[C@H](C[C@@H](C[C@H](C)OC(=O)C(C)(C)C)OC(=O)C(C)(C)C)OC(=O)C(C)(C)C)OC(=O)C(C)(C)C)OC(=O)C(C)(C)C)OC(=O)C(C)(C)C)OC(=O)C(C)(C)C)OC(=O)C(C)(C)C)OC(=O)C(C)(C)C)OC(=O)C(C)(C)C)OC(=O)C(C)(C)C)OC(=O)C(C)(C)C)OC(=O)C(C)(C)C)OC(=O)C(C)(C)C)OC(=O)C(C)(C)C)OC(=O)C(C)(C)C)OC(=O)C(C)(C)C)OC(=O)C(C)(C)C)OC(=O)C(C)(C)C)OC(=O)C(C)(C)C)OC(=O)C(C)(C)C)OC(=O)C(C)(C)C)OC(=O)C(C)(C)C)OC(=O)C(C)(C)C)OC(=O)C(C)(C)C)OC(=O)C(C)(C)C)OC(=O)C(C)(C)C)OC(=O)C(C)(C)C)OC(=O)C(C)(C)C)OC(=O)C(C)(C)C)OC(=O)C(C)(C)C)OC(=O)C(C)(C)C)OC(=O)C(C)(C)C)OC(=O)C(C)(C)C)OC(=O)C(C)(C)C)OC(=O)C(C)(C)C)OC(=O)C(C)(C)C)OC(=O)C(C)(C)C)OC(=O)C(C)(C)C)OC(=O)C(C)(C)C,258.0,True
CC[C@H](C[C@H](C[C@H](C[C@H](C[C@@H](C[C@H](C[C@@H](C[C@@H](C[C@H](C[C@H](C[C@H](C[C@@H](C[C@@H](C[C@@H](C[C@H](C[C@@H](C[C@@H](C[C@H](C[C@@H](C[C@@H](C[C@H](C[C@@H](C[C@@H](C[C@@H](C[C@H](C[C@H](C[C@H](C[C@H](C[C@@H](C[C@H](C[C@@H](C[C@H](C[C@@H](C[C@H](C[C@@H](C[C@H](C[C@@H](C[C@H](C[C@@H](C[C@H](C)OC(=O)C(C)(C)C)OC(=O)C(C)(C)C)OC(=O)C(C)(C)C)OC(=O)C(C)(C)C)OC(=O)C(C)(C)C)OC(=O)C(C)(C)C)OC(=O)C(C)(C)C)OC(=O)C(C)(C)C)OC(=O)C(C)(C)C)OC(=O)C(C)(C)C)OC(=O)C(C)(C)C)OC(=O)C(C)(C)C)OC(=O)C(C)(C)C)OC(=O)C(C)(C)C)OC(=O)C(C)(C)C)OC(=O)C(C)(C)C)OC(=O)C(C)(C)C)OC(=O)C(C)(C)C)OC(=O)C(C)(C)C)OC(=O)C(C)(C)C)OC(=O)C(C)(C)C)OC(=O)C(C)(C)C)OC(=O)C(C)(C)C)OC(=O)C(C)(C)C)OC(=O)C(C)(C)C)OC(=O)C(C)(C)C)OC(=O)C(C)(C)C)OC(=O)C(C)(C)C)OC(=O)C(C)(C)C)OC(=O)C(C)(C)C)OC(=O)C(C)(C)C)OC(=O)C(C)(C)C)OC(=O)C(C)(C)C)OC(=O)C(C)(C)C)OC(=O)C(C)(C)C)OC(=O)C(C)(C)C)OC(=O)C(C)(C)C)OC(=O)C(C)(C)C)OC(=O)C(C)(C)C)OC(=O)C(C)(C)C,250.0,True
CC[C@H](C[C@H](C[C@H](C[C@H](C[C@@H](C[C@H](C[C@@H](C[C@@H](C[C@@H](C[C@@H](C[C@@H](C[C@H](C[C@H](C[C@H](C[C@@H](C[C@H](C[C@H](C[C@@H](C[C@H](C[C@H](C[C@@H](C[C@H](C[C@H](C[C@H](C[C@@H](C[C@@H](C[C@@H](C[C@@H](C[C@H](C[C@@H](C[C@H](C[C@@H](C[C@H](C[C@@H](C[C@@H](C[C@H](C[C@@H](C[C@H](C[C@@H](C[C@H](C)OC(=O)C(C)(C)C)OC(=O)C(C)(C)C)OC(=O)C(C)(C)C)OC(=O)C(C)(C)C)OC(=O)C(C)(C)C)OC(=O)C(C)(C)C)OC(=O)C(C)(C)C)OC(=O)C(C)(C)C)OC(=O)C(C)(C)C)OC(=O)C(C)(C)C)OC(=O)C(C)(C)C)OC(=O)C(C)(C)C)OC(=O)C(C)(C)C)OC(=O)C(C)(C)C)OC(=O)C(C)(C)C)OC(=O)C(C)(C)C)OC(=O)C(C)(C)C)OC(=O)C(C)(C)C)OC(=O)C(C)(C)C)OC(=O)C(C)(C)C)OC(=O)C(C)(C)C)OC(=O)C(C)(C)C)OC(=O)C(C)(C)C)OC(=O)C(C)(C)C)OC(=O)C(C)(C)C)OC(=O)C(C)(C)C)OC(=O)C(C)(C)C)OC(=O)C(C)(C)C)OC(=O)C(C)(C)C)OC(=O)C(C)(C)C)OC(=O)C(C)(C)C)OC(=O)C(C)(C)C)OC(=O)C(C)(C)C)OC(=O)C(C)(C)C)OC(=O)C(C)(C)C)OC(=O)C(C)(C)C)OC(=O)C(C)(C)C)OC(=O)C(C)(C)C)OC(=O)C(C)(C)C)OC(=O)C(C)(C)C,227.0,True
CC[C@H](C[C@H](C[C@H](C[C@H](C[C@@H](C[C@H](C[C@@H](C[C@@H](C[C@@H](C[C@@H](C[C@@H](C[C@H](C[C@H](C[C@H](C[C@@H](C[C@H](C[C@H](C[C@@H](C[C@H](C[C@H](C[C@@H](C[C@H](C[C@H](C[C@H](C[C@@H](C[C@@H](C[C@@H](C[C@@H](C[C@H](C[C@@H](C[C@H](C[C@@H](C[C@H](C[C@@H](C[C@@H](C[C@H](C[C@@H](C[C@H](C[C@@H](C[C@H](C)OC(=O)C(C)(C)C)OC(=O)C(C)(C)C)OC(=O)C(C)(C)C)OC(=O)C(C)(C)C)OC(=O)C(C)(C)C)OC(=O)C(C)(C)C)OC(=O)C(C)(C)C)OC(=O)C(C)(C)C)OC(=O)C(C)(C)C)OC(=O)C(C)(C)C)OC(=O)C(C)(C)C)OC(=O)C(C)(C)C)OC(=O)C(C)(C)C)OC(=O)C(C)(C)C)OC(=O)C(C)(C)C)OC(=O)C(C)(C)C)OC(=O)C(C)(C)C)OC(=O)C(C)(C)C)OC(=O)C(C)(C)C)OC(=O)C(C)(C)C)OC(=O)C(C)(C)C)OC(=O)C(C)(C)C)OC(=O)C(C)(C)C)OC(=O)C(C)(C)C)OC(=O)C(C)(C)C)OC(=O)C(C)(C)C)OC(=O)C(C)(C)C)OC(=O)C(C)(C)C)OC(=O)C(C)(C)C)OC(=O)C(C)(C)C)OC(=O)C(C)(C)C)OC(=O)C(C)(C)C)OC(=O)C(C)(C)C)OC(=O)C(C)(C)C)OC(=O)C(C)(C)C)OC(=O)C(C)(C)C)OC(=O)C(C)(C)C)OC(=O)C(C)(C)C)OC(=O)C(C)(C)C)OC(=O)C(C)(C)C,225.0,True
CC[C@H](C[C@H](C[C@H](C[C@H](C[C@@H](C[C@H](C[C@@H](C[C@@H](C[C@@H](C[C@@H](C[C@@H](C[C@@H](C[C@@H](C[C@@H](C[C@H](C[C@@H](C[C@@H](C[C@H](C[C@@H](C[C@@H](C[C@H](C[C@@H](C[C@@H](C[C@@H](C[C@H](C[C@H](C[C@H](C[C@H](C[C@@H](C[C@H](C[C@@H](C[C@H](C[C@@H](C[C@H](C[C@H](C[C@@H](C[C@H](C[C@@H](C[C@H](C[C@@H](C)OC(=O)C(C)(C)C)OC(=O)C(C)(C)C)OC(=O)C(C)(C)C)OC(=O)C(C)(C)C)OC(=O)C(C)(C)C)OC(=O)C(C)(C)C)OC(=O)C(C)(C)C)OC(=O)C(C)(C)C)OC(=O)C(C)(C)C)OC(=O)C(C)(C)C)OC(=O)C(C)(C)C)OC(=O)C(C)(C)C)OC(=O)C(C)(C)C)OC(=O)C(C)(C)C)OC(=O)C(C)(C)C)OC(=O)C(C)(C)C)OC(=O)C(C)(C)C)OC(=O)C(C)(C)C)OC(=O)C(C)(C)C)OC(=O)C(C)(C)C)OC(=O)C(C)(C)C)OC(=O)C(C)(C)C)OC(=O)C(C)(C)C)OC(=O)C(C)(C)C)OC(=O)C(C)(C)C)OC(=O)C(C)(C)C)OC(=O)C(C)(C)C)OC(=O)C(C)(C)C)OC(=O)C(C)(C)C)OC(=O)C(C)(C)C)OC(=O)C(C)(C)C)OC(=O)C(C)(C)C)OC(=O)C(C)(C)C)OC(=O)C(C)(C)C)OC(=O)C(C)(C)C)OC(=O)C(C)(C)C)OC(=O)C(C)(C)C)OC(=O)C(C)(C)C)OC(=O)C(C)(C)C)OC(=O)C(C)(C)C,223.0,True
CC[C@H](C[C@@H](C[C@H](C[C@@H](C[C@H](C[C@@H](C[C@H](C[C@@H](C[C@H](C[C@@H](C[C@H](C[C@@H](C[C@H](C[C@@H](C[C@H](C[C@@H](C[C@H](C[C@@H](C[C@H](C[C@@H](C[C@H](C[C@@H](C[C@H](C[C@@H](C[C@H](C[C@@H](C[C@H](C[C@@H](C[C@H](C[C@@H](C[C@H](C[C@@H](C[C@H](C[C@@H](C[C@H](C[C@@H](C[C@H](C[C@@H](C[C@H](C[C@@H](C)c1ccccc1)c1ccccc1)c1ccccc1)c1ccccc1)c1ccccc1)c1ccccc1)c1ccccc1)c1ccccc1)c1ccccc1)c1ccccc1)c1ccccc1)c1ccccc1)c1ccccc1)c1ccccc1)c1ccccc1)c1ccccc1)c1ccccc1)c1ccccc1)c1ccccc1)c1ccccc1)c1ccccc1)c1ccccc1)c1ccccc1)c1ccccc1)c1ccccc1)c1ccccc1)c1ccccc1)c1ccccc1)c1ccccc1)c1ccccc1)c1ccccc1)c1ccccc1)c1ccccc1)c1ccccc1)c1ccccc1)c1ccccc1)c1ccccc1)c1ccccc1)c1ccccc1)c1ccccc1,270.0,True
CC[C@H](C[C@H](C[C@H](C[C@H](C[C@H](C[C@H](C[C@H](C[C@H](C[C@H](C[C@H](C[C@H](C[C@H](C[C@H](C[C@H](C[C@H](C[C@H](C[C@H](C[C@H](C[C@H](C[C@H](C[C@H](C[C@H](C[C@H](C[C@H](C[C@H](C[C@H](C[C@H](C[C@H](C[C@H](C[C@H](C[C@H](C[C@H](C[C@H](C[C@H](C[C@H](C[C@H](C[C@H](C[C@H](C[C@H](C[C@H](C)c1ccccc1)c1ccccc1)c1ccccc1)c1ccccc1)c1ccccc1)c1ccccc1)c1ccccc1)c1ccccc1)c1ccccc1)c1ccccc1)c1ccccc1)c1ccccc1)c1ccccc1)c1ccccc1)c1ccccc1)c1ccccc1)c1ccccc1)c1ccccc1)c1ccccc1)c1ccccc1)c1ccccc1)c1ccccc1)c1ccccc1)c1ccccc1)c1ccccc1)c1ccccc1)c1ccccc1)c1ccccc1)c1ccccc1)c1ccccc1)c1ccccc1)c1ccccc1)c1ccccc1)c1ccccc1)c1ccccc1)c1ccccc1)c1ccccc1)c1ccccc1)c1ccccc1)c1ccccc1,230.0,True
COCCOCC(=O)OCCOCC(=O)OCCOCC(=O)OCCOCC(=O)OCCOCC(=O)OCCOCC(=O)OCC[C@H](C)CC(=O)OCC[C@@H](C)CC(=O)OCC[C@H](C)CC(=O)OCC[C@@H](C)CC(=O)OCC[C@H](C)CC(=O)OCC[C@@H](C)CC(=O)OCC[C@H](C)CC(=O)OCC[C@@H](C)CC(=O)OCC[C@H](C)CC(=O)OCC[C@@H](C)CC(=O)OCC[C@H](C)CC(=O)OCC[C@@H](C)CC(=O)OCC[C@H](C)CC(=O)OCC[C@@H](C)CC(=O)OCC[C@H](C)CC(=O)OCC[C@@H](C)CC(=O)OCC[C@H](C)CC(=O)OCC[C@@H](C)CC(=O)OCC[C@H](C)CC(=O)OCC[C@@H](C)CC(=O)OCC[C@H](C)CC(=O)OCC[C@@H](C)CC(=O)OCC[C@H](C)CC(=O)OCC[C@@H](C)CC(=O)OCC[C@H](C)CC(=O)OCC[C@@H](C)CC(=O)OCCOCC(=O)OCCOCC(=O)OCCOCC(=O)OCCOCC(=O)OCCOCC(=O)OCCOCC(C)=O,90.4,True
COCCOCC(=O)OCCOCC(=O)OCCOCC(=O)OCCOCC(=O)OCCOCC(=O)OCCOCC(=O)OCCOCC(=O)OCCOCC(=O)OCC[C@H](C)CC(=O)OCC[C@@H](C)CC(=O)OCC[C@H](C)CC(=O)OCC[C@@H](C)CC(=O)OCC[C@H](C)CC(=O)OCC[C@@H](C)CC(=O)OCC[C@H](C)CC(=O)OCC[C@@H](C)CC(=O)OCC[C@H](C)CC(=O)OCC[C@@H](C)CC(=O)OCC[C@H](C)CC(=O)OCC[C@@H](C)CC(=O)OCC[C@H](C)CC(=O)OCC[C@@H](C)CC(=O)OCC[C@H](C)CC(=O)OCC[C@@H](C)CC(=O)OCC[C@H](C)CC(=O)OCC[C@@H](C)CC(=O)OCC[C@H](C)CC(=O)OCC[C@@H](C)CC(=O)OCC[C@H](C)CC(=O)OCC[C@@H](C)CC(=O)OCCOCC(=O)OCCOCC(=O)OCCOCC(=O)OCCOCC(=O)OCCOCC(=O)OCCOCC(=O)OCCOCC(=O)OCCOCC(C)=O,95.2,True
COCCOCC(=O)OCCOCC(=O)OCCOCC(=O)OCCOCC(=O)OCCOCC(=O)OCCOCC(=O)OCC[C@H](C)CC(=O)OCC[C@@H](C)CC(=O)OCC[C@H](C)CC(=O)OCC[C@@H](C)CC(=O)OCC[C@H](C)CC(=O)OCC[C@@H](C)CC(=O)OCC[C@H](C)CC(=O)OCC[C@@H](C)CC(=O)OCC[C@H](C)CC(=O)OCC[C@@H](C)CC(=O)OCC[C@H](C)CC(=O)OCC[C@@H](C)CC(=O)OCC[C@H](C)CC(=O)OCC[C@@H](C)CC(=O)OCC[C@H](C)CC(=O)OCC[C@@H](C)CC(=O)OCC[C@H](C)CC(=O)OCC[C@@H](C)CC(=O)OCC[C@H](C)CC(=O)OCC[C@@H](C)CC(=O)OCC[C@H](C)CC(=O)OCC[C@@H](C)CC(=O)OCC[C@H](C)CC(=O)OCC[C@@H](C)CC(=O)OCC[C@H](C)CC(=O)OCC[C@@H](C)CC(=O)OCCOCC(=O)OCCOCC(=O)OCCOCC(=O)OCCOCC(=O)OCCOCC(=O)OCCOCC(C)=O,80.4,True
CCC(CC)C[C@@H](CC)C[C@@H](CC)C[C@@H](CC)C[C@@H](CC)C[C@@H](CC)C[C@@H](CC)C[C@@H](CC)C[C@@H](CC)C[C@@H](CC)C[C@@H](CC)C[C@@H](CC)C[C@@H](CC)C[C@@H](CC)C[C@@H](CC)C[C@@H](CC)C[C@@H](CC)C[C@@H](CC)C[C@@H](CC)C[C@@H](CC)C[C@@H](CC)C[C@@H](CC)C[C@@H](CC)C[C@@H](CC)C[C@@H](CC)C[C@@H](CC)C[C@@H](CC)C[C@@H](CC)C[C@@H](CC)C[C@@H](CC)C[C@@H](CC)C[C@@H](CC)C[C@@H](CC)C[C@@H](CC)C[C@@H](CC)C[C@@H](CC)C[C@@H](CC)C[C@@H](CC)C[C@@H](CC)C[C@H](C)CC,110.7,True
CCC[C@@H](C)C[C@H](CCC)C[C@H](CCC)C[C@H](CCC)C[C@H](CCC)C[C@H](CCC)C[C@H](CCC)C[C@H](CCC)C[C@H](CCC)C[C@H](CCC)C[C@H](CCC)C[C@H](CCC)C[C@H](CCC)C[C@H](CCC)C[C@H](CCC)C[C@H](CCC)C[C@H](CCC)C[C@H](CCC)C[C@H](CCC)C[C@H](CCC)C[C@H](CCC)C[C@H](CCC)C[C@H](CCC)C[C@H](CCC)C[C@H](CCC)C[C@H](CCC)C[C@H](CCC)C[C@H](CCC)C[C@H](CCC)C[C@H](CCC)C[C@H](CCC)C[C@H](CCC)C[C@H](CCC)C[C@H](CCC)C[C@H](CCC)C[C@H](CCC)C[C@H](CCC)C[C@H](CCC)C[C@H](CCC)C[C@@H](CC)CCC,68.0,True
CCC(C)(C)CC(C)(C)CC(C)(C)CC(C)(C)CC(C)(C)CC(C)(C)CC(C)(C)CC(C)(C)CC(C)(C)CC(C)(C)CC(C)(C)CC(C)(C)CC(C)(C)CC(C)(C)CC(C)(C)CC(C)(C)CC(C)(C)CC(C)(C)CC(C)(C)CC(C)(C)CC(C)(C)CC(C)(C)CC(C)(C)CC(C)(C)CC(C)(C)CC(C)(C)CC(C)(C)CC(C)(C)CC(C)(C)CC(C)(C)CC(C)(C)CC(C)(C)CC(C)(C)CC(C)(C)CC(C)(C)CC(C)(C)CC(C)(C)CC(C)(C)CC(C)(C)CC(C)(C)C,121.0,True
CCCC(C)(C)CCC(C)(C)CCC(C)(C)CCC(C)(C)CCC(C)(C)CCC(C)(C)CCC(C)(C)CCC(C)(C)CCC(C)(C)CCC(C)(C)CCC(C)(C)CCC(C)(C)CCC(C)(C)CCC(C)(C)CCC(C)(C)CCC(C)(C)CCC(C)(C)CCC(C)(C)CCC(C)(C)CCC(C)(C)CCC(C)(C)CCC(C)(C)CCC(C)(C)CCC(C)(C)CCC(C)(C)CCC(C)(C)CCC(C)(C)CCC(C)(C)CCC(C)(C)CCC(C)(C)CCC(C)(C)CCC(C)(C)CCC(C)(C)CCC(C)(C)CCC(C)(C)CCC(C)(C)CCC(C)(C)CCC(C)(C)CCC(C)(C)CCC(C)(C)C,108.0,True
CC[C@@](C)(C[C@](C)(C[C@@](C)(C[C@](C)(C[C@@](C)(C[C@](C)(C[C@@](C)(C[C@](C)(C[C@@](C)(C[C@](C)(C[C@@](C)(C[C@](C)(C[C@@](C)(C[C@](C)(C[C@@](C)(C[C@](C)(C[C@@](C)(C[C@](C)(C[C@@](C)(C[C@](C)(C[C@@](C)(C[C@](C)(C[C@@](C)(C[C@](C)(C[C@@](C)(C[C@](C)(C[C@@](C)(C[C@](C)(C[C@@](C)(C[C@](C)(C[C@@](C)(C[C@](C)(C[C@@](C)(C[C@](C)(C[C@@](C)(C[C@](C)(C[C@@](C)(C[C@](C)(C[C@@](C)(CC(C)(C)c1ccccc1)c1ccccc1)c1ccccc1)c1ccccc1)c1ccccc1)c1ccccc1)c1ccccc1)c1ccccc1)c1ccccc1)c1ccccc1)c1ccccc1)c1ccccc1)c1ccccc1)c1ccccc1)c1ccccc1)c1ccccc1)c1ccccc1)c1ccccc1)c1ccccc1)c1ccccc1)c1ccccc1)c1ccccc1)c1ccccc1)c1ccccc1)c1ccccc1)c1ccccc1)c1ccccc1)c1ccccc1)c1ccccc1)c1ccccc1)c1ccccc1)c1ccccc1)c1ccccc1)c1ccccc1)c1ccccc1)c1ccccc1)c1ccccc1)c1ccccc1)c1ccccc1)c1ccccc1,192.0,True
CCCCCCCCCCCCCCCCCCCCCCCCCCCCCCCCCCCCCCCCCCCCCCCCCCCCCCCCCCCCCCCCCCCCCCCCCCCCCCCCCC,130.0,True
CNCCCCCCNC(=O)CCCCC(=O)NCCCCCCNC(=O)CCCCC(=O)NCCCCCCNC(=O)CCCCC(=O)NCCCCCCNC(=O)CCCCC(=O)NCCCCCCNC(=O)CCCCC(=O)NCCCCCCNC(=O)CCCCC(=O)NCCCCCCNC(=O)CCCCC(=O)NCCCCCCNC(=O)CCCCC(=O)NCCCCCCNC(=O)CCCCC(=O)NCCCCCCNC(=O)CCCCC(=O)NCCCCCCNC(=O)CCCCC(=O)NCCCCCCNC(=O)CCCCC(=O)NCCCCCCNC(=O)CCCCC(=O)NCCCCCCNC(=O)CCCCC(=O)NCCCCCCNC(=O)CCCCC(=O)NCCCCCCNC(=O)CCCCC(=O)NCCCCCCNC(=O)CCCCC(=O)NCCCCCCNC(=O)CCCCC(=O)NCCCCCCNC(=O)CCCCC(=O)NCCCCCCNC(=O)CCCCC(=O)NCCCCCCNC(=O)CCCCC(=O)NCCCCCCNC(=O)CCCCC(=O)NCCCCCCNC(=O)CCCCC(=O)NCCCCCCNC(=O)CCCCC(=O)NCCCCCCNC(=O)CCCCC(=O)NCCCCCCNC(=O)CCCCC(=O)NCCCCCCNC(=O)CCCCC(=O)NCCCCCCNC(=O)CCCCC(=O)NCCCCCCNC(=O)CCCCC(=O)NCCCCCCNC(=O)CCCCC(=O)NCCCCCCNC(=O)CCCCC(=O)NCCCCCCNC(=O)CCCCC(=O)NCCCCCCNC(=O)CCCCC(=O)NCCCCCCNC(=O)CCCCC(=O)NCCCCCCNC(=O)CCCCC(=O)NCCCCCCNC(=O)CCCCC(=O)NCCCCCCNC(=O)CCCCC(=O)NCCCCCCNC(=O)CCCCC(=O)NCCCCCCNC(=O)CCCCC(=O)NCCCCCCNC(=O)CCCCC(C)=O,250.0,True
CCCOC(=O)c1ccc(C(=O)OCCOC(=O)c2ccc(C(=O)OCCOC(=O)c3ccc(C(=O)OCCOC(=O)c4ccc(C(=O)OCCOC(=O)c5ccc(C(=O)OCCOC(=O)c6ccc(C(=O)OCCOC(=O)c7ccc(C(=O)OCCOC(=O)c8ccc(C(=O)OCCOC(=O)c9ccc(C(=O)OCCOC(=O)c%10ccc(C(=O)OCCOC(=O)c%11ccc(C(=O)OCCOC(=O)c%12ccc(C(=O)OCCOC(=O)c%13ccc(C(=O)OCCOC(=O)c%14ccc(C(=O)OCCOC(=O)c%15ccc(C(=O)OCCOC(=O)c%16ccc(C(=O)OCCOC(=O)c%17ccc(C(=O)OCCOC(=O)c%18ccc(C(=O)OCCOC(=O)c%19ccc(C(=O)OCCOC(=O)c%20ccc(C(=O)OCCOC(=O)c%21ccc(C(=O)OCCOC(=O)c%22ccc(C(=O)OCCOC(=O)c%23ccc(C(=O)OCCOC(=O)c%24ccc(C(=O)OCCOC(=O)c%25ccc(C(=O)OCCOC(=O)c%26ccc(C(=O)OCCOC(=O)c%27ccc(C(=O)OCCOC(=O)c%28ccc(C(=O)OCCOC(=O)c%29ccc(C(=O)OCCOC(=O)c%30ccc(C(=O)OCCOC(=O)c%31ccc(C(=O)OCCOC(=O)c%32ccc(C(=O)OCCOC(=O)c%33ccc(C(=O)OCCOC(=O)c%34ccc(C(=O)OCCOC(=O)c%35ccc(C(=O)OCCOC(=O)c%36ccc(C(=O)OCCOC(=O)c%37ccc(C(=O)OCCOC(=O)c%38ccc(C(=O)OCCOC(=O)c%39ccc(C(=O)OCCOC(=O)c%40ccc(C(=O)OC)cc%40)cc%39)cc%38)cc%37)cc%36)cc%35)cc%34)cc%33)cc%32)cc%31)cc%30)cc%29)cc%28)cc%27)cc%26)cc%25)cc%24)cc%23)cc%22)cc%21)cc%20)cc%19)cc%18)cc%17)cc%16)cc%15)cc%14)cc%13)cc%12)cc%11)cc%10)cc9)cc8)cc7)cc6)cc5)cc4)cc3)cc2)cc1,240.0,True
COc1c(C)cc(Oc2c(C)cc(Oc3c(C)cc(Oc4c(C)cc(Oc5c(C)cc(Oc6c(C)cc(Oc7c(C)cc(Oc8c(C)cc(Oc9c(C)cc(Oc%10c(C)cc(Oc%11c(C)cc(Oc%12c(C)cc(Oc%13c(C)cc(Oc%14c(C)cc(Oc%15c(C)cc(Oc%16c(C)cc(Oc%17c(C)cc(Oc%18c(C)cc(Oc%19c(C)cc(Oc%20c(C)cc(Oc%21c(C)cc(Oc%22c(C)cc(Oc%23c(C)cc(Oc%24c(C)cc(Oc%25c(C)cc(Oc%26c(C)cc(Oc%27c(C)cc(Oc%28c(C)cc(Oc%29c(C)cc(Oc%30c(C)cc(Oc%31c(C)cc(Oc%32c(C)cc(Oc%33c(C)cc(Oc%34c(C)cc(Oc%35c(C)cc(Oc%36c(C)cc(Oc%37c(C)cc(Oc%38c(C)cc(Oc%39c(C)cc(Oc%40c(C)cc(C)cc%40C)cc%39C)cc%38C)cc%37C)cc%36C)cc%35C)cc%34C)cc%33C)cc%32C)cc%31C)cc%30C)cc%29C)cc%28C)cc%27C)cc%26C)cc%25C)cc%24C)cc%23C)cc%22C)cc%21C)cc%20C)cc%19C)cc%18C)cc%17C)cc%16C)cc%15C)cc%14C)cc%13C)cc%12C)cc%11C)cc%10C)cc9C)cc8C)cc7C)cc6C)cc5C)cc4C)cc3C)cc2C)cc1C,300.0,True
COc1ccc(Oc2ccc(C(=O)c3ccc(Oc4ccc(Oc5ccc(C(=O)c6ccc(Oc7ccc(Oc8ccc(C(=O)c9ccc(Oc%10ccc(Oc%11ccc(C(=O)c%12ccc(Oc%13ccc(Oc%14ccc(C(=O)c%15ccc(Oc%16ccc(Oc%17ccc(C(=O)c%18ccc(Oc%19ccc(Oc%20ccc(C(=O)c%21ccc(Oc%22ccc(Oc%23ccc(C(=O)c%24ccc(Oc%25ccc(Oc%26ccc(C(=O)c%27ccc(Oc%28ccc(Oc%29ccc(C(=O)c%30ccc(Oc%31ccc(Oc%32ccc(C(=O)c%33ccc(Oc%34ccc(Oc%35ccc(C(=O)c%36ccc(Oc%37ccc(Oc%38ccc(C(=O)c%39ccc(Oc%40ccc(Oc%41ccc(C(=O)c%42ccc(Oc%43ccc(Oc%44ccc(C(=O)c%45ccc(Oc%46ccc(Oc%47ccc(C(=O)c%48ccc(Oc%49ccc(Oc%50ccc(C(=O)c%51ccc(Oc%52ccc(Oc%53ccc(C(=O)c%54ccc(Oc%55ccc(Oc%56ccc(C(=O)c%57ccc(Oc%58ccc(Oc%59ccc(C(=O)c%60ccc(Oc%61ccc(Oc%62ccc(C(=O)c%63ccc(Oc%64ccc(Oc%65ccc(C(=O)c%66ccc(Oc%67ccc(Oc%68ccc(C(=O)c%69ccc(Oc%70ccc(Oc%71ccc(C(=O)c%72ccc(Oc%73ccc(Oc%74ccc(C(=O)c%75ccc(Oc%76ccc(Oc%77ccc(C(=O)c%78ccc(Oc%79ccc(Oc%80ccc(C(=O)c%81ccc(Oc%82ccc(Oc%83ccc(C(=O)c%84ccc(Oc%85ccc(Oc%86ccc(C(=O)c%87ccc(Oc%88ccc(Oc%89ccc(C(=O)c%90ccc(Oc%91ccc(Oc%92ccc(C(=O)c%93ccc(Oc%94ccc(Oc%95ccc(C(=O)c%96ccc(Oc%97ccc(Oc%98ccc(C(=O)c%99ccc(Oc%(100)ccc(Oc%(101)ccc(C(=O)c%(102)ccc(Oc%(103)ccc(Oc%(104)ccc(C(=O)c%(105)ccc(Oc%(106)ccc(Oc%(107)ccc(C(=O)c%(108)ccc(Oc%(109)ccc(Oc%(110)ccc(C(=O)c%(111)ccc(Oc%(112)ccc(Oc%(113)ccc(C(=O)c%(114)ccc(Oc%(115)ccc(Oc%(116)ccc(C(=O)c%(117)ccc(Oc%(118)ccc(Oc%(119)ccc(C(=O)c%(120)ccc(C)cc%(120))cc%(119))cc%(118))cc%(117))cc%(116))cc%(115))cc%(114))cc%(113))cc%(112))cc%(111))cc%(110))cc%(109))cc%(108))cc%(107))cc%(106))cc%(105))cc%(104))cc%(103))cc%(102))cc%(101))cc%(100))cc%99)cc%98)cc%97)cc%96)cc%95)cc%94)cc%93)cc%92)cc%91)cc%90)cc%89)cc%88)cc%87)cc%86)cc%85)cc%84)cc%83)cc%82)cc%81)cc%80)cc%79)cc%78)cc%77)cc%76)cc%75)cc%74)cc%73)cc%72)cc%71)cc%70)cc%69)cc%68)cc%67)cc%66)cc%65)cc%64)cc%63)cc%62)cc%61)cc%60)cc%59)cc%58)cc%57)cc%56)cc%55)cc%54)cc%53)cc%52)cc%51)cc%50)cc%49)cc%48)cc%47)cc%46)cc%45)cc%44)cc%43)cc%42)cc%41)cc%40)cc%39)cc%38)cc%37)cc%36)cc%35)cc%34)cc%33)cc%32)cc%31)cc%30)cc%29)cc%28)cc%27)cc%26)cc%25)cc%24)cc%23)cc%22)cc%21)cc%20)cc%19)cc%18)cc%17)cc%16)cc%15)cc%14)cc%13)cc%12)cc%11)cc%10)cc9)cc8)cc7)cc6)cc5)cc4)cc3)cc2)cc1,334.0,True
COCCCCCC(=O)OCCCCCC(=O)OCCCCCC(=O)OCCCCCC(=O)OCCCCCC(=O)OCCCCCC(=O)OCCCCCC(=O)OCCCCCC(=O)OCCCCCC(=O)OCCCCCC(=O)OCCCCCC(=O)OCCCCCC(=O)OCCCCCC(=O)OCCCCCC(=O)OCCCCCC(=O)OCCCCCC(=O)OCCCCCC(=O)OCCCCCC(=O)OCCCCCC(=O)OCCCCCC(=O)OCCCCCC(=O)OCCCCCC(=O)OCCCCCC(=O)OCCCCCC(=O)OCCCCCC(=O)OCCCCCC(=O)OCCCCCC(=O)OCCCCCC(=O)OCCCCCC(=O)OCCCCCC(=O)OCCCCCC(=O)OCCCCCC(=O)OCCCCCC(=O)OCCCCCC(=O)OCCCCCC(=O)OCCCCCC(=O)OCCCCCC(=O)OCCCCCC(=O)OCCCCCC(=O)OCCCCCC(C)=O,60.0,True
CO[C@@H](C)CC(=O)O[C@@H](C)CC(=O)O[C@@H](C)CC(=O)O[C@@H](C)CC(=O)O[C@@H](C)CC(=O)O[C@@H](C)CC(=O)O[C@@H](C)CC(=O)O[C@@H](C)CC(=O)O[C@@H](C)CC(=O)O[C@@H](C)CC(=O)O[C@@H](C)CC(=O)O[C@@H](C)CC(=O)O[C@@H](C)CC(=O)O[C@@H](C)CC(=O)O[C@@H](C)CC(=O)O[C@@H](C)CC(=O)O[C@@H](C)CC(=O)O[C@@H](C)CC(=O)O[C@@H](C)CC(=O)O[C@@H](C)CC(=O)O[C@@H](C)CC(=O)O[C@@H](C)CC(=O)O[C@@H](C)CC(=O)O[C@@H](C)CC(=O)O[C@@H](C)CC(=O)O[C@@H](C)CC(=O)O[C@@H](C)CC(=O)O[C@@H](C)CC(=O)O[C@@H](C)CC(=O)O[C@@H](C)CC(=O)O[C@@H](C)CC(=O)O[C@@H](C)CC(=O)O[C@@H](C)CC(=O)O[C@@H](C)CC(=O)O[C@@H](C)CC(=O)O[C@@H](C)CC(=O)O[C@@H](C)CC(=O)O[C@@H](C)CC(=O)O[C@@H](C)CC(=O)O[C@@H](C)CC(C)=O,170.0,True
CO[C@@H](C)CC(=O)O[C@@H](C)CC(=O)O[C@@H](C)CC(=O)O[C@@H](C)CC(=O)O[C@@H](C)CC(=O)O[C@@H](C)CC(=O)O[C@@H](C)CC(=O)O[C@@H](C)CC(=O)O[C@@H](C)CC(=O)O[C@@H](C)CC(=O)O[C@@H](C)CC(=O)O[C@@H](C)CC(=O)O[C@@H](C)CC(=O)O[C@@H](C)CC(=O)O[C@@H](C)CC(=O)O[C@@H](C)CC(=O)O[C@@H](C)CC(=O)O[C@@H](C)CC(=O)O[C@@H](C)CC(=O)O[C@@H](C)CC(=O)O[C@@H](C)CC(=O)O[C@@H](C)CC(=O)O[C@@H](C)CC(=O)O[C@@H](C)CC(=O)O[C@@H](C)CC(=O)O[C@@H](C)CC(=O)O[C@@H](C)CC(=O)O[C@@H](C)CC(=O)O[C@@H](C)CC(=O)O[C@@H](C)CC(=O)O[C@@H](C)CC(=O)O[C@@H](C)CC(=O)O[C@@H](C)CC(=O)O[C@@H](C)CC(=O)O[C@@H](C)CC(=O)O[C@@H](C)CC(=O)O[C@@H](C)CC(=O)O[C@@H](C)CC(=O)O[C@@H](C)CC(=O)O[C@@H](C)CC(C)=O,175.0,True
CO[C@@H](C)CC(=O)O[C@@H](C)CC(=O)O[C@@H](C)CC(=O)O[C@@H](C)CC(=O)O[C@@H](C)CC(=O)O[C@@H](C)CC(=O)O[C@@H](C)CC(=O)O[C@@H](C)CC(=O)O[C@@H](C)CC(=O)O[C@@H](C)CC(=O)O[C@@H](C)CC(=O)O[C@@H](C)CC(=O)O[C@@H](C)CC(=O)O[C@@H](C)CC(=O)O[C@@H](C)CC(=O)O[C@@H](C)CC(=O)O[C@@H](C)CC(=O)O[C@@H](C)CC(=O)O[C@@H](C)CC(=O)O[C@@H](C)CC(=O)O[C@@H](C)CC(=O)O[C@@H](C)CC(=O)O[C@@H](C)CC(=O)O[C@@H](C)CC(=O)O[C@@H](C)CC(=O)O[C@@H](C)CC(=O)O[C@@H](C)CC(=O)O[C@@H](C)CC(=O)O[C@@H](C)CC(=O)O[C@@H](C)CC(=O)O[C@@H](C)CC(=O)O[C@@H](C)CC(=O)O[C@@H](C)CC(=O)O[C@@H](C)CC(=O)O[C@@H](C)CC(=O)O[C@@H](C)CC(=O)O[C@@H](C)CC(=O)O[C@@H](C)CC(=O)O[C@@H](C)CC(=O)O[C@@H](C)CC(C)=O,178.0,True
CO[C@@H](C)CC(=O)O[C@@H](C)CC(=O)O[C@@H](C)CC(=O)O[C@@H](C)CC(=O)O[C@@H](C)CC(=O)O[C@@H](C)CC(=O)O[C@@H](C)CC(=O)O[C@@H](C)CC(=O)O[C@@H](C)CC(=O)O[C@@H](C)CC(=O)O[C@@H](C)CC(=O)O[C@@H](C)CC(=O)O[C@@H](C)CC(=O)O[C@@H](C)CC(=O)O[C@@H](C)CC(=O)O[C@@H](C)CC(=O)O[C@@H](C)CC(=O)O[C@@H](C)CC(=O)O[C@@H](C)CC(=O)O[C@@H](C)CC(=O)O[C@@H](C)CC(=O)O[C@@H](C)CC(=O)O[C@@H](C)CC(=O)O[C@@H](C)CC(=O)O[C@@H](C)CC(=O)O[C@@H](C)CC(=O)O[C@@H](C)CC(=O)O[C@@H](C)CC(=O)O[C@@H](C)CC(=O)O[C@@H](C)CC(=O)O[C@@H](C)CC(=O)O[C@@H](C)CC(=O)O[C@@H](C)CC(=O)O[C@@H](C)CC(=O)O[C@@H](C)CC(=O)O[C@@H](C)CC(=O)O[C@@H](C)CC(=O)O[C@@H](C)CC(=O)O[C@@H](C)CC(=O)O[C@@H](C)CC(C)=O,164.4,True
CO[C@@H](C)CC(=O)O[C@@H](C)CC(=O)O[C@@H](C)CC(=O)O[C@@H](C)CC(=O)O[C@@H](C)CC(=O)O[C@@H](C)CC(=O)O[C@@H](C)CC(=O)O[C@@H](C)CC(=O)O[C@@H](C)CC(=O)O[C@@H](C)CC(=O)O[C@@H](C)CC(=O)O[C@@H](C)CC(=O)O[C@@H](C)CC(=O)O[C@@H](C)CC(=O)O[C@@H](C)CC(=O)O[C@@H](C)CC(=O)O[C@@H](C)CC(=O)O[C@@H](C)CC(=O)O[C@@H](C)CC(=O)O[C@@H](C)CC(=O)O[C@@H](C)CC(=O)O[C@@H](C)CC(=O)O[C@@H](C)CC(=O)O[C@@H](C)CC(=O)O[C@@H](C)CC(=O)O[C@@H](C)CC(=O)O[C@@H](C)CC(=O)O[C@@H](C)CC(=O)O[C@@H](C)CC(=O)O[C@@H](C)CC(=O)O[C@@H](C)CC(=O)O[C@@H](C)CC(=O)O[C@@H](C)CC(=O)O[C@@H](C)CC(=O)O[C@@H](C)CC(=O)O[C@@H](C)CC(=O)O[C@@H](C)CC(=O)O[C@@H](C)CC(=O)O[C@@H](C)CC(=O)O[C@@H](C)CC(C)=O,165.4,True
CO[C@@H](C)CC(=O)O[C@@H](C)CC(=O)O[C@@H](C)CC(=O)O[C@@H](C)CC(=O)O[C@@H](C)CC(=O)O[C@@H](C)CC(=O)O[C@@H](C)CC(=O)O[C@@H](C)CC(=O)O[C@@H](C)CC(=O)O[C@@H](C)CC(=O)O[C@@H](C)CC(=O)O[C@@H](C)CC(=O)O[C@@H](C)CC(=O)O[C@@H](C)CC(=O)O[C@@H](C)CC(=O)O[C@@H](C)CC(=O)O[C@@H](C)CC(=O)O[C@@H](C)CC(=O)O[C@@H](C)CC(=O)O[C@@H](C)CC(=O)O[C@@H](C)CC(=O)O[C@@H](C)CC(=O)O[C@@H](C)CC(=O)O[C@@H](C)CC(=O)O[C@@H](C)CC(=O)O[C@@H](C)CC(=O)O[C@@H](C)CC(=O)O[C@@H](C)CC(=O)O[C@@H](C)CC(=O)O[C@@H](C)CC(=O)O[C@@H](C)CC(=O)O[C@@H](C)CC(=O)O[C@@H](C)CC(=O)O[C@@H](C)CC(=O)O[C@@H](C)CC(=O)O[C@@H](C)CC(=O)O[C@@H](C)CC(=O)O[C@@H](C)CC(=O)O[C@@H](C)CC(=O)O[C@@H](C)CC(C)=O,171.0,True
CO[C@@H](C)CC(=O)O[C@@H](C)CC(=O)O[C@@H](C)CC(=O)O[C@@H](C)CC(=O)O[C@@H](C)CC(=O)O[C@@H](C)CC(=O)O[C@@H](C)CC(=O)O[C@@H](C)CC(=O)O[C@@H](C)CC(=O)O[C@@H](C)CC(=O)O[C@@H](C)CC(=O)O[C@@H](C)CC(=O)O[C@@H](C)CC(=O)O[C@@H](C)CC(=O)O[C@@H](C)CC(=O)O[C@@H](C)CC(=O)O[C@@H](C)CC(=O)O[C@@H](C)CC(=O)O[C@@H](C)CC(=O)O[C@@H](C)CC(=O)O[C@@H](C)CC(=O)O[C@@H](C)CC(=O)O[C@@H](C)CC(=O)O[C@@H](C)CC(=O)O[C@@H](C)CC(=O)O[C@@H](C)CC(=O)O[C@@H](C)CC(=O)O[C@@H](C)CC(=O)O[C@@H](C)CC(=O)O[C@@H](C)CC(=O)O[C@@H](C)CC(=O)O[C@@H](C)CC(=O)O[C@@H](C)CC(=O)O[C@@H](C)CC(=O)O[C@@H](C)CC(=O)O[C@@H](C)CC(=O)O[C@@H](C)CC(=O)O[C@@H](C)CC(=O)O[C@@H](C)CC(=O)O[C@@H](C)CC(C)=O,176.0,True
CO[C@@H](C)CC(=O)O[C@@H](C)CC(=O)O[C@@H](C)CC(=O)O[C@@H](C)CC(=O)O[C@@H](C)CC(=O)O[C@@H](C)CC(=O)O[C@@H](C)CC(=O)O[C@@H](C)CC(=O)O[C@@H](C)CC(=O)O[C@@H](C)CC(=O)O[C@@H](C)CC(=O)O[C@@H](C)CC(=O)O[C@@H](C)CC(=O)O[C@@H](C)CC(=O)O[C@@H](C)CC(=O)O[C@@H](C)CC(=O)O[C@@H](C)CC(=O)O[C@@H](C)CC(=O)O[C@@H](C)CC(=O)O[C@@H](C)CC(=O)O[C@@H](C)CC(=O)O[C@@H](C)CC(=O)O[C@@H](C)CC(=O)O[C@@H](C)CC(=O)O[C@@H](C)CC(=O)O[C@@H](C)CC(=O)O[C@@H](C)CC(=O)O[C@@H](C)CC(=O)O[C@@H](C)CC(=O)O[C@@H](C)CC(=O)O[C@@H](C)CC(=O)O[C@@H](C)CC(=O)O[C@@H](C)CC(=O)O[C@@H](C)CC(=O)O[C@@H](C)CC(=O)O[C@@H](C)CC(=O)O[C@@H](C)CC(=O)O[C@@H](C)CC(=O)O[C@@H](C)CC(=O)O[C@@H](C)CC(C)=O,176.6,True
CO[C@@H](C)CC(=O)O[C@@H](C)CC(=O)O[C@@H](C)CC(=O)O[C@@H](C)CC(=O)O[C@@H](C)CC(=O)O[C@@H](C)CC(=O)O[C@@H](C)CC(=O)O[C@@H](C)CC(=O)O[C@@H](C)CC(=O)O[C@@H](C)CC(=O)O[C@@H](C)CC(=O)O[C@@H](C)CC(=O)O[C@@H](C)CC(=O)O[C@@H](C)CC(=O)O[C@@H](C)CC(=O)O[C@@H](C)CC(=O)O[C@@H](C)CC(=O)O[C@@H](C)CC(=O)O[C@@H](C)CC(=O)O[C@@H](C)CC(=O)O[C@@H](C)CC(=O)O[C@@H](C)CC(=O)O[C@@H](C)CC(=O)O[C@@H](C)CC(=O)O[C@@H](C)CC(=O)O[C@@H](C)CC(=O)O[C@@H](C)CC(=O)O[C@@H](C)CC(=O)O[C@@H](C)CC(=O)O[C@@H](C)CC(=O)O[C@@H](C)CC(=O)O[C@@H](C)CC(=O)O[C@@H](C)CC(=O)O[C@@H](C)CC(=O)O[C@@H](C)CC(=O)O[C@@H](C)CC(=O)O[C@@H](C)CC(=O)O[C@@H](C)CC(=O)O[C@@H](C)CC(=O)O[C@@H](C)CC(C)=O,176.7,True
CO[C@@H](C)CC(=O)O[C@@H](C)CC(=O)O[C@@H](C)CC(=O)O[C@@H](C)CC(=O)O[C@@H](C)CC(=O)O[C@@H](C)CC(=O)O[C@@H](C)CC(=O)O[C@@H](C)CC(=O)O[C@@H](C)CC(=O)O[C@@H](C)CC(=O)O[C@@H](C)CC(=O)O[C@@H](C)CC(=O)O[C@@H](C)CC(=O)O[C@@H](C)CC(=O)O[C@@H](C)CC(=O)O[C@@H](C)CC(=O)O[C@@H](C)CC(=O)O[C@@H](C)CC(=O)O[C@@H](C)CC(=O)O[C@@H](C)CC(=O)O[C@@H](C)CC(=O)O[C@@H](C)CC(=O)O[C@@H](C)CC(=O)O[C@@H](C)CC(=O)O[C@@H](C)CC(=O)O[C@@H](C)CC(=O)O[C@@H](C)CC(=O)O[C@@H](C)CC(=O)O[C@@H](C)CC(=O)O[C@@H](C)CC(=O)O[C@@H](C)CC(=O)O[C@@H](C)CC(=O)O[C@@H](C)CC(=O)O[C@@H](C)CC(=O)O[C@@H](C)CC(=O)O[C@@H](C)CC(=O)O[C@@H](C)CC(=O)O[C@@H](C)CC(=O)O[C@@H](C)CC(=O)O[C@@H](C)CC(C)=O,177.3,True
CO[C@@H](C)CC(=O)O[C@@H](C)CC(=O)O[C@@H](C)CC(=O)O[C@@H](C)CC(=O)O[C@@H](C)CC(=O)O[C@@H](C)CC(=O)O[C@@H](C)CC(=O)O[C@@H](C)CC(=O)O[C@@H](C)CC(=O)O[C@@H](C)CC(=O)O[C@@H](C)CC(=O)O[C@@H](C)CC(=O)O[C@@H](C)CC(=O)O[C@@H](C)CC(=O)O[C@@H](C)CC(=O)O[C@@H](C)CC(=O)O[C@@H](C)CC(=O)O[C@@H](C)CC(=O)O[C@@H](C)CC(=O)O[C@@H](C)CC(=O)O[C@@H](C)CC(=O)O[C@@H](C)CC(=O)O[C@@H](C)CC(=O)O[C@@H](C)CC(=O)O[C@@H](C)CC(=O)O[C@@H](C)CC(=O)O[C@@H](C)CC(=O)O[C@@H](C)CC(=O)O[C@@H](C)CC(=O)O[C@@H](C)CC(=O)O[C@@H](C)CC(=O)O[C@@H](C)CC(=O)O[C@@H](C)CC(=O)O[C@@H](C)CC(=O)O[C@@H](C)CC(=O)O[C@@H](C)CC(=O)O[C@@H](C)CC(=O)O[C@@H](C)CC(=O)O[C@@H](C)CC(=O)O[C@@H](C)CC(C)=O,175.0,True
CO[C@@H](C)CC(=O)O[C@@H](C)CC(=O)O[C@@H](C)CC(=O)O[C@@H](C)CC(=O)O[C@@H](C)CC(=O)O[C@@H](C)CC(=O)O[C@@H](C)CC(=O)O[C@@H](C)CC(=O)O[C@@H](C)CC(=O)O[C@@H](C)CC(=O)O[C@@H](C)CC(=O)O[C@@H](C)CC(=O)O[C@@H](C)CC(=O)O[C@@H](C)CC(=O)O[C@@H](C)CC(=O)O[C@@H](C)CC(=O)O[C@@H](C)CC(=O)O[C@@H](C)CC(=O)O[C@@H](C)CC(=O)O[C@@H](C)CC(=O)O[C@@H](C)CC(=O)O[C@@H](C)CC(=O)O[C@@H](C)CC(=O)O[C@@H](C)CC(=O)O[C@@H](C)CC(=O)O[C@@H](C)CC(=O)O[C@@H](C)CC(=O)O[C@@H](C)CC(=O)O[C@@H](C)CC(=O)O[C@@H](C)CC(=O)O[C@@H](C)CC(=O)O[C@@H](C)CC(=O)O[C@@H](C)CC(=O)O[C@@H](C)CC(=O)O[C@@H](C)CC(=O)O[C@@H](C)CC(=O)O[C@@H](C)CC(=O)O[C@@H](C)CC(=O)O[C@@H](C)CC(=O)O[C@@H](C)CC(C)=O,169.0,True
CO[C@@H](C)CC(=O)O[C@@H](C)CC(=O)O[C@@H](C)CC(=O)O[C@@H](C)CC(=O)O[C@@H](C)CC(=O)O[C@@H](C)CC(=O)O[C@@H](C)CC(=O)O[C@@H](C)CC(=O)O[C@@H](C)CC(=O)O[C@@H](C)CC(=O)O[C@@H](C)CC(=O)O[C@@H](C)CC(=O)O[C@@H](C)CC(=O)O[C@@H](C)CC(=O)O[C@@H](C)CC(=O)O[C@@H](C)CC(=O)O[C@@H](C)CC(=O)O[C@@H](C)CC(=O)O[C@@H](C)CC(=O)O[C@@H](C)CC(=O)O[C@@H](C)CC(=O)O[C@@H](C)CC(=O)O[C@@H](C)CC(=O)O[C@@H](C)CC(=O)O[C@@H](C)CC(=O)O[C@@H](C)CC(=O)O[C@@H](C)CC(=O)O[C@@H](C)CC(=O)O[C@@H](C)CC(=O)O[C@@H](C)CC(=O)O[C@@H](C)CC(=O)O[C@@H](C)CC(=O)O[C@@H](C)CC(=O)O[C@@H](C)CC(=O)O[C@@H](C)CC(=O)O[C@@H](C)CC(=O)O[C@@H](C)CC(=O)O[C@@H](C)CC(=O)O[C@@H](C)CC(=O)O[C@@H](C)CC(C)=O,171.0,True
CO[C@@H](C)CC(=O)O[C@@H](C)CC(=O)O[C@@H](C)CC(=O)O[C@@H](C)CC(=O)O[C@@H](C)CC(=O)O[C@@H](C)CC(=O)O[C@@H](C)CC(=O)O[C@@H](C)CC(=O)O[C@@H](C)CC(=O)O[C@@H](C)CC(=O)O[C@@H](C)CC(=O)O[C@@H](C)CC(=O)O[C@@H](C)CC(=O)O[C@@H](C)CC(=O)O[C@@H](C)CC(=O)O[C@@H](C)CC(=O)O[C@@H](C)CC(=O)O[C@@H](C)CC(=O)O[C@@H](C)CC(=O)O[C@@H](C)CC(=O)O[C@@H](C)CC(=O)O[C@@H](C)CC(=O)O[C@@H](C)CC(=O)O[C@@H](C)CC(=O)O[C@@H](C)CC(=O)O[C@@H](C)CC(=O)O[C@@H](C)CC(=O)O[C@@H](C)CC(=O)O[C@@H](C)CC(=O)O[C@@H](C)CC(=O)O[C@@H](C)CC(=O)O[C@@H](C)CC(=O)O[C@@H](C)CC(=O)O[C@@H](C)CC(=O)O[C@@H](C)CC(=O)O[C@@H](C)CC(=O)O[C@@H](C)CC(=O)O[C@@H](C)CC(=O)O[C@@H](C)CC(=O)O[C@@H](C)CC(C)=O,177.0,True
CO[C@@H](C)CC(=O)O[C@@H](C)CC(=O)O[C@@H](C)CC(=O)O[C@@H](C)CC(=O)O[C@@H](C)CC(=O)O[C@@H](C)CC(=O)O[C@@H](C)CC(=O)O[C@@H](C)CC(=O)O[C@@H](C)CC(=O)O[C@@H](C)CC(=O)O[C@@H](C)CC(=O)O[C@@H](C)CC(=O)O[C@@H](C)CC(=O)O[C@@H](C)CC(=O)O[C@@H](C)CC(=O)O[C@@H](C)CC(=O)O[C@@H](C)CC(=O)O[C@@H](C)CC(=O)O[C@@H](C)CC(=O)O[C@@H](C)CC(=O)O[C@@H](C)CC(=O)O[C@@H](C)CC(=O)O[C@@H](C)CC(=O)O[C@@H](C)CC(=O)O[C@@H](C)CC(=O)O[C@@H](C)CC(=O)O[C@@H](C)CC(=O)O[C@@H](C)CC(=O)O[C@@H](C)CC(=O)O[C@@H](C)CC(=O)O[C@@H](C)CC(=O)O[C@@H](C)CC(=O)O[C@@H](C)CC(=O)O[C@@H](C)CC(=O)O[C@@H](C)CC(=O)O[C@@H](C)CC(=O)O[C@@H](C)CC(=O)O[C@@H](C)CC(=O)O[C@@H](C)CC(=O)O[C@@H](C)CC(C)=O,177.0,True
CO[C@@H](C)CC(=O)O[C@@H](C)CC(=O)O[C@@H](C)CC(=O)O[C@@H](C)CC(=O)O[C@@H](C)CC(=O)O[C@@H](C)CC(=O)O[C@@H](C)CC(=O)O[C@@H](C)CC(=O)O[C@@H](C)CC(=O)O[C@@H](C)CC(=O)O[C@@H](C)CC(=O)O[C@@H](C)CC(=O)O[C@@H](C)CC(=O)O[C@@H](C)CC(=O)O[C@@H](C)CC(=O)O[C@@H](C)CC(=O)O[C@@H](C)CC(=O)O[C@@H](C)CC(=O)O[C@@H](C)CC(=O)O[C@@H](C)CC(=O)O[C@@H](C)CC(=O)O[C@@H](C)CC(=O)O[C@@H](C)CC(=O)O[C@@H](C)CC(=O)O[C@@H](C)CC(=O)O[C@@H](C)CC(=O)O[C@@H](C)CC(=O)O[C@@H](C)CC(=O)O[C@@H](C)CC(=O)O[C@@H](C)CC(=O)O[C@@H](C)CC(=O)O[C@@H](C)CC(=O)O[C@@H](C)CC(=O)O[C@@H](C)CC(=O)O[C@@H](C)CC(=O)O[C@@H](C)CC(=O)O[C@@H](C)CC(=O)O[C@@H](C)CC(=O)O[C@@H](C)CC(=O)O[C@@H](C)CC(C)=O,178.0,True
CO[C@@H](C)CC(=O)O[C@@H](C)CC(=O)O[C@@H](C)CC(=O)O[C@@H](C)CC(=O)O[C@@H](C)CC(=O)O[C@@H](C)CC(=O)O[C@@H](C)CC(=O)O[C@@H](C)CC(=O)O[C@@H](C)CC(=O)O[C@@H](C)CC(=O)O[C@@H](C)CC(=O)O[C@@H](C)CC(=O)O[C@@H](C)CC(=O)O[C@@H](C)CC(=O)O[C@@H](C)CC(=O)O[C@@H](C)CC(=O)O[C@@H](C)CC(=O)O[C@@H](C)CC(=O)O[C@@H](C)CC(=O)O[C@@H](C)CC(=O)O[C@@H](C)CC(=O)O[C@@H](C)CC(=O)O[C@@H](C)CC(=O)O[C@@H](C)CC(=O)O[C@@H](C)CC(=O)O[C@@H](C)CC(=O)O[C@@H](C)CC(=O)O[C@@H](C)CC(=O)O[C@@H](C)CC(=O)O[C@@H](C)CC(=O)O[C@@H](C)CC(=O)O[C@@H](C)CC(=O)O[C@@H](C)CC(=O)O[C@@H](C)CC(=O)O[C@@H](C)CC(=O)O[C@@H](C)CC(=O)O[C@@H](C)CC(=O)O[C@@H](C)CC(=O)O[C@@H](C)CC(=O)O[C@@H](C)CC(C)=O,179.0,True
COCCC(=O)OCCC(=O)OCCC(=O)OCCC(=O)OCCC(=O)OCCC(=O)OCCC(=O)OCCC(=O)OCCC(=O)OCCC(=O)OCCC(=O)OCCC(=O)OCCC(=O)OCCC(=O)OCCC(=O)OCCC(=O)OCCC(=O)OCCC(=O)OCCC(=O)OCCC(=O)OCCC(=O)OCCC(=O)OCCC(=O)OCCC(=O)OCCC(=O)OCCC(=O)OCCC(=O)OCCC(=O)OCCC(=O)OCCC(=O)OCCC(=O)OCCC(=O)OCCC(=O)OCCC(=O)OCCC(=O)OCCC(=O)OCCC(=O)OCCC(=O)OCCC(=O)OCCC(C)=O,78.1,True
COCCC(=O)OCCC(=O)OCCC(=O)OCCC(=O)OCCC(=O)OCCC(=O)OCCC(=O)OCCC(=O)OCCC(=O)OCCC(=O)OCCC(=O)OCCC(=O)OCCC(=O)OCCC(=O)OCCC(=O)OCCC(=O)OCCC(=O)OCCC(=O)OCCC(=O)OCCC(=O)OCCC(=O)OCCC(=O)OCCC(=O)OCCC(=O)OCCC(=O)OCCC(=O)OCCC(=O)OCCC(=O)OCCC(=O)OCCC(=O)OCCC(=O)OCCC(=O)OCCC(=O)OCCC(=O)OCCC(=O)OCCC(=O)OCCC(=O)OCCC(=O)OCCC(=O)OCCC(C)=O,77.0,True
CC[C@@H](CC(=O)O[C@@H](CC)CC(=O)O[C@@H](CC)CC(=O)O[C@@H](CC)CC(=O)O[C@@H](CC)CC(=O)O[C@@H](CC)CC(=O)O[C@@H](CC)CC(=O)O[C@@H](CC)CC(=O)O[C@@H](CC)CC(=O)O[C@@H](CC)CC(=O)O[C@@H](CC)CC(=O)O[C@@H](CC)CC(=O)O[C@@H](CC)CC(=O)O[C@@H](CC)CC(=O)O[C@@H](CC)CC(=O)O[C@@H](CC)CC(=O)O[C@@H](CC)CC(=O)O[C@@H](CC)CC(=O)O[C@@H](CC)CC(=O)O[C@@H](CC)CC(=O)O[C@@H](CC)CC(=O)O[C@@H](CC)CC(=O)O[C@@H](CC)CC(=O)O[C@@H](CC)CC(=O)O[C@@H](CC)CC(=O)O[C@@H](CC)CC(=O)O[C@@H](CC)CC(=O)O[C@@H](CC)CC(=O)O[C@@H](CC)CC(=O)O[C@@H](CC)CC(=O)O[C@@H](CC)CC(=O)O[C@@H](CC)CC(=O)O[C@@H](CC)CC(=O)O[C@@H](CC)CC(=O)O[C@@H](CC)CC(=O)O[C@@H](CC)CC(=O)O[C@@H](CC)CC(=O)O[C@@H](CC)CC(=O)O[C@@H](CC)CC(=O)O[C@@H](CC)CC(C)=O)OC,103.0,True
CC[C@@H](CC(=O)O[C@@H](CC)CC(=O)O[C@@H](CC)CC(=O)O[C@@H](CC)CC(=O)O[C@@H](CC)CC(=O)O[C@@H](CC)CC(=O)O[C@@H](CC)CC(=O)O[C@@H](CC)CC(=O)O[C@@H](CC)CC(=O)O[C@@H](CC)CC(=O)O[C@@H](CC)CC(=O)O[C@@H](CC)CC(=O)O[C@@H](CC)CC(=O)O[C@@H](CC)CC(=O)O[C@@H](CC)CC(=O)O[C@@H](CC)CC(=O)O[C@@H](CC)CC(=O)O[C@@H](CC)CC(=O)O[C@@H](CC)CC(=O)O[C@@H](CC)CC(=O)O[C@@H](CC)CC(=O)O[C@@H](CC)CC(=O)O[C@@H](CC)CC(=O)O[C@@H](CC)CC(=O)O[C@@H](CC)CC(=O)O[C@@H](CC)CC(=O)O[C@@H](CC)CC(=O)O[C@@H](CC)CC(=O)O[C@@H](CC)CC(=O)O[C@@H](CC)CC(=O)O[C@@H](CC)CC(=O)O[C@@H](CC)CC(=O)O[C@@H](CC)CC(=O)O[C@@H](CC)CC(=O)O[C@@H](CC)CC(=O)O[C@@H](CC)CC(=O)O[C@@H](CC)CC(=O)O[C@@H](CC)CC(=O)O[C@@H](CC)CC(=O)O[C@@H](CC)CC(C)=O)OC,112.3,True
CO[C@H](CCc1ccccc1)CC(=O)O[C@H](CCc1ccccc1)CC(=O)O[C@H](CCc1ccccc1)CC(=O)O[C@H](CCc1ccccc1)CC(=O)O[C@H](CCc1ccccc1)CC(=O)O[C@H](CCc1ccccc1)CC(=O)O[C@H](CCc1ccccc1)CC(=O)O[C@H](CCc1ccccc1)CC(=O)O[C@H](CCc1ccccc1)CC(=O)O[C@H](CCc1ccccc1)CC(=O)O[C@H](CCc1ccccc1)CC(=O)O[C@H](CCc1ccccc1)CC(=O)O[C@H](CCc1ccccc1)CC(=O)O[C@H](CCc1ccccc1)CC(=O)O[C@H](CCc1ccccc1)CC(=O)O[C@H](CCc1ccccc1)CC(=O)O[C@H](CCc1ccccc1)CC(=O)O[C@H](CCc1ccccc1)CC(=O)O[C@H](CCc1ccccc1)CC(=O)O[C@H](CCc1ccccc1)CC(=O)O[C@H](CCc1ccccc1)CC(=O)O[C@H](CCc1ccccc1)CC(=O)O[C@H](CCc1ccccc1)CC(=O)O[C@H](CCc1ccccc1)CC(=O)O[C@H](CCc1ccccc1)CC(=O)O[C@H](CCc1ccccc1)CC(=O)O[C@H](CCc1ccccc1)CC(=O)O[C@H](CCc1ccccc1)CC(=O)O[C@H](CCc1ccccc1)CC(=O)O[C@H](CCc1ccccc1)CC(=O)O[C@H](CCc1ccccc1)CC(=O)O[C@H](CCc1ccccc1)CC(=O)O[C@H](CCc1ccccc1)CC(=O)O[C@H](CCc1ccccc1)CC(=O)O[C@H](CCc1ccccc1)CC(=O)O[C@H](CCc1ccccc1)CC(=O)O[C@H](CCc1ccccc1)CC(=O)O[C@H](CCc1ccccc1)CC(=O)O[C@H](CCc1ccccc1)CC(=O)O[C@H](CCc1ccccc1)CC(C)=O,66.0,True
COCCCC(=O)OCCCC(=O)OCCCC(=O)OCCCC(=O)OCCCC(=O)OCCCC(=O)OCCCC(=O)OCCCC(=O)OCCCC(=O)OCCCC(=O)OCCCC(=O)OCCCC(=O)OCCCC(=O)OCCCC(=O)OCCCC(=O)OCCCC(=O)OCCCC(=O)OCCCC(=O)OCCCC(=O)OCCCC(=O)OCCCC(=O)OCCCC(=O)OCCCC(=O)OCCCC(=O)OCCCC(=O)OCCCC(=O)OCCCC(=O)OCCCC(=O)OCCCC(=O)OCCCC(=O)OCCCC(=O)OCCCC(=O)OCCCC(=O)OCCCC(=O)OCCCC(=O)OCCCC(=O)OCCCC(=O)OCCCC(=O)OCCCC(=O)OCCCC(C)=O,50.1,True
COCCCC(=O)OCCCC(=O)OCCCC(=O)OCCCC(=O)OCCCC(=O)OCCCC(=O)OCCCC(=O)OCCCC(=O)OCCCC(=O)OCCCC(=O)OCCCC(=O)OCCCC(=O)OCCCC(=O)OCCCC(=O)OCCCC(=O)OCCCC(=O)OCCCC(=O)OCCCC(=O)OCCCC(=O)OCCCC(=O)OCCCC(=O)OCCCC(=O)OCCCC(=O)OCCCC(=O)OCCCC(=O)OCCCC(=O)OCCCC(=O)OCCCC(=O)OCCCC(=O)OCCCC(=O)OCCCC(=O)OCCCC(=O)OCCCC(=O)OCCCC(=O)OCCCC(=O)OCCCC(=O)OCCCC(=O)OCCCC(=O)OCCCC(=O)OCCCC(C)=O,61.0,True
CO[C@H](CCOc1ccc(F)cc1F)CC(=O)O[C@H](CCOc1ccc(F)cc1F)CC(=O)O[C@H](CCOc1ccc(F)cc1F)CC(=O)O[C@H](CCOc1ccc(F)cc1F)CC(=O)O[C@H](CCOc1ccc(F)cc1F)CC(=O)O[C@H](CCOc1ccc(F)cc1F)CC(=O)O[C@H](CCOc1ccc(F)cc1F)CC(=O)O[C@H](CCOc1ccc(F)cc1F)CC(=O)O[C@H](CCOc1ccc(F)cc1F)CC(=O)O[C@H](CCOc1ccc(F)cc1F)CC(=O)O[C@H](CCOc1ccc(F)cc1F)CC(=O)O[C@H](CCOc1ccc(F)cc1F)CC(=O)O[C@H](CCOc1ccc(F)cc1F)CC(=O)O[C@H](CCOc1ccc(F)cc1F)CC(=O)O[C@H](CCOc1ccc(F)cc1F)CC(=O)O[C@H](CCOc1ccc(F)cc1F)CC(=O)O[C@H](CCOc1ccc(F)cc1F)CC(=O)O[C@H](CCOc1ccc(F)cc1F)CC(=O)O[C@H](CCOc1ccc(F)cc1F)CC(=O)O[C@H](CCOc1ccc(F)cc1F)CC(=O)O[C@H](CCOc1ccc(F)cc1F)CC(=O)O[C@H](CCOc1ccc(F)cc1F)CC(=O)O[C@H](CCOc1ccc(F)cc1F)CC(=O)O[C@H](CCOc1ccc(F)cc1F)CC(=O)O[C@H](CCOc1ccc(F)cc1F)CC(=O)O[C@H](CCOc1ccc(F)cc1F)CC(=O)O[C@H](CCOc1ccc(F)cc1F)CC(=O)O[C@H](CCOc1ccc(F)cc1F)CC(=O)O[C@H](CCOc1ccc(F)cc1F)CC(=O)O[C@H](CCOc1ccc(F)cc1F)CC(=O)O[C@H](CCOc1ccc(F)cc1F)CC(=O)O[C@H](CCOc1ccc(F)cc1F)CC(=O)O[C@H](CCOc1ccc(F)cc1F)CC(=O)O[C@H](CCOc1ccc(F)cc1F)CC(=O)O[C@H](CCOc1ccc(F)cc1F)CC(=O)O[C@H](CCOc1ccc(F)cc1F)CC(=O)O[C@H](CCOc1ccc(F)cc1F)CC(=O)O[C@H](CCOc1ccc(F)cc1F)CC(=O)O[C@H](CCOc1ccc(F)cc1F)CC(=O)O[C@H](CCOc1ccc(F)cc1F)CC(C)=O,102.0,True
CO[C@H](CCOc1ccccc1)CC(=O)O[C@H](CCOc1ccccc1)CC(=O)O[C@H](CCOc1ccccc1)CC(=O)O[C@H](CCOc1ccccc1)CC(=O)O[C@H](CCOc1ccccc1)CC(=O)O[C@H](CCOc1ccccc1)CC(=O)O[C@H](CCOc1ccccc1)CC(=O)O[C@H](CCOc1ccccc1)CC(=O)O[C@H](CCOc1ccccc1)CC(=O)O[C@H](CCOc1ccccc1)CC(=O)O[C@H](CCOc1ccccc1)CC(=O)O[C@H](CCOc1ccccc1)CC(=O)O[C@H](CCOc1ccccc1)CC(=O)O[C@H](CCOc1ccccc1)CC(=O)O[C@H](CCOc1ccccc1)CC(=O)O[C@H](CCOc1ccccc1)CC(=O)O[C@H](CCOc1ccccc1)CC(=O)O[C@H](CCOc1ccccc1)CC(=O)O[C@H](CCOc1ccccc1)CC(=O)O[C@H](CCOc1ccccc1)CC(=O)O[C@H](CCOc1ccccc1)CC(=O)O[C@H](CCOc1ccccc1)CC(=O)O[C@H](CCOc1ccccc1)CC(=O)O[C@H](CCOc1ccccc1)CC(=O)O[C@H](CCOc1ccccc1)CC(=O)O[C@H](CCOc1ccccc1)CC(=O)O[C@H](CCOc1ccccc1)CC(=O)O[C@H](CCOc1ccccc1)CC(=O)O[C@H](CCOc1ccccc1)CC(=O)O[C@H](CCOc1ccccc1)CC(=O)O[C@H](CCOc1ccccc1)CC(=O)O[C@H](CCOc1ccccc1)CC(=O)O[C@H](CCOc1ccccc1)CC(=O)O[C@H](CCOc1ccccc1)CC(=O)O[C@H](CCOc1ccccc1)CC(=O)O[C@H](CCOc1ccccc1)CC(=O)O[C@H](CCOc1ccccc1)CC(=O)O[C@H](CCOc1ccccc1)CC(=O)O[C@H](CCOc1ccccc1)CC(=O)O[C@H](CCOc1ccccc1)CC(C)=O,88.0,True
CO[C@H](CCc1ccccc1)CC(=O)O[C@H](CCc1ccccc1)CC(=O)O[C@H](CCc1ccccc1)CC(=O)O[C@H](CCc1ccccc1)CC(=O)O[C@H](CCc1ccccc1)CC(=O)O[C@H](CCc1ccccc1)CC(=O)O[C@H](CCc1ccccc1)CC(=O)O[C@H](CCc1ccccc1)CC(=O)O[C@H](CCc1ccccc1)CC(=O)O[C@H](CCc1ccccc1)CC(=O)O[C@H](CCc1ccccc1)CC(=O)O[C@H](CCc1ccccc1)CC(=O)O[C@H](CCc1ccccc1)CC(=O)O[C@H](CCc1ccccc1)CC(=O)O[C@H](CCc1ccccc1)CC(=O)O[C@H](CCc1ccccc1)CC(=O)O[C@H](CCc1ccccc1)CC(=O)O[C@H](CCc1ccccc1)CC(=O)O[C@H](CCc1ccccc1)CC(=O)O[C@H](CCc1ccccc1)CC(=O)O[C@H](CCc1ccccc1)CC(=O)O[C@H](CCc1ccccc1)CC(=O)O[C@H](CCc1ccccc1)CC(=O)O[C@H](CCc1ccccc1)CC(=O)O[C@H](CCc1ccccc1)CC(=O)O[C@H](CCc1ccccc1)CC(=O)O[C@H](CCc1ccccc1)CC(=O)O[C@H](CCc1ccccc1)CC(=O)O[C@H](CCc1ccccc1)CC(=O)O[C@H](CCc1ccccc1)CC(=O)O[C@H](CCc1ccccc1)CC(=O)O[C@H](CCc1ccccc1)CC(=O)O[C@H](CCc1ccccc1)CC(=O)O[C@H](CCc1ccccc1)CC(=O)O[C@H](CCc1ccccc1)CC(=O)O[C@H](CCc1ccccc1)CC(=O)O[C@H](CCc1ccccc1)CC(=O)O[C@H](CCc1ccccc1)CC(=O)O[C@H](CCc1ccccc1)CC(=O)O[C@H](CCc1ccccc1)CC(C)=O,50.4,True
CCCCCCCCC[C@H](CC(=O)O[C@H](CCCCCCCCC)CC(=O)O[C@H](CCCCCCCCC)CC(=O)O[C@H](CCCCCCCCC)CC(=O)O[C@H](CCCCCCCCC)CC(=O)O[C@H](CCCCCCCCC)CC(=O)O[C@H](CCCCCCCCC)CC(=O)O[C@H](CCCCCCCCC)CC(=O)O[C@H](CCCCCCCCC)CC(=O)O[C@H](CCCCCCCCC)CC(=O)O[C@H](CCCCCCCCC)CC(=O)O[C@H](CCCCCCCCC)CC(=O)O[C@H](CCCCCCCCC)CC(=O)O[C@H](CCCCCCCCC)CC(=O)O[C@H](CCCCCCCCC)CC(=O)O[C@H](CCCCCCCCC)CC(=O)O[C@H](CCCCCCCCC)CC(=O)O[C@H](CCCCCCCCC)CC(=O)O[C@H](CCCCCCCCC)CC(=O)O[C@H](CCCCCCCCC)CC(=O)O[C@H](CCCCCCCCC)CC(=O)O[C@H](CCCCCCCCC)CC(=O)O[C@H](CCCCCCCCC)CC(=O)O[C@H](CCCCCCCCC)CC(=O)O[C@H](CCCCCCCCC)CC(=O)O[C@H](CCCCCCCCC)CC(=O)O[C@H](CCCCCCCCC)CC(=O)O[C@H](CCCCCCCCC)CC(=O)O[C@H](CCCCCCCCC)CC(=O)O[C@H](CCCCCCCCC)CC(=O)O[C@H](CCCCCCCCC)CC(=O)O[C@H](CCCCCCCCC)CC(=O)O[C@H](CCCCCCCCC)CC(=O)O[C@H](CCCCCCCCC)CC(=O)O[C@H](CCCCCCCCC)CC(=O)O[C@H](CCCCCCCCC)CC(=O)O[C@H](CCCCCCCCC)CC(=O)O[C@H](CCCCCCCCC)CC(=O)O[C@H](CCCCCCCCC)CC(=O)O[C@H](CCCCCCCCC)CC(C)=O)OC,82.4,True
CO[C@@H](C)CC(=O)O[C@@H](C)CC(=O)O[C@@H](C)CC(=O)O[C@@H](C)CC(=O)O[C@@H](C)CC(=O)O[C@@H](C)CC(=O)O[C@@H](C)CC(=O)O[C@@H](C)CC(=O)O[C@@H](C)CC(=O)O[C@@H](C)CC(=O)O[C@@H](C)CC(=O)O[C@@H](C)CC(=O)O[C@@H](C)CC(=O)O[C@@H](C)CC(=O)O[C@@H](C)CC(=O)O[C@@H](C)CC(=O)O[C@@H](C)CC(=O)O[C@@H](C)CC(=O)O[C@@H](C)CC(=O)O[C@@H](C)CC(=O)O[C@@H](C)CC(=O)O[C@@H](C)CC(=O)O[C@@H](C)CC(=O)O[C@@H](C)CC(=O)O[C@@H](C)CC(=O)O[C@@H](C)CC(=O)O[C@@H](C)CC(=O)O[C@@H](C)CC(=O)O[C@@H](C)CC(=O)O[C@@H](C)CC(=O)O[C@@H](C)CC(=O)O[C@@H](C)CC(=O)O[C@@H](C)CC(=O)O[C@@H](C)CC(=O)O[C@@H](C)CC(=O)O[C@@H](C)CC(=O)O[C@@H](C)CC(=O)O[C@@H](C)CC(=O)O[C@@H](C)CC(=O)O[C@@H](C)CC(C)=O,178.0,True
CCCCCCC[C@H](CC(=O)O[C@H](CCCCCCC)CC(=O)O[C@H](CCCCCCC)CC(=O)O[C@H](CCCCCCC)CC(=O)O[C@H](CCCCCCC)CC(=O)O[C@H](CCCCCCC)CC(=O)O[C@H](CCCCCCC)CC(=O)O[C@H](CCCCCCC)CC(=O)O[C@H](CCCCCCC)CC(=O)O[C@H](CCCCCCC)CC(=O)O[C@H](CCCCCCC)CC(=O)O[C@H](CCCCCCC)CC(=O)O[C@H](CCCCCCC)CC(=O)O[C@H](CCCCCCC)CC(=O)O[C@H](CCCCCCC)CC(=O)O[C@H](CCCCCCC)CC(=O)O[C@H](CCCCCCC)CC(=O)O[C@H](CCCCCCC)CC(=O)O[C@H](CCCCCCC)CC(=O)O[C@H](CCCCCCC)CC(=O)O[C@H](CCCCCCC)CC(=O)O[C@H](CCCCCCC)CC(=O)O[C@H](CCCCCCC)CC(=O)O[C@H](CCCCCCC)CC(=O)O[C@H](CCCCCCC)CC(=O)O[C@H](CCCCCCC)CC(=O)O[C@H](CCCCCCC)CC(=O)O[C@H](CCCCCCC)CC(=O)O[C@H](CCCCCCC)CC(=O)O[C@H](CCCCCCC)CC(=O)O[C@H](CCCCCCC)CC(=O)O[C@H](CCCCCCC)CC(=O)O[C@H](CCCCCCC)CC(=O)O[C@H](CCCCCCC)CC(=O)O[C@H](CCCCCCC)CC(=O)O[C@H](CCCCCCC)CC(=O)O[C@H](CCCCCCC)CC(=O)O[C@H](CCCCCCC)CC(=O)O[C@H](CCCCCCC)CC(=O)O[C@H](CCCCCCC)CC(C)=O)OC,72.2,True
CC[C@@H](OC(=O)C[C@H](C)OC(=O)C[C@H](C)OC(=O)C[C@H](C)OC(=O)[C@@H](CC)OC(=O)C[C@H](C)OC(=O)C[C@H](C)OC(=O)C[C@H](C)OC(=O)[C@@H](CC)OC(=O)C[C@H](C)OC(=O)C[C@H](C)OC(=O)C[C@H](C)OC(=O)C[C@H](C)OC(=O)C[C@H](C)OC(=O)C[C@H](C)OC(=O)C[C@H](C)OC(=O)C[C@H](C)OC(=O)C[C@H](C)OC(=O)C[C@H](C)OC(=O)C[C@H](C)OC(=O)C[C@H](C)OC(=O)C[C@H](C)OC(=O)C[C@H](C)OC(=O)C[C@H](C)OC(=O)C[C@H](C)OC(=O)C[C@H](C)OC(=O)C[C@H](C)OC(=O)C[C@H](C)OC(=O)C[C@H](C)OC)C(=O)O[C@@H](C)CC(=O)O[C@@H](C)CC(=O)O[C@@H](C)CC(=O)O[C@@H](C)CC(=O)O[C@@H](C)CC(=O)O[C@@H](C)CC(=O)O[C@@H](C)CC(=O)O[C@@H](C)CC(=O)O[C@@H](C)CC(=O)O[C@@H](C)CC(C)=O,158.8,True
CO[C@@H](C)CC(=O)O[C@@H](C)CC(=O)O[C@@H](C)CC(=O)O[C@@H](C)CC(=O)O[C@@H](C)CC(=O)O[C@@H](C)CC(=O)O[C@@H](C)CC(=O)O[C@@H](C)CC(=O)O[C@@H](C)CC(=O)O[C@@H](C)CC(=O)O[C@@H](C)CC(=O)O[C@@H](C)CC(=O)O[C@@H](C)CC(=O)O[C@@H](C)CC(=O)O[C@@H](C)CC(=O)O[C@@H](C)CC(=O)O[C@@H](C)CC(=O)O[C@@H](C)CC(=O)O[C@@H](C)CC(=O)O[C@@H](C)CC(=O)O[C@@H](C)CC(=O)O[C@@H](C)CC(=O)O[C@@H](C)CC(=O)O[C@@H](C)CC(=O)O[C@@H](C)CC(=O)O[C@@H](C)CC(=O)O[C@@H](C)CC(=O)O[C@@H](C)CC(=O)O[C@@H](C)CC(=O)O[C@@H](C)CC(=O)O[C@@H](C)CC(=O)O[C@@H](C)CC(=O)O[C@@H](C)CC(=O)O[C@@H](C)CC(=O)O[C@@H](C)CC(=O)O[C@@H](C)CC(=O)O[C@@H](C)CC(=O)O[C@@H](C)CC(=O)O[C@@H](C)CC(C)=O,166.1,True
CO[C@@H](C)CC(=O)O[C@@H](C)CC(=O)O[C@@H](C)CC(=O)O[C@@H](C)CC(=O)O[C@@H](C)CC(=O)O[C@@H](C)CC(=O)O[C@@H](C)CC(=O)O[C@@H](C)CC(=O)O[C@@H](C)CC(=O)O[C@@H](C)CC(=O)O[C@@H](C)CC(=O)O[C@@H](C)CC(=O)O[C@@H](C)CC(=O)O[C@@H](C)CC(=O)O[C@@H](C)CC(=O)O[C@@H](C)CC(=O)O[C@@H](C)CC(=O)O[C@@H](C)CC(=O)O[C@@H](C)CC(=O)O[C@@H](C)CC(=O)O[C@@H](C)CC(=O)O[C@@H](C)CC(=O)O[C@@H](C)CC(=O)O[C@@H](C)CC(=O)O[C@@H](C)C(=O)O[C@@H](C)CC(=O)O[C@@H](C)CC(=O)O[C@@H](C)CC(=O)O[C@@H](C)CC(=O)O[C@@H](C)CC(=O)O[C@@H](C)CC(=O)O[C@@H](C)CC(=O)O[C@@H](C)CC(=O)O[C@@H](C)CC(=O)O[C@@H](C)CC(=O)O[C@@H](C)CC(=O)O[C@@H](C)CC(=O)O[C@@H](C)CC(=O)O[C@@H](C)CC(C)=O,166.3,True
CO[C@@H](C)CC(=O)O[C@@H](C)CC(=O)O[C@@H](C)CC(=O)O[C@@H](C)CC(=O)O[C@@H](C)CC(=O)O[C@@H](C)CC(=O)O[C@@H](C)CC(=O)O[C@@H](C)CC(=O)O[C@@H](C)CC(=O)O[C@@H](C)CC(=O)O[C@@H](C)CC(=O)O[C@@H](C)CC(=O)O[C@@H](C)CC(=O)O[C@@H](C)CC(=O)O[C@@H](C)CC(=O)O[C@@H](C)CC(=O)O[C@@H](C)CC(=O)O[C@@H](C)CC(=O)O[C@@H](C)CC(=O)O[C@@H](C)CC(=O)O[C@@H](C)CC(=O)O[C@@H](C)CC(=O)O[C@@H](C)CC(=O)O[C@@H](C)CC(=O)O[C@@H](C)C(=O)O[C@@H](C)CC(=O)O[C@@H](C)CC(=O)O[C@@H](C)CC(=O)O[C@@H](C)CC(=O)O[C@@H](C)CC(=O)O[C@@H](C)CC(=O)O[C@@H](C)CC(=O)O[C@@H](C)CC(=O)O[C@@H](C)CC(=O)O[C@@H](C)CC(=O)O[C@@H](C)CC(=O)O[C@@H](C)CC(=O)O[C@@H](C)CC(=O)O[C@@H](C)CC(C)=O,166.6,True
CO[C@@H](C)CC(=O)O[C@@H](C)CC(=O)O[C@@H](C)CC(=O)O[C@@H](C)CC(=O)O[C@@H](C)CC(=O)O[C@@H](C)CC(=O)O[C@@H](C)CC(=O)O[C@@H](C)CC(=O)O[C@@H](C)CC(=O)O[C@@H](C)CC(=O)O[C@@H](C)CC(=O)O[C@@H](C)CC(=O)O[C@@H](C)CC(=O)O[C@@H](C)CC(=O)O[C@@H](C)CC(=O)O[C@@H](C)CC(=O)O[C@@H](C)CC(=O)O[C@@H](C)CC(=O)O[C@@H](C)CC(=O)O[C@@H](C)CC(=O)O[C@@H](C)CC(=O)O[C@@H](C)CC(=O)O[C@@H](C)CC(=O)O[C@@H](C)CC(=O)O[C@@H](C)CC(=O)O[C@@H](C)CC(=O)O[C@@H](C)CC(=O)O[C@@H](C)CC(=O)O[C@@H](C)CC(=O)O[C@@H](C)CC(=O)O[C@@H](C)CC(=O)O[C@@H](C)CC(=O)O[C@@H](C)CC(=O)O[C@@H](C)CC(=O)O[C@@H](C)CC(=O)O[C@@H](C)CC(=O)O[C@@H](C)CC(=O)O[C@@H](C)CC(=O)O[C@@H](C)CC(C)=O,167.7,True
CO[C@@H](C)CC(=O)O[C@@H](CC(=O)O[C@@H](C)CC(=O)O[C@@H](C)CC(=O)O[C@@H](C)CC(=O)O[C@@H](CC(=O)O[C@@H](CC(=O)O[C@@H](CC(=O)O[C@@H](CC(=O)O[C@@H](C)CC(=O)O[C@@H](CC(=O)O[C@@H](C)CC(=O)O[C@@H](C)CC(=O)O[C@@H](C)CC(=O)O[C@@H](C)CC(=O)O[C@@H](CC(=O)O[C@@H](CC(=O)O[C@@H](CC(=O)O[C@@H](C)CC(=O)O[C@@H](CC(=O)O[C@@H](CC(=O)O[C@@H](CC(=O)O[C@@H](C)CC(=O)O[C@@H](C)CC(=O)O[C@@H](CC(=O)O[C@@H](CC(=O)O[C@@H](C)CC(=O)O[C@@H](C)CC(=O)O[C@@H](CC(=O)O[C@@H](C)CC(=O)O[C@@H](C)CC(=O)O[C@@H](C)CC(=O)O[C@@H](C)CC(=O)O[C@@H](C)CC(=O)O[C@@H](C)CC(=O)O[C@@H](C)CC(=O)O[C@@H](C)CC(=O)O[C@@H](C)CC(=O)O[C@@H](C)CC(C)=O)C(C)C)C(C)C)C(C)C)C(C)C)C(C)C)C(C)C)C(C)C)C(C)C)C(C)C)C(C)C)C(C)C)C(C)C)C(C)C)C(C)C)C(C)C,113.0,True
CO[C@@H](C)CC(=O)O[C@@H](CC(=O)O[C@@H](C)CC(=O)O[C@@H](C)CC(=O)O[C@@H](C)CC(=O)O[C@@H](CC(=O)O[C@@H](CC(=O)O[C@@H](CC(=O)O[C@@H](CC(=O)O[C@@H](C)CC(=O)O[C@@H](C)CC(=O)O[C@@H](C)CC(=O)O[C@@H](C)CC(=O)O[C@@H](C)CC(=O)O[C@@H](C)CC(=O)O[C@@H](CC(=O)O[C@@H](C)CC(=O)O[C@@H](CC(=O)O[C@@H](C)CC(=O)O[C@@H](C)CC(=O)O[C@@H](CC(=O)O[C@@H](CC(=O)O[C@@H](C)CC(=O)O[C@@H](C)CC(=O)O[C@@H](CC(=O)O[C@@H](CC(=O)O[C@@H](C)CC(=O)O[C@@H](C)CC(=O)O[C@@H](CC(=O)O[C@@H](C)CC(=O)O[C@@H](C)CC(=O)O[C@@H](C)CC(=O)O[C@@H](C)CC(=O)O[C@@H](C)CC(=O)O[C@@H](C)CC(=O)O[C@@H](C)CC(=O)O[C@@H](C)CC(=O)O[C@@H](C)CC(=O)O[C@@H](C)CC(C)=O)C(C)C)C(C)C)C(C)C)C(C)C)C(C)C)C(C)C)C(C)C)C(C)C)C(C)C)C(C)C)C(C)C)C(C)C,118.0,True
CO[C@@H](C)CC(=O)O[C@@H](CC(=O)O[C@@H](C)CC(=O)O[C@@H](C)CC(=O)O[C@@H](C)CC(=O)O[C@@H](CC(=O)O[C@@H](C)CC(=O)O[C@@H](CC(=O)O[C@@H](CC(=O)O[C@@H](C)CC(=O)O[C@@H](C)CC(=O)O[C@@H](C)CC(=O)O[C@@H](C)CC(=O)O[C@@H](C)CC(=O)O[C@@H](C)CC(=O)O[C@@H](CC(=O)O[C@@H](C)CC(=O)O[C@@H](CC(=O)O[C@@H](C)CC(=O)O[C@@H](C)CC(=O)O[C@@H](CC(=O)O[C@@H](C)CC(=O)O[C@@H](C)CC(=O)O[C@@H](C)CC(=O)O[C@@H](CC(=O)O[C@@H](CC(=O)O[C@@H](C)CC(=O)O[C@@H](C)CC(=O)O[C@@H](CC(=O)O[C@@H](C)CC(=O)O[C@@H](C)CC(=O)O[C@@H](C)CC(=O)O[C@@H](C)CC(=O)O[C@@H](C)CC(=O)O[C@@H](C)CC(=O)O[C@@H](C)CC(=O)O[C@@H](C)CC(=O)O[C@@H](C)CC(=O)O[C@@H](C)CC(C)=O)C(C)C)C(C)C)C(C)C)C(C)C)C(C)C)C(C)C)C(C)C)C(C)C)C(C)C)C(C)C,126.0,True
CCC[C@H](CC(=O)O[C@@H](C)CC(=O)O[C@@H](C)CC(=O)O[C@@H](C)CC(=O)O[C@H](CCC)CC(=O)O[C@@H](C)CC(=O)O[C@@H](C)CC(=O)O[C@@H](C)CC(=O)O[C@@H](C)CC(=O)O[C@@H](C)CC(=O)O[C@@H](C)CC(=O)O[C@@H](C)CC(=O)O[C@@H](C)CC(=O)O[C@@H](C)CC(=O)O[C@@H](C)CC(C)=O)OC(=O)C[C@H](C)OC(=O)C[C@H](C)OC(=O)C[C@H](C)OC(=O)C[C@@H](CCC)OC(=O)C[C@H](C)OC(=O)C[C@H](C)OC(=O)C[C@H](C)OC(=O)C[C@H](C)OC(=O)C[C@H](C)OC(=O)C[C@H](C)OC(=O)C[C@H](C)OC(=O)C[C@H](C)OC(=O)C[C@H](C)OC(=O)C[C@H](C)OC(=O)C[C@H](C)OC(=O)C[C@H](C)OC(=O)C[C@H](C)OC(=O)C[C@H](C)OC(=O)C[C@@H](CCC)OC(=O)C[C@H](C)OC(=O)C[C@H](C)OC(=O)C[C@H](C)OC(=O)C[C@H](C)OC(=O)C[C@H](C)OC,98.6,True
COCCC(=O)OCCC(=O)O[C@@H](C)CC(=O)OCCC(=O)OCCC(=O)OCCC(=O)OCCC(=O)OCCC(=O)OCCC(=O)OCCC(=O)OCCC(=O)OCCC(=O)OCCC(=O)O[C@@H](C)CC(=O)OCCC(=O)OCCC(=O)OCCC(=O)OCCC(=O)OCCC(=O)OCCC(=O)OCCC(=O)OCCC(=O)OCCC(=O)OCCC(=O)OCCC(=O)OCCC(=O)O[C@@H](C)CC(=O)O[C@@H](C)CC(=O)OCCC(=O)OCCC(=O)OCCC(=O)O[C@@H](C)CC(=O)O[C@@H](C)CC(=O)O[C@@H](C)CC(=O)OCCC(=O)OCCC(=O)OCCC(=O)O[C@@H](C)CC(=O)O[C@@H](C)CC(C)=O,43.0,True
COCCC(=O)OCCC(=O)O[C@@H](C)CC(=O)O[C@@H](C)CC(=O)O[C@@H](C)CC(=O)OCCC(=O)OCCC(=O)OCCC(=O)OCCC(=O)OCCC(=O)OCCC(=O)OCCC(=O)O[C@@H](C)CC(=O)O[C@@H](C)CC(=O)O[C@@H](C)CC(=O)OCCC(=O)OCCC(=O)OCCC(=O)OCCC(=O)OCCC(=O)OCCC(=O)OCCC(=O)OCCC(=O)OCCC(=O)OCCC(=O)OCCC(=O)O[C@@H](C)CC(=O)O[C@@H](C)CC(=O)OCCC(=O)OCCC(=O)OCCC(=O)O[C@@H](C)CC(=O)O[C@@H](C)CC(=O)O[C@@H](C)CC(=O)OCCC(=O)OCCC(=O)OCCC(=O)O[C@@H](C)CC(=O)O[C@@H](C)CC(C)=O,44.0,True
COCCC(=O)OCCC(=O)O[C@@H](C)CC(=O)OCCC(=O)O[C@@H](C)CC(=O)OCCC(=O)OCCC(=O)OCCC(=O)OCCC(=O)OCCC(=O)OCCC(=O)OCCC(=O)OCCC(=O)O[C@@H](C)CC(=O)O[C@@H](C)CC(=O)OCCC(=O)OCCC(=O)OCCC(=O)OCCC(=O)OCCC(=O)OCCC(=O)OCCC(=O)OCCC(=O)OCCC(=O)OCCC(=O)OCCC(=O)O[C@@H](C)CC(=O)O[C@@H](C)CC(=O)OCCC(=O)OCCC(=O)OCCC(=O)O[C@@H](C)CC(=O)O[C@@H](C)CC(=O)O[C@@H](C)CC(=O)OCCC(=O)OCCC(=O)OCCC(=O)O[C@@H](C)CC(=O)O[C@@H](C)CC(C)=O,45.0,True
COCCC(=O)OCCC(=O)O[C@@H](C)CC(=O)O[C@@H](C)CC(=O)O[C@@H](C)CC(=O)OCCC(=O)OCCC(=O)OCCC(=O)OCCC(=O)OCCC(=O)OCCC(=O)OCCC(=O)O[C@@H](C)CC(=O)O[C@@H](C)CC(=O)O[C@@H](C)CC(=O)OCCC(=O)OCCC(=O)OCCC(=O)O[C@@H](C)CC(=O)OCCC(=O)OCCC(=O)OCCC(=O)O[C@@H](C)CC(=O)O[C@@H](C)CC(=O)OCCC(=O)OCCC(=O)O[C@@H](C)CC(=O)O[C@@H](C)CC(=O)OCCC(=O)O[C@@H](C)CC(=O)O[C@@H](C)CC(=O)O[C@@H](C)CC(=O)O[C@@H](C)CC(=O)O[C@@H](C)CC(=O)O[C@@H](C)CC(=O)O[C@@H](C)CC(=O)O[C@@H](C)CC(=O)O[C@@H](C)CC(=O)O[C@@H](C)CC(C)=O,59.0,True
COCCC(=O)OCCC(=O)O[C@@H](C)CC(=O)OCCC(=O)OCCC(=O)OCCC(=O)OCCC(=O)OCCC(=O)OCCC(=O)OCCC(=O)OCCC(=O)OCCC(=O)OCCC(=O)O[C@@H](C)CC(=O)OCCC(=O)OCCC(=O)OCCC(=O)OCCC(=O)OCCC(=O)OCCC(=O)OCCC(=O)OCCC(=O)OCCC(=O)OCCC(=O)OCCC(=O)OCCC(=O)O[C@@H](C)CC(=O)O[C@@H](C)CC(=O)OCCC(=O)OCCC(=O)OCCC(=O)O[C@@H](C)CC(=O)O[C@@H](C)CC(=O)OCCC(=O)OCCC(=O)OCCC(=O)OCCC(=O)O[C@@H](C)CC(=O)O[C@@H](C)CC(C)=O,61.0,True
CO[C@H](C)CC(=O)O[C@H](C)CC(=O)O[C@H](C)CC(=O)OCCC(=O)O[C@H](C)CC(=O)O[C@H](C)CC(=O)OCCC(=O)O[C@H](C)CC(=O)O[C@H](C)CC(=O)OCCC(=O)O[C@H](C)CC(=O)O[C@H](C)CC(=O)O[C@H](C)CC(=O)O[C@H](C)CC(=O)O[C@H](C)CC(=O)OCCC(=O)OCCC(=O)O[C@H](C)CC(=O)O[C@H](C)CC(=O)O[C@H](C)CC(=O)O[C@H](C)CC(=O)OCCC(=O)OCCC(=O)O[C@H](C)CC(=O)O[C@H](C)CC(=O)O[C@H](C)CC(=O)OCCC(=O)OCCC(=O)O[C@H](C)CC(=O)O[C@H](C)CC(=O)OCCC(=O)O[C@H](C)CC(=O)O[C@H](C)CC(=O)O[C@H](C)CC(=O)O[C@H](C)CC(=O)O[C@H](C)CC(=O)O[C@H](C)CC(=O)O[C@H](C)CC(=O)O[C@H](C)CC(=O)O[C@H](C)CC(C)=O,100.0,True
CO[C@@H](C)CC(=O)OCCC(=O)O[C@@H](C)CC(=O)O[C@@H](C)CC(=O)O[C@@H](C)CC(=O)OCCC(=O)O[C@@H](C)CC(=O)O[C@@H](C)CC(=O)O[C@@H](C)CC(=O)O[C@@H](C)CC(=O)O[C@@H](C)CC(=O)O[C@@H](C)CC(=O)O[C@@H](C)CC(=O)O[C@@H](C)CC(=O)O[C@@H](C)CC(=O)OCCC(=O)O[C@@H](C)CC(=O)O[C@@H](C)CC(=O)O[C@@H](C)CC(=O)O[C@@H](C)CC(=O)OCCC(=O)O[C@@H](C)CC(=O)O[C@@H](C)CC(=O)O[C@@H](C)CC(=O)OCCC(=O)OCCC(=O)O[C@@H](C)CC(=O)O[C@@H](C)CC(=O)OCCC(=O)O[C@@H](C)CC(=O)O[C@@H](C)CC(=O)O[C@@H](C)CC(=O)O[C@@H](C)CC(=O)O[C@@H](C)CC(=O)O[C@@H](C)CC(=O)O[C@@H](C)CC(=O)O[C@@H](C)CC(=O)O[C@@H](C)CC(=O)O[C@@H](C)CC(C)=O,143.0,True
CO[C@@H](C)CC(=O)O[C@@H](C)CC(=O)O[C@@H](C)CC(=O)O[C@@H](C)CC(=O)O[C@@H](C)CC(=O)OCCC(=O)O[C@@H](C)CC(=O)O[C@@H](C)CC(=O)O[C@@H](C)CC(=O)O[C@@H](C)CC(=O)O[C@@H](C)CC(=O)O[C@@H](C)CC(=O)O[C@@H](C)CC(=O)O[C@@H](C)CC(=O)O[C@@H](C)CC(=O)O[C@@H](C)CC(=O)O[C@@H](C)CC(=O)O[C@@H](C)CC(=O)O[C@@H](C)CC(=O)O[C@@H](C)CC(=O)OCCC(=O)O[C@@H](C)CC(=O)O[C@@H](C)CC(=O)O[C@@H](C)CC(=O)OCCC(=O)O[C@@H](C)CC(=O)O[C@@H](C)CC(=O)O[C@@H](C)CC(=O)OCCC(=O)O[C@@H](C)CC(=O)O[C@@H](C)CC(=O)O[C@@H](C)CC(=O)O[C@@H](C)CC(=O)O[C@@H](C)CC(=O)O[C@@H](C)CC(=O)O[C@@H](C)CC(=O)O[C@@H](C)CC(=O)O[C@@H](C)CC(=O)O[C@@H](C)CC(C)=O,152.0,True
COCCC(=O)OCCC(=O)O[C@@H](C)CC(=O)O[C@@H](C)CC(=O)O[C@@H](C)CC(=O)OCCC(=O)OCCC(=O)OCCC(=O)OCCC(=O)OCCC(=O)OCCC(=O)O[C@@H](C)CC(=O)O[C@@H](C)CC(=O)O[C@@H](C)CC(=O)O[C@@H](C)CC(=O)OCCC(=O)OCCC(=O)OCCC(=O)O[C@@H](C)CC(=O)OCCC(=O)OCCC(=O)OCCC(=O)O[C@@H](C)CC(=O)O[C@@H](C)CC(=O)OCCC(=O)OCCC(=O)O[C@@H](C)CC(=O)O[C@@H](C)CC(=O)OCCC(=O)O[C@@H](C)CC(=O)O[C@@H](C)CC(=O)O[C@@H](C)CC(=O)O[C@@H](C)CC(=O)O[C@@H](C)CC(=O)O[C@@H](C)CC(=O)O[C@@H](C)CC(=O)O[C@@H](C)CC(=O)O[C@@H](C)CC(=O)O[C@@H](C)CC(C)=O,155.0,True
CO[C@@H](C)CC(=O)OCCC(=O)O[C@@H](C)CC(=O)O[C@@H](C)CC(=O)O[C@@H](C)CC(=O)OCCC(=O)OCCC(=O)OCCC(=O)OCCC(=O)O[C@@H](C)CC(=O)OCCC(=O)O[C@@H](C)CC(=O)O[C@@H](C)CC(=O)O[C@@H](C)CC(=O)O[C@@H](C)CC(=O)OCCC(=O)O[C@@H](C)CC(=O)OCCC(=O)O[C@@H](C)CC(=O)OCCC(=O)OCCC(=O)OCCC(=O)O[C@@H](C)CC(=O)O[C@@H](C)CC(=O)OCCC(=O)OCCC(=O)O[C@@H](C)CC(=O)O[C@@H](C)CC(=O)OCCC(=O)O[C@@H](C)CC(=O)O[C@@H](C)CC(=O)O[C@@H](C)CC(=O)O[C@@H](C)CC(=O)O[C@@H](C)CC(=O)O[C@@H](C)CC(=O)O[C@@H](C)CC(=O)O[C@@H](C)CC(=O)O[C@@H](C)CC(=O)O[C@@H](C)CC(C)=O,159.0,True
CO[C@@H](C)CC(=O)O[C@@H](C)CC(=O)O[C@@H](C)CC(=O)O[C@@H](C)CC(=O)O[C@@H](C)CC(=O)O[C@@H](C)CC(=O)O[C@@H](C)CC(=O)O[C@@H](C)CC(=O)O[C@@H](C)CC(=O)O[C@@H](C)CC(=O)O[C@@H](C)CC(=O)O[C@@H](C)CC(=O)O[C@@H](C)CC(=O)O[C@@H](C)CC(=O)O[C@@H](C)CC(=O)O[C@@H](C)CC(=O)O[C@@H](C)CC(=O)O[C@@H](C)CC(=O)O[C@@H](C)CC(=O)O[C@@H](C)CC(=O)O[C@@H](C)CC(=O)O[C@@H](C)CC(=O)O[C@@H](C)CC(=O)O[C@@H](C)CC(=O)OCCC(=O)O[C@@H](C)CC(=O)O[C@@H](C)CC(=O)O[C@@H](C)CC(=O)OCCC(=O)O[C@@H](C)CC(=O)O[C@@H](C)CC(=O)O[C@@H](C)CC(=O)O[C@@H](C)CC(=O)O[C@@H](C)CC(=O)O[C@@H](C)CC(=O)O[C@@H](C)CC(=O)O[C@@H](C)CC(=O)O[C@@H](C)CC(=O)O[C@@H](C)CC(C)=O,160.0,True
CO[C@@H](C)CC(=O)OCCC(=O)O[C@@H](C)CC(=O)O[C@@H](C)CC(=O)O[C@@H](C)CC(=O)OCCC(=O)OCCC(=O)OCCC(=O)OCCC(=O)O[C@@H](C)CC(=O)O[C@@H](C)CC(=O)O[C@@H](C)CC(=O)O[C@@H](C)CC(=O)O[C@@H](C)CC(=O)O[C@@H](C)CC(=O)OCCC(=O)O[C@@H](C)CC(=O)OCCC(=O)O[C@@H](C)CC(=O)O[C@@H](C)CC(=O)OCCC(=O)O[C@@H](C)CC(=O)O[C@@H](C)CC(=O)O[C@@H](C)CC(=O)OCCC(=O)OCCC(=O)O[C@@H](C)CC(=O)O[C@@H](C)CC(=O)OCCC(=O)O[C@@H](C)CC(=O)O[C@@H](C)CC(=O)O[C@@H](C)CC(=O)O[C@@H](C)CC(=O)O[C@@H](C)CC(=O)O[C@@H](C)CC(=O)O[C@@H](C)CC(=O)O[C@@H](C)CC(=O)O[C@@H](C)CC(=O)O[C@@H](C)CC(C)=O,166.0,True
CC[C@@H](CC(=O)O[C@@H](CC)CC(=O)O[C@@H](CC)CC(=O)O[C@@H](C)CC(=O)O[C@@H](C)CC(=O)O[C@@H](C)CC(=O)O[C@@H](C)CC(=O)O[C@@H](C)CC(=O)O[C@@H](C)CC(=O)O[C@@H](CC)CC(=O)O[C@@H](C)CC(=O)O[C@@H](CC)CC(=O)O[C@@H](C)CC(=O)O[C@@H](C)CC(=O)O[C@@H](CC)CC(=O)O[C@@H](CC)CC(=O)O[C@@H](C)CC(=O)O[C@@H](C)CC(=O)O[C@@H](CC)CC(=O)O[C@@H](CC)CC(=O)O[C@@H](C)CC(=O)O[C@@H](C)CC(=O)O[C@@H](CC)CC(=O)O[C@@H](C)CC(=O)O[C@@H](C)CC(=O)O[C@@H](C)CC(=O)O[C@@H](C)CC(=O)O[C@@H](C)CC(=O)O[C@@H](C)CC(=O)O[C@@H](C)CC(=O)O[C@@H](C)CC(=O)O[C@@H](C)CC(=O)O[C@@H](C)CC(C)=O)OC(=O)C[C@H](CC)OC(=O)C[C@H](C)OC(=O)C[C@H](C)OC(=O)C[C@H](C)OC(=O)C[C@H](CC)OC(=O)C[C@H](C)OC,99.0,True
CC[C@H](CC(=O)O[C@H](CC)CC(=O)O[C@H](CC)CC(=O)O[C@H](CC)CC(=O)O[C@H](CC)CC(=O)O[C@H](C)CC(=O)O[C@H](C)CC(=O)O[C@H](CC)CC(=O)O[C@H](CC)CC(=O)O[C@H](C)CC(=O)O[C@H](C)CC(=O)O[C@H](C)CC(=O)O[C@H](CC)CC(=O)O[C@H](CC)CC(=O)O[C@H](CC)CC(=O)O[C@H](C)CC(=O)O[C@H](C)CC(C)=O)OC(=O)C[C@@H](CC)OC(=O)C[C@@H](CC)OC(=O)C[C@@H](CC)OC(=O)C[C@@H](CC)OC(=O)C[C@@H](C)OC(=O)C[C@@H](CC)OC(=O)C[C@@H](CC)OC(=O)C[C@@H](CC)OC(=O)C[C@@H](C)OC(=O)C[C@@H](CC)OC(=O)C[C@@H](CC)OC(=O)C[C@@H](CC)OC(=O)C[C@@H](CC)OC(=O)C[C@@H](CC)OC(=O)C[C@@H](C)OC(=O)C[C@@H](C)OC(=O)C[C@@H](CC)OC(=O)C[C@@H](CC)OC(=O)C[C@@H](CC)OC(=O)C[C@@H](CC)OC(=O)C[C@@H](C)OC(=O)C[C@@H](C)OC(=O)C[C@@H](C)OC,99.2,True
CC[C@@H](CC(=O)O[C@@H](CC)CC(=O)O[C@@H](C)CC(=O)O[C@@H](C)CC(=O)O[C@@H](C)CC(=O)O[C@@H](CC)CC(=O)O[C@@H](CC)CC(=O)O[C@@H](CC)CC(=O)O[C@@H](CC)CC(=O)O[C@@H](CC)CC(=O)O[C@@H](CC)CC(=O)O[C@@H](CC)CC(=O)O[C@@H](C)CC(=O)O[C@@H](C)CC(=O)O[C@@H](C)CC(=O)O[C@@H](CC)CC(=O)O[C@@H](CC)CC(=O)O[C@@H](CC)CC(=O)O[C@@H](CC)CC(=O)O[C@@H](CC)CC(=O)O[C@@H](CC)CC(=O)O[C@@H](CC)CC(=O)O[C@@H](CC)CC(=O)O[C@@H](C)CC(=O)O[C@@H](CC)CC(=O)O[C@@H](CC)CC(=O)O[C@@H](C)CC(=O)O[C@@H](C)CC(=O)O[C@@H](CC)CC(=O)O[C@@H](C)CC(=O)O[C@@H](CC)CC(=O)O[C@@H](C)CC(=O)O[C@@H](C)CC(=O)O[C@@H](C)CC(=O)O[C@@H](C)CC(=O)O[C@@H](C)CC(=O)O[C@@H](CC)CC(=O)O[C@@H](C)CC(=O)O[C@@H](C)CC(C)=O)OC,99.5,True
CC[C@@H](CC(=O)O[C@@H](CC)CC(=O)O[C@@H](C)CC(=O)O[C@@H](CC)CC(=O)O[C@@H](CC)CC(=O)O[C@@H](CC)CC(=O)O[C@@H](CC)CC(=O)O[C@@H](CC)CC(=O)O[C@@H](CC)CC(=O)O[C@@H](CC)CC(=O)O[C@@H](CC)CC(=O)O[C@@H](CC)CC(=O)O[C@@H](CC)CC(=O)O[C@@H](CC)CC(=O)O[C@@H](CC)CC(=O)O[C@@H](CC)CC(=O)O[C@@H](CC)CC(=O)O[C@@H](CC)CC(=O)O[C@@H](CC)CC(=O)O[C@@H](CC)CC(=O)O[C@@H](CC)CC(=O)O[C@@H](CC)CC(=O)O[C@@H](CC)CC(=O)O[C@@H](CC)CC(=O)O[C@@H](CC)CC(=O)O[C@@H](CC)CC(=O)O[C@@H](C)CC(=O)O[C@@H](C)CC(=O)O[C@@H](CC)CC(=O)O[C@@H](CC)CC(=O)O[C@@H](CC)CC(=O)O[C@@H](CC)CC(=O)O[C@@H](CC)CC(=O)O[C@@H](CC)CC(=O)O[C@@H](CC)CC(=O)O[C@@H](CC)CC(=O)O[C@@H](CC)CC(=O)O[C@@H](C)CC(=O)O[C@@H](CC)CC(C)=O)OC,99.7,True
CC[C@@H](CC(=O)O[C@@H](CC)CC(=O)O[C@@H](C)CC(=O)O[C@@H](CC)CC(=O)O[C@@H](CC)CC(=O)O[C@@H](CC)CC(=O)O[C@@H](CC)CC(=O)O[C@@H](CC)CC(=O)O[C@@H](CC)CC(=O)O[C@@H](CC)CC(=O)O[C@@H](CC)CC(=O)O[C@@H](CC)CC(=O)O[C@@H](CC)CC(=O)O[C@@H](CC)CC(=O)O[C@@H](CC)CC(=O)O[C@@H](CC)CC(=O)O[C@@H](CC)CC(=O)O[C@@H](CC)CC(=O)O[C@@H](CC)CC(=O)O[C@@H](CC)CC(=O)O[C@@H](CC)CC(=O)O[C@@H](CC)CC(=O)O[C@@H](CC)CC(=O)O[C@@H](CC)CC(=O)O[C@@H](CC)CC(=O)O[C@@H](CC)CC(=O)O[C@@H](C)CC(=O)O[C@@H](C)CC(=O)O[C@@H](CC)CC(=O)O[C@@H](CC)CC(=O)O[C@@H](CC)CC(=O)O[C@@H](CC)CC(=O)O[C@@H](CC)CC(=O)O[C@@H](CC)CC(=O)O[C@@H](CC)CC(=O)O[C@@H](CC)CC(=O)O[C@@H](CC)CC(=O)O[C@@H](C)CC(=O)O[C@@H](CC)CC(C)=O)OC,100.0,True
CC[C@@H](CC(=O)O[C@@H](CC)CC(=O)O[C@@H](CC)CC(=O)O[C@@H](CC)CC(=O)O[C@@H](CC)CC(=O)O[C@@H](CC)CC(=O)O[C@@H](CC)CC(=O)O[C@@H](CC)CC(=O)O[C@@H](CC)CC(=O)O[C@@H](CC)CC(=O)O[C@@H](CC)CC(=O)O[C@@H](CC)CC(=O)O[C@@H](CC)CC(=O)O[C@@H](CC)CC(=O)O[C@@H](CC)CC(=O)O[C@@H](CC)CC(=O)O[C@@H](CC)CC(=O)O[C@@H](CC)CC(=O)O[C@@H](CC)CC(=O)O[C@@H](CC)CC(=O)O[C@@H](CC)CC(=O)O[C@@H](CC)CC(=O)O[C@@H](CC)CC(=O)O[C@@H](CC)CC(=O)O[C@@H](CC)CC(=O)O[C@@H](CC)CC(=O)O[C@@H](C)CC(=O)O[C@@H](C)CC(=O)O[C@@H](CC)CC(=O)O[C@@H](CC)CC(=O)O[C@@H](CC)CC(=O)O[C@@H](CC)CC(=O)O[C@@H](CC)CC(=O)O[C@@H](CC)CC(=O)O[C@@H](CC)CC(=O)O[C@@H](CC)CC(=O)O[C@@H](CC)CC(=O)O[C@@H](C)CC(=O)O[C@@H](CC)CC(C)=O)OC,101.8,True
CC[C@@H](CC(=O)O[C@@H](CC)CC(=O)O[C@@H](C)CC(=O)O[C@@H](C)CC(=O)O[C@@H](C)CC(=O)O[C@@H](CC)CC(=O)O[C@@H](CC)CC(=O)O[C@@H](CC)CC(=O)O[C@@H](CC)CC(=O)O[C@@H](CC)CC(=O)O[C@@H](CC)CC(=O)O[C@@H](CC)CC(=O)O[C@@H](C)CC(=O)O[C@@H](C)CC(=O)O[C@@H](C)CC(=O)O[C@@H](CC)CC(=O)O[C@@H](CC)CC(=O)O[C@@H](CC)CC(=O)O[C@@H](CC)CC(=O)O[C@@H](CC)CC(=O)O[C@@H](CC)CC(=O)O[C@@H](CC)CC(=O)O[C@@H](CC)CC(=O)O[C@@H](CC)CC(=O)O[C@@H](CC)CC(=O)O[C@@H](CC)CC(=O)O[C@@H](C)CC(=O)O[C@@H](C)CC(=O)O[C@@H](CC)CC(=O)O[C@@H](C)CC(=O)O[C@@H](CC)CC(=O)O[C@@H](C)CC(=O)O[C@@H](C)CC(=O)O[C@@H](C)CC(=O)O[C@@H](CC)CC(=O)O[C@@H](CC)CC(=O)O[C@@H](CC)CC(=O)O[C@@H](C)CC(=O)O[C@@H](C)CC(C)=O)OC,102.1,True
CC[C@@H](CC(=O)O[C@@H](CC)CC(=O)O[C@@H](C)CC(=O)O[C@@H](CC)CC(=O)O[C@@H](CC)CC(=O)O[C@@H](CC)CC(=O)O[C@@H](CC)CC(=O)O[C@@H](CC)CC(=O)O[C@@H](CC)CC(=O)O[C@@H](CC)CC(=O)O[C@@H](CC)CC(=O)O[C@@H](CC)CC(=O)O[C@@H](CC)CC(=O)O[C@@H](C)CC(=O)O[C@@H](CC)CC(=O)O[C@@H](CC)CC(=O)O[C@@H](CC)CC(=O)O[C@@H](CC)CC(=O)O[C@@H](CC)CC(=O)O[C@@H](CC)CC(=O)O[C@@H](CC)CC(=O)O[C@@H](CC)CC(=O)O[C@@H](CC)CC(=O)O[C@@H](CC)CC(=O)O[C@@H](CC)CC(=O)O[C@@H](CC)CC(=O)O[C@@H](C)CC(=O)O[C@@H](C)CC(=O)O[C@@H](CC)CC(=O)O[C@@H](CC)CC(=O)O[C@@H](CC)CC(=O)O[C@@H](CC)CC(=O)O[C@@H](CC)CC(=O)O[C@@H](CC)CC(=O)O[C@@H](CC)CC(=O)O[C@@H](CC)CC(=O)O[C@@H](CC)CC(=O)O[C@@H](C)CC(=O)O[C@@H](CC)CC(C)=O)OC,102.3,True
CC[C@@H](CC(=O)O[C@@H](CC)CC(=O)O[C@@H](CC)CC(=O)O[C@@H](CC)CC(=O)O[C@@H](CC)CC(=O)O[C@@H](CC)CC(=O)O[C@@H](CC)CC(=O)O[C@@H](CC)CC(=O)O[C@@H](CC)CC(=O)O[C@@H](CC)CC(=O)O[C@@H](CC)CC(=O)O[C@@H](CC)CC(=O)O[C@@H](CC)CC(=O)O[C@@H](CC)CC(=O)O[C@@H](CC)CC(=O)O[C@@H](CC)CC(=O)O[C@@H](CC)CC(=O)O[C@@H](CC)CC(=O)O[C@@H](CC)CC(=O)O[C@@H](CC)CC(=O)O[C@@H](CC)CC(=O)O[C@@H](CC)CC(=O)O[C@@H](CC)CC(=O)O[C@@H](CC)CC(=O)O[C@@H](CC)CC(=O)O[C@@H](CC)CC(=O)O[C@@H](C)CC(=O)O[C@@H](C)CC(=O)O[C@@H](CC)CC(=O)O[C@@H](CC)CC(=O)O[C@@H](CC)CC(=O)O[C@@H](CC)CC(=O)O[C@@H](CC)CC(=O)O[C@@H](CC)CC(=O)O[C@@H](CC)CC(=O)O[C@@H](CC)CC(=O)O[C@@H](CC)CC(=O)O[C@@H](C)CC(=O)O[C@@H](CC)CC(C)=O)OC,102.9,True
CC[C@@H](CC(=O)O[C@@H](CC)CC(=O)O[C@@H](CC)CC(=O)O[C@@H](CC)CC(=O)O[C@@H](CC)CC(=O)O[C@@H](CC)CC(=O)O[C@@H](CC)CC(=O)O[C@@H](CC)CC(=O)O[C@@H](CC)CC(=O)O[C@@H](CC)CC(=O)O[C@@H](CC)CC(=O)O[C@@H](CC)CC(=O)O[C@@H](CC)CC(=O)O[C@@H](CC)CC(=O)O[C@@H](CC)CC(=O)O[C@@H](CC)CC(=O)O[C@@H](CC)CC(=O)O[C@@H](CC)CC(=O)O[C@@H](CC)CC(=O)O[C@@H](CC)CC(=O)O[C@@H](CC)CC(=O)O[C@@H](CC)CC(=O)O[C@@H](CC)CC(=O)O[C@@H](CC)CC(=O)O[C@@H](CC)CC(=O)O[C@@H](CC)CC(=O)O[C@@H](CC)CC(=O)O[C@@H](C)CC(=O)O[C@@H](CC)CC(=O)O[C@@H](CC)CC(=O)O[C@@H](CC)CC(=O)O[C@@H](CC)CC(=O)O[C@@H](CC)CC(=O)O[C@@H](CC)CC(=O)O[C@@H](CC)CC(=O)O[C@@H](CC)CC(=O)O[C@@H](CC)CC(=O)O[C@@H](C)CC(=O)O[C@@H](CC)CC(C)=O)OC,103.1,True
CC[C@@H](CC(=O)O[C@@H](CC)CC(=O)O[C@@H](C)CC(=O)O[C@@H](CC)CC(=O)O[C@@H](CC)CC(=O)O[C@@H](CC)CC(=O)O[C@@H](CC)CC(=O)O[C@@H](CC)CC(=O)O[C@@H](CC)CC(=O)O[C@@H](CC)CC(=O)O[C@@H](CC)CC(=O)O[C@@H](CC)CC(=O)O[C@@H](CC)CC(=O)O[C@@H](C)CC(=O)O[C@@H](CC)CC(=O)O[C@@H](CC)CC(=O)O[C@@H](CC)CC(=O)O[C@@H](CC)CC(=O)O[C@@H](CC)CC(=O)O[C@@H](CC)CC(=O)O[C@@H](CC)CC(=O)O[C@@H](CC)CC(=O)O[C@@H](CC)CC(=O)O[C@@H](CC)CC(=O)O[C@@H](CC)CC(=O)O[C@@H](CC)CC(=O)O[C@@H](C)CC(=O)O[C@@H](C)CC(=O)O[C@@H](CC)CC(=O)O[C@@H](CC)CC(=O)O[C@@H](CC)CC(=O)O[C@@H](C)CC(=O)O[C@@H](C)CC(=O)O[C@@H](C)CC(=O)O[C@@H](CC)CC(=O)O[C@@H](CC)CC(=O)O[C@@H](CC)CC(=O)O[C@@H](C)CC(=O)O[C@@H](C)CC(C)=O)OC,103.4,True
CC[C@H](CC(=O)O[C@H](CC)CC(=O)O[C@H](CC)CC(=O)O[C@H](CC)CC(=O)O[C@H](CC)CC(=O)O[C@H](CC)CC(=O)O[C@H](CC)CC(=O)O[C@H](CC)CC(=O)O[C@H](CC)CC(=O)O[C@H](CC)CC(=O)O[C@H](CC)CC(=O)O[C@H](CC)CC(=O)O[C@H](CC)CC(=O)O[C@H](CC)CC(=O)O[C@H](CC)CC(=O)O[C@H](CC)CC(=O)O[C@H](CC)CC(=O)O[C@H](CC)CC(=O)O[C@H](CC)CC(=O)O[C@H](CC)CC(=O)O[C@H](CC)CC(=O)O[C@H](CC)CC(=O)O[C@H](CC)CC(=O)O[C@H](CC)CC(=O)O[C@H](CC)CC(=O)O[C@H](CC)CC(=O)O[C@H](CC)CC(=O)O[C@H](CC)CC(=O)O[C@H](CC)CC(=O)O[C@H](C)CC(=O)O[C@H](CC)CC(=O)O[C@H](CC)CC(=O)O[C@H](CC)CC(=O)O[C@H](CC)CC(=O)O[C@H](CC)CC(=O)O[C@H](CC)CC(=O)O[C@H](CC)CC(=O)O[C@H](CC)CC(=O)O[C@H](C)CC(=O)O[C@H](CC)CC(C)=O)OC,104.8,True
CC[C@H](CC(=O)O[C@H](CC)CC(=O)O[C@H](C)CC(=O)O[C@H](C)CC(=O)O[C@H](CC)CC(=O)O[C@H](CC)CC(=O)O[C@H](C)CC(=O)O[C@H](C)CC(=O)O[C@H](CC)CC(=O)O[C@H](CC)CC(=O)O[C@H](C)CC(=O)O[C@H](C)CC(=O)O[C@H](C)CC(=O)O[C@H](C)CC(=O)O[C@H](C)CC(=O)O[C@H](C)CC(=O)O[C@H](C)CC(=O)O[C@H](C)CC(C)=O)OC(=O)C[C@@H](CC)OC(=O)C[C@@H](C)OC(=O)C[C@@H](C)OC(=O)C[C@@H](C)OC(=O)C[C@@H](CC)OC(=O)C[C@@H](CC)OC(=O)C[C@@H](CC)OC(=O)C[C@@H](C)OC(=O)C[C@@H](C)OC(=O)C[C@@H](C)OC(=O)C[C@@H](CC)OC(=O)C[C@@H](C)OC(=O)C[C@@H](CC)OC(=O)C[C@@H](C)OC(=O)C[C@@H](C)OC(=O)C[C@@H](CC)OC(=O)C[C@@H](C)OC(=O)C[C@@H](C)OC(=O)C[C@@H](CC)OC(=O)C[C@@H](C)OC(=O)C[C@@H](C)OC(=O)C[C@@H](C)OC,105.0,True
CC[C@H](CC(=O)O[C@H](CC)CC(=O)O[C@H](C)CC(=O)O[C@H](C)CC(=O)O[C@H](CC)CC(=O)O[C@H](CC)CC(=O)O[C@H](C)CC(=O)O[C@H](C)CC(=O)O[C@H](CC)CC(=O)O[C@H](C)CC(=O)O[C@H](C)CC(=O)O[C@H](C)CC(=O)O[C@H](C)CC(=O)O[C@H](C)CC(=O)O[C@H](C)CC(=O)O[C@H](C)CC(=O)O[C@H](C)CC(=O)O[C@H](C)CC(C)=O)OC(=O)C[C@@H](CC)OC(=O)C[C@@H](C)OC(=O)C[C@@H](C)OC(=O)C[C@@H](C)OC(=O)C[C@@H](C)OC(=O)C[C@@H](CC)OC(=O)C[C@@H](CC)OC(=O)C[C@@H](C)OC(=O)C[C@@H](C)OC(=O)C[C@@H](C)OC(=O)C[C@@H](CC)OC(=O)C[C@@H](C)OC(=O)C[C@@H](CC)OC(=O)C[C@@H](C)OC(=O)C[C@@H](C)OC(=O)C[C@@H](CC)OC(=O)C[C@@H](C)OC(=O)C[C@@H](C)OC(=O)C[C@@H](CC)OC(=O)C[C@@H](C)OC(=O)C[C@@H](C)OC(=O)C[C@@H](C)OC,106.0,True
CC[C@@H](CC(=O)O[C@@H](CC)CC(=O)O[C@@H](CC)CC(=O)O[C@@H](CC)CC(=O)O[C@@H](CC)CC(=O)O[C@@H](CC)CC(=O)O[C@@H](CC)CC(=O)O[C@@H](CC)CC(=O)O[C@@H](CC)CC(=O)O[C@@H](CC)CC(=O)O[C@@H](CC)CC(=O)O[C@@H](CC)CC(=O)O[C@@H](CC)CC(=O)O[C@@H](CC)CC(=O)O[C@@H](CC)CC(=O)O[C@@H](CC)CC(=O)O[C@@H](CC)CC(=O)O[C@@H](CC)CC(=O)O[C@@H](CC)CC(=O)O[C@@H](CC)CC(=O)O[C@@H](CC)CC(=O)O[C@@H](CC)CC(=O)O[C@@H](CC)CC(=O)O[C@@H](CC)CC(=O)O[C@@H](CC)CC(=O)O[C@@H](CC)CC(=O)O[C@@H](CC)CC(=O)O[C@@H](CC)CC(=O)O[C@@H](CC)CC(=O)O[C@@H](CC)CC(=O)O[C@@H](CC)CC(=O)O[C@@H](CC)CC(=O)O[C@@H](CC)CC(=O)O[C@@H](CC)CC(=O)O[C@@H](CC)CC(=O)O[C@@H](CC)CC(=O)O[C@@H](CC)CC(=O)O[C@@H](CC)CC(=O)O[C@@H](CC)CC(C)=O)OC,108.0,True
CC[C@@H](CC(=O)O[C@@H](CC)CC(=O)O[C@@H](CC)CC(=O)O[C@@H](C)CC(=O)O[C@@H](C)CC(=O)O[C@@H](C)CC(=O)O[C@@H](C)CC(=O)O[C@@H](C)CC(=O)O[C@@H](C)CC(=O)O[C@@H](CC)CC(=O)O[C@@H](C)CC(=O)O[C@@H](CC)CC(=O)O[C@@H](C)CC(=O)O[C@@H](C)CC(=O)O[C@@H](CC)CC(=O)O[C@@H](C)CC(=O)O[C@@H](C)CC(=O)O[C@@H](C)CC(=O)O[C@@H](CC)CC(=O)O[C@@H](CC)CC(=O)O[C@@H](C)CC(=O)O[C@@H](C)CC(=O)O[C@@H](CC)CC(=O)O[C@@H](C)CC(=O)O[C@@H](C)CC(=O)O[C@@H](C)CC(=O)O[C@@H](C)CC(=O)O[C@@H](C)CC(=O)O[C@@H](C)CC(=O)O[C@@H](C)CC(=O)O[C@@H](C)CC(=O)O[C@@H](C)CC(=O)O[C@@H](C)CC(C)=O)OC(=O)C[C@H](CC)OC(=O)C[C@H](C)OC(=O)C[C@H](C)OC(=O)C[C@H](C)OC(=O)C[C@H](CC)OC(=O)C[C@H](C)OC,112.0,True
CC[C@@H](CC(=O)O[C@@H](CC)CC(=O)O[C@@H](C)CC(=O)O[C@@H](C)CC(=O)O[C@@H](C)CC(=O)O[C@@H](C)CC(=O)O[C@@H](C)CC(=O)O[C@@H](C)CC(=O)O[C@@H](CC)CC(=O)O[C@@H](C)CC(=O)O[C@@H](C)CC(=O)O[C@@H](C)CC(=O)O[C@@H](C)CC(=O)O[C@@H](CC)CC(=O)O[C@@H](C)CC(=O)O[C@@H](C)CC(=O)O[C@@H](C)CC(=O)O[C@@H](CC)CC(=O)O[C@@H](CC)CC(=O)O[C@@H](C)CC(=O)O[C@@H](C)CC(=O)O[C@@H](CC)CC(=O)O[C@@H](C)CC(=O)O[C@@H](C)CC(=O)O[C@@H](C)CC(=O)O[C@@H](C)CC(=O)O[C@@H](C)CC(=O)O[C@@H](C)CC(=O)O[C@@H](C)CC(=O)O[C@@H](C)CC(=O)O[C@@H](C)CC(=O)O[C@@H](C)CC(C)=O)OC(=O)C[C@H](C)OC(=O)C[C@H](CC)OC(=O)C[C@H](C)OC(=O)C[C@H](C)OC(=O)C[C@H](C)OC(=O)C[C@H](CC)OC(=O)C[C@H](C)OC,129.0,True
CC[C@@H](CC(=O)O[C@@H](CC)CC(=O)O[C@@H](C)CC(=O)O[C@@H](C)CC(=O)O[C@@H](C)CC(=O)O[C@@H](C)CC(=O)O[C@@H](C)CC(=O)O[C@@H](C)CC(=O)O[C@@H](CC)CC(=O)O[C@@H](C)CC(=O)O[C@@H](C)CC(=O)O[C@@H](C)CC(=O)O[C@@H](C)CC(=O)O[C@@H](CC)CC(=O)O[C@@H](C)CC(=O)O[C@@H](C)CC(=O)O[C@@H](C)CC(=O)O[C@@H](CC)CC(=O)O[C@@H](CC)CC(=O)O[C@@H](C)CC(=O)O[C@@H](C)CC(=O)O[C@@H](CC)CC(=O)O[C@@H](C)CC(=O)O[C@@H](C)CC(=O)O[C@@H](C)CC(=O)O[C@@H](C)CC(=O)O[C@@H](C)CC(=O)O[C@@H](C)CC(=O)O[C@@H](C)CC(=O)O[C@@H](C)CC(=O)O[C@@H](C)CC(=O)O[C@@H](C)CC(C)=O)OC(=O)C[C@H](C)OC(=O)C[C@H](CC)OC(=O)C[C@H](C)OC(=O)C[C@H](C)OC(=O)C[C@H](C)OC(=O)C[C@H](CC)OC(=O)C[C@H](C)OC,138.0,True
CC[C@@H](CC(=O)O[C@@H](CC)CC(=O)O[C@@H](CC)CC(=O)O[C@@H](C)CC(=O)O[C@@H](C)CC(=O)O[C@@H](C)CC(=O)O[C@@H](C)CC(=O)O[C@@H](C)CC(=O)O[C@@H](C)CC(=O)O[C@@H](CC)CC(=O)O[C@@H](C)CC(=O)O[C@@H](CC)CC(=O)O[C@@H](C)CC(=O)O[C@@H](C)CC(=O)O[C@@H](CC)CC(=O)O[C@@H](CC)CC(=O)O[C@@H](C)CC(=O)O[C@@H](C)CC(=O)O[C@@H](CC)CC(=O)O[C@@H](CC)CC(=O)O[C@@H](C)CC(=O)O[C@@H](C)CC(=O)O[C@@H](CC)CC(=O)O[C@@H](C)CC(=O)O[C@@H](C)CC(=O)O[C@@H](C)CC(=O)O[C@@H](C)CC(=O)O[C@@H](C)CC(=O)O[C@@H](C)CC(=O)O[C@@H](C)CC(=O)O[C@@H](C)CC(=O)O[C@@H](C)CC(=O)O[C@@H](C)CC(C)=O)OC(=O)C[C@H](CC)OC(=O)C[C@H](C)OC(=O)C[C@H](C)OC(=O)C[C@H](C)OC(=O)C[C@H](CC)OC(=O)C[C@H](C)OC,140.4,True
CC[C@@H](CC(=O)O[C@@H](C)CC(=O)O[C@@H](C)CC(=O)O[C@@H](C)CC(=O)O[C@@H](CC)CC(=O)O[C@@H](C)CC(=O)O[C@@H](C)CC(=O)O[C@@H](C)CC(=O)O[C@@H](C)CC(=O)O[C@@H](C)CC(=O)O[C@@H](C)CC(=O)O[C@@H](C)CC(=O)O[C@@H](C)CC(=O)O[C@@H](C)CC(=O)O[C@@H](C)CC(C)=O)OC(=O)C[C@H](C)OC(=O)C[C@H](C)OC(=O)C[C@H](C)OC(=O)C[C@H](CC)OC(=O)C[C@H](C)OC(=O)C[C@H](C)OC(=O)C[C@H](C)OC(=O)C[C@H](C)OC(=O)C[C@H](C)OC(=O)C[C@H](C)OC(=O)C[C@H](C)OC(=O)C[C@H](C)OC(=O)C[C@H](C)OC(=O)C[C@H](C)OC(=O)C[C@H](C)OC(=O)C[C@H](C)OC(=O)C[C@H](C)OC(=O)C[C@H](C)OC(=O)C[C@H](C)OC(=O)C[C@H](C)OC(=O)C[C@H](C)OC(=O)C[C@H](C)OC(=O)C[C@H](C)OC(=O)C[C@H](C)OC,151.2,True
CC[C@@H](CC(=O)O[C@@H](C)CC(=O)O[C@@H](C)CC(=O)O[C@@H](C)CC(=O)O[C@@H](CC)CC(=O)O[C@@H](C)CC(=O)O[C@@H](C)CC(=O)O[C@@H](C)CC(=O)O[C@@H](C)CC(=O)O[C@@H](C)CC(=O)O[C@@H](C)CC(=O)O[C@@H](C)CC(=O)O[C@@H](C)CC(=O)O[C@@H](C)CC(=O)O[C@@H](C)CC(C)=O)OC(=O)C[C@H](C)OC(=O)C[C@H](C)OC(=O)C[C@H](C)OC(=O)C[C@H](CC)OC(=O)C[C@H](C)OC(=O)C[C@H](C)OC(=O)C[C@H](C)OC(=O)C[C@H](C)OC(=O)C[C@H](C)OC(=O)C[C@H](C)OC(=O)C[C@H](C)OC(=O)C[C@H](C)OC(=O)C[C@H](C)OC(=O)C[C@H](C)OC(=O)C[C@H](C)OC(=O)C[C@H](C)OC(=O)C[C@H](C)OC(=O)C[C@H](C)OC(=O)C[C@H](C)OC(=O)C[C@H](C)OC(=O)C[C@H](C)OC(=O)C[C@H](C)OC(=O)C[C@H](C)OC(=O)C[C@H](C)OC,153.0,True
CC[C@@H](CC(=O)O[C@@H](C)CC(=O)O[C@@H](C)CC(=O)O[C@@H](C)CC(=O)O[C@@H](CC)CC(=O)O[C@@H](C)CC(=O)O[C@@H](C)CC(=O)O[C@@H](C)CC(=O)O[C@@H](C)CC(=O)O[C@@H](C)CC(=O)O[C@@H](C)CC(=O)O[C@@H](C)CC(=O)O[C@@H](C)CC(=O)O[C@@H](C)CC(=O)O[C@@H](C)CC(C)=O)OC(=O)C[C@H](C)OC(=O)C[C@H](C)OC(=O)C[C@H](C)OC(=O)C[C@H](CC)OC(=O)C[C@H](C)OC(=O)C[C@H](C)OC(=O)C[C@H](C)OC(=O)C[C@H](C)OC(=O)C[C@H](C)OC(=O)C[C@H](C)OC(=O)C[C@H](C)OC(=O)C[C@H](C)OC(=O)C[C@H](C)OC(=O)C[C@H](C)OC(=O)C[C@H](C)OC(=O)C[C@H](C)OC(=O)C[C@H](C)OC(=O)C[C@H](C)OC(=O)C[C@H](CC)OC(=O)C[C@H](C)OC(=O)C[C@H](C)OC(=O)C[C@H](C)OC(=O)C[C@H](C)OC(=O)C[C@H](C)OC,154.0,True
CC[C@@H](CC(=O)O[C@@H](C)CC(=O)O[C@@H](C)CC(=O)O[C@@H](C)CC(=O)O[C@@H](C)CC(=O)O[C@@H](C)CC(=O)O[C@@H](C)CC(=O)O[C@@H](C)CC(=O)O[C@@H](C)CC(=O)O[C@@H](C)CC(=O)O[C@@H](C)CC(=O)O[C@@H](C)CC(=O)O[C@@H](C)CC(=O)O[C@@H](C)CC(=O)O[C@@H](C)CC(C)=O)OC(=O)C[C@H](C)OC(=O)C[C@H](C)OC(=O)C[C@H](C)OC(=O)C[C@H](C)OC(=O)C[C@H](C)OC(=O)C[C@H](C)OC(=O)C[C@H](C)OC(=O)C[C@H](C)OC(=O)C[C@H](C)OC(=O)C[C@H](C)OC(=O)C[C@H](C)OC(=O)C[C@H](C)OC(=O)C[C@H](C)OC(=O)C[C@H](C)OC(=O)C[C@H](C)OC(=O)C[C@H](C)OC(=O)C[C@H](C)OC(=O)C[C@H](C)OC(=O)C[C@H](C)OC(=O)C[C@H](C)OC(=O)C[C@H](C)OC(=O)C[C@H](C)OC(=O)C[C@H](C)OC(=O)C[C@H](C)OC,157.0,True
CC[C@@H](CC(=O)O[C@@H](C)CC(=O)O[C@@H](C)CC(=O)O[C@@H](C)CC(=O)O[C@@H](CC)CC(=O)O[C@@H](C)CC(=O)O[C@@H](C)CC(=O)O[C@@H](C)CC(=O)O[C@@H](C)CC(=O)O[C@@H](C)CC(=O)O[C@@H](C)CC(=O)O[C@@H](C)CC(=O)O[C@@H](C)CC(=O)O[C@@H](C)CC(=O)O[C@@H](C)CC(C)=O)OC(=O)C[C@H](C)OC(=O)C[C@H](C)OC(=O)C[C@H](C)OC(=O)C[C@H](CC)OC(=O)C[C@H](C)OC(=O)C[C@H](C)OC(=O)C[C@H](C)OC(=O)C[C@H](C)OC(=O)C[C@H](C)OC(=O)C[C@H](C)OC(=O)C[C@H](C)OC(=O)C[C@H](C)OC(=O)C[C@H](C)OC(=O)C[C@H](C)OC(=O)C[C@H](C)OC(=O)C[C@H](C)OC(=O)C[C@H](C)OC(=O)C[C@H](C)OC(=O)C[C@H](CC)OC(=O)C[C@H](C)OC(=O)C[C@H](C)OC(=O)C[C@H](C)OC(=O)C[C@H](C)OC(=O)C[C@H](C)OC,168.7,True
CC[C@@H](CC(=O)O[C@@H](C)CC(=O)O[C@@H](C)CC(=O)O[C@@H](C)CC(=O)O[C@@H](CC)CC(=O)O[C@@H](C)CC(=O)O[C@@H](C)CC(=O)O[C@@H](C)CC(=O)O[C@@H](C)CC(=O)O[C@@H](C)CC(=O)O[C@@H](C)CC(=O)O[C@@H](C)CC(=O)O[C@@H](C)CC(=O)O[C@@H](C)CC(=O)O[C@@H](CC)CC(=O)O[C@@H](C)CC(=O)O[C@@H](C)CC(=O)O[C@@H](C)CC(=O)O[C@@H](C)CC(=O)O[C@@H](CC)CC(=O)O[C@@H](C)CC(=O)O[C@@H](C)CC(=O)O[C@@H](C)CC(=O)O[C@@H](CC)CC(=O)O[C@@H](C)CC(=O)O[C@@H](C)CC(=O)O[C@@H](C)CC(=O)O[C@@H](CC)CC(=O)O[C@@H](C)CC(=O)O[C@@H](C)CC(=O)O[C@@H](C)CC(=O)O[C@@H](C)CC(=O)O[C@@H](C)CC(=O)O[C@@H](C)CC(=O)O[C@@H](C)CC(=O)O[C@@H](C)CC(=O)O[C@@H](C)CC(=O)O[C@@H](C)CC(C)=O)OC(=O)C[C@H](C)OC,171.1,True
CC[C@@H](CC(=O)O[C@@H](C)CC(=O)O[C@@H](C)CC(=O)O[C@@H](C)CC(=O)O[C@@H](CC)CC(=O)O[C@@H](C)CC(=O)O[C@@H](C)CC(=O)O[C@@H](C)CC(=O)O[C@@H](C)CC(=O)O[C@@H](C)CC(=O)O[C@@H](C)CC(=O)O[C@@H](C)CC(=O)O[C@@H](C)CC(=O)O[C@@H](C)CC(=O)O[C@@H](C)CC(C)=O)OC(=O)C[C@H](C)OC(=O)C[C@H](C)OC(=O)C[C@H](C)OC(=O)C[C@H](CC)OC(=O)C[C@H](C)OC(=O)C[C@H](C)OC(=O)C[C@H](C)OC(=O)C[C@H](C)OC(=O)C[C@H](CC)OC(=O)C[C@H](C)OC(=O)C[C@H](C)OC(=O)C[C@H](C)OC(=O)C[C@H](C)OC(=O)C[C@H](C)OC(=O)C[C@H](C)OC(=O)C[C@H](C)OC(=O)C[C@H](C)OC(=O)C[C@H](C)OC(=O)C[C@H](CC)OC(=O)C[C@H](C)OC(=O)C[C@H](C)OC(=O)C[C@H](C)OC(=O)C[C@H](C)OC(=O)C[C@H](C)OC,173.0,True
CC[C@@H](CC(=O)O[C@@H](C)CC(=O)O[C@@H](C)CC(=O)O[C@@H](C)CC(=O)O[C@@H](CC)CC(=O)O[C@@H](C)CC(=O)O[C@@H](C)CC(=O)O[C@@H](C)CC(=O)O[C@@H](C)CC(=O)O[C@@H](C)CC(=O)O[C@@H](C)CC(=O)O[C@@H](C)CC(=O)O[C@@H](C)CC(=O)O[C@@H](C)CC(=O)O[C@@H](C)CC(C)=O)OC(=O)C[C@H](C)OC(=O)C[C@H](C)OC(=O)C[C@H](C)OC(=O)C[C@H](CC)OC(=O)C[C@H](C)OC(=O)C[C@H](C)OC(=O)C[C@H](C)OC(=O)C[C@H](C)OC(=O)C[C@H](C)OC(=O)C[C@H](C)OC(=O)C[C@H](C)OC(=O)C[C@H](C)OC(=O)C[C@H](C)OC(=O)C[C@H](C)OC(=O)C[C@H](C)OC(=O)C[C@H](C)OC(=O)C[C@H](C)OC(=O)C[C@H](C)OC(=O)C[C@H](CC)OC(=O)C[C@H](C)OC(=O)C[C@H](C)OC(=O)C[C@H](C)OC(=O)C[C@H](C)OC(=O)C[C@H](C)OC,173.0,True
CC[C@H](CC(=O)O[C@H](C)CC(=O)O[C@H](C)CC(=O)O[C@H](C)CC(=O)O[C@H](C)CC(=O)O[C@H](C)CC(=O)O[C@H](C)CC(=O)O[C@H](C)CC(=O)O[C@H](C)CC(=O)O[C@H](C)CC(=O)O[C@H](C)CC(=O)O[C@H](C)CC(=O)O[C@H](C)CC(=O)O[C@H](C)CC(C)=O)OC(=O)C[C@@H](C)OC(=O)C[C@@H](C)OC(=O)C[C@@H](C)OC(=O)C[C@@H](C)OC(=O)C[C@@H](C)OC(=O)C[C@@H](C)OC(=O)C[C@@H](C)OC(=O)C[C@@H](C)OC(=O)C[C@@H](C)OC(=O)C[C@@H](C)OC(=O)C[C@@H](C)OC(=O)C[C@@H](C)OC(=O)C[C@@H](C)OC(=O)C[C@@H](C)OC(=O)C[C@@H](C)OC(=O)C[C@@H](C)OC(=O)C[C@@H](C)OC(=O)C[C@@H](C)OC(=O)C[C@@H](C)OC(=O)C[C@@H](C)OC(=O)C[C@@H](C)OC(=O)C[C@@H](C)OC(=O)C[C@@H](C)OC(=O)C[C@@H](C)OC(=O)C[C@@H](C)OC(=O)C[C@@H](C)OC,175.9,True
CC[C@@H](CC(=O)O[C@@H](C)CC(=O)O[C@@H](C)CC(=O)O[C@@H](C)CC(=O)O[C@@H](C)CC(=O)O[C@@H](C)CC(=O)O[C@@H](C)CC(=O)O[C@@H](C)CC(=O)O[C@@H](C)CC(=O)O[C@@H](C)CC(=O)O[C@@H](C)CC(=O)O[C@@H](C)CC(=O)O[C@@H](C)CC(=O)O[C@@H](C)CC(=O)O[C@@H](C)CC(C)=O)OC(=O)C[C@H](C)OC(=O)C[C@H](C)OC(=O)C[C@H](C)OC(=O)C[C@H](C)OC(=O)C[C@H](C)OC(=O)C[C@H](C)OC(=O)C[C@H](C)OC(=O)C[C@H](C)OC(=O)C[C@H](C)OC(=O)C[C@H](C)OC(=O)C[C@H](C)OC(=O)C[C@H](C)OC(=O)C[C@H](C)OC(=O)C[C@H](C)OC(=O)C[C@H](C)OC(=O)C[C@H](C)OC(=O)C[C@H](C)OC(=O)C[C@H](C)OC(=O)C[C@H](C)OC(=O)C[C@H](C)OC(=O)C[C@H](C)OC(=O)C[C@H](C)OC(=O)C[C@H](C)OC(=O)C[C@H](C)OC,177.8,True
COCCCC(=O)OCCCC(=O)O[C@@H](C)CC(=O)OCCCC(=O)OCCCC(=O)OCCCC(=O)OCCCC(=O)OCCCC(=O)OCCCC(=O)OCCCC(=O)OCCCC(=O)OCCCC(=O)OCCCC(=O)O[C@@H](C)CC(=O)OCCCC(=O)OCCCC(=O)OCCCC(=O)OCCCC(=O)OCCCC(=O)OCCCC(=O)OCCCC(=O)OCCCC(=O)OCCCC(=O)OCCCC(=O)OCCCC(=O)OCCCC(=O)O[C@@H](C)CC(=O)O[C@@H](C)CC(=O)OCCCC(=O)OCCCC(=O)OCCCC(=O)O[C@@H](C)CC(=O)OCCCC(=O)OCCCC(=O)OCCCC(=O)OCCCC(=O)OCCCC(=O)O[C@@H](C)CC(=O)OCCCC(C)=O,37.0,True
COCCCC(=O)OCCCC(=O)O[C@@H](C)CC(=O)OCCCC(=O)OCCCC(=O)OCCCC(=O)OCCCC(=O)OCCCC(=O)OCCCC(=O)OCCCC(=O)OCCCC(=O)OCCCC(=O)OCCCC(=O)O[C@@H](C)CC(=O)OCCCC(=O)OCCCC(=O)OCCCC(=O)OCCCC(=O)OCCCC(=O)OCCCC(=O)OCCCC(=O)OCCCC(=O)OCCCC(=O)OCCCC(=O)OCCCC(=O)OCCCC(=O)O[C@@H](C)CC(=O)O[C@@H](C)CC(=O)OCCCC(=O)OCCCC(=O)OCCCC(=O)O[C@@H](C)CC(=O)O[C@@H](C)CC(=O)OCCCC(=O)OCCCC(=O)OCCCC(=O)OCCCC(=O)O[C@@H](C)CC(=O)OCCCC(C)=O,40.0,True
COCCCC(=O)OCCCC(=O)O[C@@H](C)CC(=O)OCCCC(=O)OCCCC(=O)OCCCC(=O)OCCCC(=O)OCCCC(=O)OCCCC(=O)OCCCC(=O)OCCCC(=O)OCCCC(=O)OCCCC(=O)O[C@@H](C)CC(=O)OCCCC(=O)OCCCC(=O)OCCCC(=O)OCCCC(=O)OCCCC(=O)OCCCC(=O)OCCCC(=O)OCCCC(=O)OCCCC(=O)OCCCC(=O)OCCCC(=O)OCCCC(=O)O[C@@H](C)CC(=O)O[C@@H](C)CC(=O)OCCCC(=O)OCCCC(=O)OCCCC(=O)O[C@@H](C)CC(=O)O[C@@H](C)CC(=O)O[C@@H](C)CC(=O)OCCCC(=O)OCCCC(=O)OCCCC(=O)O[C@@H](C)CC(=O)O[C@@H](C)CC(C)=O,46.0,True
CO[C@H](C)CC(=O)O[C@H](C)CC(=O)O[C@H](C)CC(=O)OCCCC(=O)O[C@H](C)CC(=O)O[C@H](C)CC(=O)OCCCC(=O)O[C@H](C)CC(=O)O[C@H](C)CC(=O)OCCCC(=O)O[C@H](C)CC(=O)OCCCC(=O)O[C@H](C)CC(=O)O[C@H](C)CC(=O)O[C@H](C)CC(=O)OCCCC(=O)OCCCC(=O)O[C@H](C)CC(=O)O[C@H](C)CC(=O)O[C@H](C)CC(=O)O[C@H](C)CC(=O)OCCCC(=O)OCCCC(=O)OCCCC(=O)O[C@H](C)CC(=O)O[C@H](C)CC(=O)OCCCC(=O)OCCCC(=O)O[C@H](C)CC(=O)O[C@H](C)CC(=O)OCCCC(=O)O[C@H](C)CC(=O)O[C@H](C)CC(=O)O[C@H](C)CC(=O)O[C@H](C)CC(=O)O[C@H](C)CC(=O)O[C@H](C)CC(=O)O[C@H](C)CC(=O)O[C@H](C)CC(=O)O[C@H](C)CC(C)=O,121.0,True
CO[C@@H](C)CC(=O)OCCCC(=O)O[C@@H](C)CC(=O)O[C@@H](C)CC(=O)O[C@@H](C)CC(=O)OCCCC(=O)O[C@@H](C)CC(=O)O[C@@H](C)CC(=O)O[C@@H](C)CC(=O)O[C@@H](C)CC(=O)O[C@@H](C)CC(=O)O[C@@H](C)CC(=O)O[C@@H](C)CC(=O)O[C@@H](C)CC(=O)O[C@@H](C)CC(=O)OCCCC(=O)O[C@@H](C)CC(=O)O[C@@H](C)CC(=O)O[C@@H](C)CC(=O)O[C@@H](C)CC(=O)OCCCC(=O)O[C@@H](C)CC(=O)O[C@@H](C)CC(=O)O[C@@H](C)CC(=O)OCCCC(=O)OCCCC(=O)O[C@@H](C)CC(=O)O[C@@H](C)CC(=O)OCCCC(=O)O[C@@H](C)CC(=O)O[C@@H](C)CC(=O)O[C@@H](C)CC(=O)O[C@@H](C)CC(=O)O[C@@H](C)CC(=O)O[C@@H](C)CC(=O)O[C@@H](C)CC(=O)O[C@@H](C)CC(=O)O[C@@H](C)CC(=O)O[C@@H](C)CC(C)=O,129.0,True
CO[C@@H](C)CC(=O)OCCCC(=O)O[C@@H](C)CC(=O)O[C@@H](C)CC(=O)O[C@@H](C)CC(=O)OCCCC(=O)O[C@@H](C)CC(=O)O[C@@H](C)CC(=O)OCCCC(=O)O[C@@H](C)CC(=O)O[C@@H](C)CC(=O)O[C@@H](C)CC(=O)O[C@@H](C)CC(=O)O[C@@H](C)CC(=O)O[C@@H](C)CC(=O)OCCCC(=O)O[C@@H](C)CC(=O)O[C@@H](C)CC(=O)O[C@@H](C)CC(=O)O[C@@H](C)CC(=O)OCCCC(=O)O[C@@H](C)CC(=O)O[C@@H](C)CC(=O)O[C@@H](C)CC(=O)OCCCC(=O)OCCCC(=O)O[C@@H](C)CC(=O)O[C@@H](C)CC(=O)OCCCC(=O)O[C@@H](C)CC(=O)O[C@@H](C)CC(=O)O[C@@H](C)CC(=O)O[C@@H](C)CC(=O)O[C@@H](C)CC(=O)O[C@@H](C)CC(=O)O[C@@H](C)CC(=O)O[C@@H](C)CC(=O)O[C@@H](C)CC(=O)O[C@@H](C)CC(C)=O,132.0,True
CO[C@@H](C)CC(=O)OCCCC(=O)O[C@@H](C)CC(=O)O[C@@H](C)CC(=O)O[C@@H](C)CC(=O)OCCCC(=O)OCCCC(=O)OCCCC(=O)OCCCC(=O)O[C@@H](C)CC(=O)O[C@@H](C)CC(=O)O[C@@H](C)CC(=O)O[C@@H](C)CC(=O)O[C@@H](C)CC(=O)O[C@@H](C)CC(=O)OCCCC(=O)O[C@@H](C)CC(=O)OCCCC(=O)O[C@@H](C)CC(=O)O[C@@H](C)CC(=O)OCCCC(=O)O[C@@H](C)CC(=O)O[C@@H](C)CC(=O)O[C@@H](C)CC(=O)OCCCC(=O)OCCCC(=O)O[C@@H](C)CC(=O)O[C@@H](C)CC(=O)OCCCC(=O)O[C@@H](C)CC(=O)O[C@@H](C)CC(=O)O[C@@H](C)CC(=O)O[C@@H](C)CC(=O)O[C@@H](C)CC(=O)O[C@@H](C)CC(=O)O[C@@H](C)CC(=O)O[C@@H](C)CC(=O)O[C@@H](C)CC(=O)O[C@@H](C)CC(C)=O,144.0,True
CO[C@@H](C)CC(=O)O[C@@H](C)CC(=O)O[C@@H](C)CC(=O)O[C@@H](C)CC(=O)O[C@@H](C)CC(=O)O[C@@H](C)CC(=O)O[C@@H](C)CC(=O)O[C@@H](C)CC(=O)O[C@@H](C)CC(=O)O[C@@H](C)CC(=O)O[C@@H](C)CC(=O)O[C@@H](C)CC(=O)O[C@@H](C)CC(=O)O[C@@H](C)CC(=O)O[C@@H](C)CC(=O)O[C@@H](C)CC(=O)O[C@@H](C)CC(=O)O[C@@H](C)CC(=O)O[C@@H](C)CC(=O)O[C@@H](C)CC(=O)OCCCC(=O)O[C@@H](C)CC(=O)O[C@@H](C)CC(=O)O[C@@H](C)CC(=O)OCCCC(=O)O[C@@H](C)CC(=O)O[C@@H](C)CC(=O)O[C@@H](C)CC(=O)OCCCC(=O)O[C@@H](C)CC(=O)O[C@@H](C)CC(=O)O[C@@H](C)CC(=O)O[C@@H](C)CC(=O)O[C@@H](C)CC(=O)O[C@@H](C)CC(=O)O[C@@H](C)CC(=O)O[C@@H](C)CC(=O)O[C@@H](C)CC(=O)O[C@@H](C)CC(C)=O,147.0,True
CO[C@@H](C)CC(=O)O[C@@H](C)CC(=O)O[C@@H](C)CC(=O)O[C@@H](C)CC(=O)O[C@@H](C)CC(=O)OCCCC(=O)O[C@@H](C)CC(=O)O[C@@H](C)CC(=O)O[C@@H](C)CC(=O)O[C@@H](C)CC(=O)O[C@@H](C)CC(=O)O[C@@H](C)CC(=O)O[C@@H](C)CC(=O)O[C@@H](C)CC(=O)O[C@@H](C)CC(=O)O[C@@H](C)CC(=O)O[C@@H](C)CC(=O)O[C@@H](C)CC(=O)O[C@@H](C)CC(=O)O[C@@H](C)CC(=O)OCCCC(=O)O[C@@H](C)CC(=O)O[C@@H](C)CC(=O)O[C@@H](C)CC(=O)OCCCC(=O)O[C@@H](C)CC(=O)O[C@@H](C)CC(=O)O[C@@H](C)CC(=O)OCCCC(=O)O[C@@H](C)CC(=O)O[C@@H](C)CC(=O)O[C@@H](C)CC(=O)O[C@@H](C)CC(=O)O[C@@H](C)CC(=O)O[C@@H](C)CC(=O)O[C@@H](C)CC(=O)O[C@@H](C)CC(=O)O[C@@H](C)CC(=O)O[C@@H](C)CC(C)=O,150.0,True
CO[C@@H](C)CC(=O)O[C@@H](C)CC(=O)O[C@@H](C)CC(=O)O[C@@H](C)CC(=O)O[C@@H](C)CC(=O)OCCCC(=O)O[C@@H](C)CC(=O)O[C@@H](C)CC(=O)O[C@@H](C)CC(=O)O[C@@H](C)CC(=O)O[C@@H](C)CC(=O)O[C@@H](C)CC(=O)O[C@@H](C)CC(=O)O[C@@H](C)CC(=O)O[C@@H](C)CC(=O)O[C@@H](C)CC(=O)O[C@@H](C)CC(=O)O[C@@H](C)CC(=O)O[C@@H](C)CC(=O)O[C@@H](C)CC(=O)OCCCC(=O)O[C@@H](C)CC(=O)O[C@@H](C)CC(=O)O[C@@H](C)CC(=O)OCCCC(=O)O[C@@H](C)CC(=O)O[C@@H](C)CC(=O)O[C@@H](C)CC(=O)OCCCC(=O)O[C@@H](C)CC(=O)O[C@@H](C)CC(=O)O[C@@H](C)CC(=O)O[C@@H](C)CC(=O)O[C@@H](C)CC(=O)O[C@@H](C)CC(=O)O[C@@H](C)CC(=O)O[C@@H](C)CC(=O)O[C@@H](C)CC(=O)O[C@@H](C)CC(C)=O,151.0,True
CO[C@@H](C)CC(=O)OCCCC(=O)O[C@@H](C)CC(=O)O[C@@H](C)CC(=O)O[C@@H](C)CC(=O)OCCCC(=O)O[C@@H](C)CC(=O)O[C@@H](C)CC(=O)O[C@@H](C)CC(=O)O[C@@H](C)CC(=O)O[C@@H](C)CC(=O)O[C@@H](C)CC(=O)O[C@@H](C)CC(=O)O[C@@H](C)CC(=O)O[C@@H](C)CC(=O)OCCCC(=O)O[C@@H](C)CC(=O)O[C@@H](C)CC(=O)O[C@@H](C)CC(=O)O[C@@H](C)CC(=O)OCCCC(=O)O[C@@H](C)CC(=O)O[C@@H](C)CC(=O)O[C@@H](C)CC(=O)OCCCC(=O)O[C@@H](C)CC(=O)O[C@@H](C)CC(=O)O[C@@H](C)CC(=O)OCCCC(=O)O[C@@H](C)CC(=O)O[C@@H](C)CC(=O)O[C@@H](C)CC(=O)O[C@@H](C)CC(=O)O[C@@H](C)CC(=O)O[C@@H](C)CC(=O)O[C@@H](C)CC(=O)O[C@@H](C)CC(=O)O[C@@H](C)CC(=O)O[C@@H](C)CC(C)=O,152.0,True
CO[C@@H](C)CC(=O)O[C@@H](C)CC(=O)O[C@@H](C)CC(=O)O[C@@H](C)CC(=O)O[C@@H](C)CC(=O)O[C@@H](C)CC(=O)O[C@@H](C)CC(=O)O[C@@H](C)CC(=O)O[C@@H](C)CC(=O)O[C@@H](C)CC(=O)O[C@@H](C)CC(=O)O[C@@H](C)CC(=O)O[C@@H](C)CC(=O)O[C@@H](C)CC(=O)O[C@@H](C)CC(=O)O[C@@H](C)CC(=O)O[C@@H](C)CC(=O)O[C@@H](C)CC(=O)O[C@@H](C)CC(=O)O[C@@H](C)CC(=O)OCCCC(=O)O[C@@H](C)CC(=O)O[C@@H](C)CC(=O)O[C@@H](C)CC(=O)OCCCC(=O)O[C@@H](C)CC(=O)O[C@@H](C)CC(=O)O[C@@H](C)CC(=O)OCCCC(=O)O[C@@H](C)CC(=O)O[C@@H](C)CC(=O)O[C@@H](C)CC(=O)O[C@@H](C)CC(=O)O[C@@H](C)CC(=O)O[C@@H](C)CC(=O)O[C@@H](C)CC(=O)O[C@@H](C)CC(=O)O[C@@H](C)CC(=O)O[C@@H](C)CC(C)=O,154.0,True
CO[C@@H](C)CC(=O)O[C@@H](C)CC(=O)O[C@@H](C)CC(=O)O[C@@H](C)CC(=O)O[C@@H](C)CC(=O)O[C@@H](C)CC(=O)O[C@@H](C)CC(=O)O[C@@H](C)CC(=O)O[C@@H](C)CC(=O)O[C@@H](C)CC(=O)O[C@@H](C)CC(=O)O[C@@H](C)CC(=O)O[C@@H](C)CC(=O)O[C@@H](C)CC(=O)O[C@@H](C)CC(=O)O[C@@H](C)CC(=O)O[C@@H](C)CC(=O)O[C@@H](C)CC(=O)O[C@@H](C)CC(=O)O[C@@H](C)CC(=O)O[C@@H](C)CC(=O)O[C@@H](C)CC(=O)O[C@@H](C)CC(=O)O[C@@H](C)CC(=O)OCCCC(=O)O[C@@H](C)CC(=O)O[C@@H](C)CC(=O)O[C@@H](C)CC(=O)OCCCC(=O)O[C@@H](C)CC(=O)O[C@@H](C)CC(=O)O[C@@H](C)CC(=O)O[C@@H](C)CC(=O)O[C@@H](C)CC(=O)O[C@@H](C)CC(=O)O[C@@H](C)CC(=O)O[C@@H](C)CC(=O)O[C@@H](C)CC(=O)O[C@@H](C)CC(C)=O,155.0,True
CO[C@@H](C)CC(=O)O[C@@H](C)CC(=O)O[C@@H](C)CC(=O)O[C@@H](C)CC(=O)O[C@@H](C)CC(=O)OCCCC(=O)O[C@@H](C)CC(=O)O[C@@H](C)CC(=O)O[C@@H](C)CC(=O)O[C@@H](C)CC(=O)O[C@@H](C)CC(=O)O[C@@H](C)CC(=O)O[C@@H](C)CC(=O)O[C@@H](C)CC(=O)O[C@@H](C)CC(=O)OCCCC(=O)O[C@@H](C)CC(=O)O[C@@H](C)CC(=O)O[C@@H](C)CC(=O)O[C@@H](C)CC(=O)OCCCC(=O)O[C@@H](C)CC(=O)O[C@@H](C)CC(=O)O[C@@H](C)CC(=O)OCCCC(=O)O[C@@H](C)CC(=O)O[C@@H](C)CC(=O)O[C@@H](C)CC(=O)OCCCC(=O)O[C@@H](C)CC(=O)O[C@@H](C)CC(=O)O[C@@H](C)CC(=O)O[C@@H](C)CC(=O)O[C@@H](C)CC(=O)O[C@@H](C)CC(=O)O[C@@H](C)CC(=O)O[C@@H](C)CC(=O)O[C@@H](C)CC(=O)O[C@@H](C)CC(C)=O,155.0,True
CO[C@@H](C)CC(=O)O[C@@H](C)CC(=O)O[C@@H](C)CC(=O)O[C@@H](C)CC(=O)O[C@@H](C)CC(=O)O[C@@H](C)CC(=O)O[C@@H](C)CC(=O)O[C@@H](C)CC(=O)O[C@@H](C)CC(=O)O[C@@H](C)CC(=O)O[C@@H](C)CC(=O)O[C@@H](C)CC(=O)O[C@@H](C)CC(=O)O[C@@H](C)CC(=O)O[C@@H](C)CC(=O)O[C@@H](C)CC(=O)O[C@@H](C)CC(=O)O[C@@H](C)CC(=O)O[C@@H](C)CC(=O)O[C@@H](C)CC(=O)O[C@@H](C)CC(=O)O[C@@H](C)CC(=O)O[C@@H](C)CC(=O)O[C@@H](C)CC(=O)OCCCC(=O)O[C@@H](C)CC(=O)O[C@@H](C)CC(=O)O[C@@H](C)CC(=O)O[C@@H](C)CC(=O)O[C@@H](C)CC(=O)O[C@@H](C)CC(=O)O[C@@H](C)CC(=O)O[C@@H](C)CC(=O)O[C@@H](C)CC(=O)O[C@@H](C)CC(=O)O[C@@H](C)CC(=O)O[C@@H](C)CC(=O)O[C@@H](C)CC(=O)O[C@@H](C)CC(C)=O,157.0,True
CO[C@@H](C)CC(=O)O[C@@H](C)CC(=O)O[C@@H](C)CC(=O)O[C@@H](C)CC(=O)O[C@@H](C)CC(=O)OCCCC(=O)O[C@@H](C)CC(=O)O[C@@H](C)CC(=O)O[C@@H](C)CC(=O)O[C@@H](C)CC(=O)O[C@@H](C)CC(=O)O[C@@H](C)CC(=O)O[C@@H](C)CC(=O)O[C@@H](C)CC(=O)O[C@@H](C)CC(=O)OCCCC(=O)O[C@@H](C)CC(=O)O[C@@H](C)CC(=O)O[C@@H](C)CC(=O)O[C@@H](C)CC(=O)OCCCC(=O)O[C@@H](C)CC(=O)O[C@@H](C)CC(=O)O[C@@H](C)CC(=O)OCCCC(=O)O[C@@H](C)CC(=O)O[C@@H](C)CC(=O)O[C@@H](C)CC(=O)OCCCC(=O)O[C@@H](C)CC(=O)O[C@@H](C)CC(=O)O[C@@H](C)CC(=O)O[C@@H](C)CC(=O)O[C@@H](C)CC(=O)O[C@@H](C)CC(=O)O[C@@H](C)CC(=O)O[C@@H](C)CC(=O)O[C@@H](C)CC(=O)O[C@@H](C)CC(C)=O,157.0,True
CO[C@H](C)CC(=O)O[C@H](C)CC(=O)O[C@H](C)CC(=O)OCCCC(=O)O[C@H](C)CC(=O)O[C@H](C)CC(=O)O[C@H](C)CC(=O)O[C@H](C)CC(=O)O[C@H](C)CC(=O)O[C@H](C)CC(=O)O[C@H](C)CC(=O)O[C@H](C)CC(=O)O[C@H](C)CC(=O)O[C@H](C)CC(=O)O[C@H](C)CC(=O)OCCCC(=O)OCCCC(=O)O[C@H](C)CC(=O)O[C@H](C)CC(=O)O[C@H](C)CC(=O)O[C@H](C)CC(=O)O[C@H](C)CC(=O)OCCCC(=O)O[C@H](C)CC(=O)O[C@H](C)CC(=O)O[C@H](C)CC(=O)OCCCC(=O)O[C@H](C)CC(=O)O[C@H](C)CC(=O)O[C@H](C)CC(=O)OCCCC(=O)O[C@H](C)CC(=O)O[C@H](C)CC(=O)O[C@H](C)CC(=O)O[C@H](C)CC(=O)O[C@H](C)CC(=O)O[C@H](C)CC(=O)O[C@H](C)CC(=O)O[C@H](C)CC(=O)O[C@H](C)CC(C)=O,158.0,True
CO[C@H](C)CC(=O)O[C@H](C)CC(=O)OCCCC(=O)OCCCC(=O)OCCCC(=O)OCCCC(=O)OCCCC(=O)OCCCC(=O)O[C@H](C)CC(=O)OCCCC(=O)OCCCC(=O)OCCCC(=O)OCCCC(=O)OCCCC(=O)OCCCC(=O)OCCCC(=O)OCCCC(=O)OCCCC(=O)OCCCC(=O)OCCCC(=O)OCCCC(=O)OCCCC(=O)OCCCC(=O)OCCCC(=O)OCCCC(=O)OCCCC(=O)OCCCC(=O)OCCCC(=O)O[C@H](C)CC(=O)O[C@H](C)CC(=O)OCCCC(=O)OCCCC(=O)O[C@H](C)CC(=O)O[C@H](C)CC(=O)O[C@H](C)CC(=O)OCCCC(=O)OCCCC(=O)OCCCC(=O)O[C@H](C)CC(=O)O[C@H](C)CC(C)=O,158.0,True
CO[C@@H](C)CC(=O)O[C@@H](C)CC(=O)O[C@@H](C)CC(=O)O[C@@H](C)CC(=O)O[C@@H](C)CC(=O)OCCCC(=O)O[C@@H](C)CC(=O)O[C@@H](C)CC(=O)O[C@@H](C)CC(=O)O[C@@H](C)CC(=O)O[C@@H](C)CC(=O)O[C@@H](C)CC(=O)O[C@@H](C)CC(=O)O[C@@H](C)CC(=O)O[C@@H](C)CC(=O)O[C@@H](C)CC(=O)O[C@@H](C)CC(=O)O[C@@H](C)CC(=O)O[C@@H](C)CC(=O)O[C@@H](C)CC(=O)OCCCC(=O)O[C@@H](C)CC(=O)O[C@@H](C)CC(=O)O[C@@H](C)CC(=O)OCCCC(=O)O[C@@H](C)CC(=O)O[C@@H](C)CC(=O)O[C@@H](C)CC(=O)OCCCC(=O)O[C@@H](C)CC(=O)O[C@@H](C)CC(=O)O[C@@H](C)CC(=O)O[C@@H](C)CC(=O)O[C@@H](C)CC(=O)O[C@@H](C)CC(=O)O[C@@H](C)CC(=O)O[C@@H](C)CC(=O)O[C@@H](C)CC(=O)O[C@@H](C)CC(C)=O,160.0,True
CO[C@@H](C)CC(=O)O[C@@H](C)CC(=O)O[C@@H](C)CC(=O)O[C@@H](C)CC(=O)O[C@@H](C)CC(=O)O[C@@H](C)CC(=O)O[C@@H](C)CC(=O)O[C@@H](C)CC(=O)O[C@@H](C)CC(=O)O[C@@H](C)CC(=O)O[C@@H](C)CC(=O)O[C@@H](C)CC(=O)O[C@@H](C)CC(=O)O[C@@H](C)CC(=O)O[C@@H](C)CC(=O)O[C@@H](C)CC(=O)O[C@@H](C)CC(=O)O[C@@H](C)CC(=O)O[C@@H](C)CC(=O)O[C@@H](C)CC(=O)OCCCC(=O)O[C@@H](C)CC(=O)O[C@@H](C)CC(=O)O[C@@H](C)CC(=O)OCCCC(=O)O[C@@H](C)CC(=O)O[C@@H](C)CC(=O)O[C@@H](C)CC(=O)OCCCC(=O)O[C@@H](C)CC(=O)O[C@@H](C)CC(=O)O[C@@H](C)CC(=O)O[C@@H](C)CC(=O)O[C@@H](C)CC(=O)O[C@@H](C)CC(=O)O[C@@H](C)CC(=O)O[C@@H](C)CC(=O)O[C@@H](C)CC(=O)O[C@@H](C)CC(C)=O,161.0,True
CO[C@@H](C)CC(=O)OCCCC(=O)O[C@@H](C)CC(=O)O[C@@H](C)CC(=O)O[C@@H](C)CC(=O)OCCCC(=O)OCCCC(=O)OCCCC(=O)OCCCC(=O)O[C@@H](C)CC(=O)O[C@@H](C)CC(=O)O[C@@H](C)CC(=O)O[C@@H](C)CC(=O)O[C@@H](C)CC(=O)O[C@@H](C)CC(=O)OCCCC(=O)O[C@@H](C)CC(=O)OCCCC(=O)O[C@@H](C)CC(=O)O[C@@H](C)CC(=O)OCCCC(=O)O[C@@H](C)CC(=O)O[C@@H](C)CC(=O)O[C@@H](C)CC(=O)OCCCC(=O)OCCCC(=O)O[C@@H](C)CC(=O)O[C@@H](C)CC(=O)OCCCC(=O)O[C@@H](C)CC(=O)O[C@@H](C)CC(=O)O[C@@H](C)CC(=O)O[C@@H](C)CC(=O)O[C@@H](C)CC(=O)O[C@@H](C)CC(=O)O[C@@H](C)CC(=O)O[C@@H](C)CC(=O)O[C@@H](C)CC(=O)O[C@@H](C)CC(C)=O,162.0,True
COCCCC(=O)OCCCC(=O)O[C@@H](C)CC(=O)O[C@@H](C)CC(=O)O[C@@H](C)CC(=O)OCCCC(=O)OCCCC(=O)OCCCC(=O)OCCCC(=O)OCCCC(=O)OCCCC(=O)OCCCC(=O)O[C@@H](C)CC(=O)O[C@@H](C)CC(=O)O[C@@H](C)CC(=O)OCCCC(=O)OCCCC(=O)OCCCC(=O)OCCCC(=O)OCCCC(=O)OCCCC(=O)OCCCC(=O)OCCCC(=O)O[C@@H](C)CC(=O)OCCCC(=O)OCCCC(=O)O[C@@H](C)CC(=O)O[C@@H](C)CC(=O)OCCCC(=O)O[C@@H](C)CC(=O)OCCCC(=O)O[C@@H](C)CC(=O)O[C@@H](C)CC(=O)O[C@@H](C)CC(=O)O[C@@H](C)CC(=O)O[C@@H](C)CC(=O)OCCCC(=O)O[C@@H](C)CC(=O)O[C@@H](C)CC(C)=O,162.0,True
CO[C@@H](C)CC(=O)O[C@@H](C)CC(=O)O[C@@H](C)CC(=O)O[C@@H](C)CC(=O)O[C@@H](C)CC(=O)O[C@@H](C)CC(=O)O[C@@H](C)CC(=O)O[C@@H](C)CC(=O)O[C@@H](C)CC(=O)O[C@@H](C)CC(=O)O[C@@H](C)CC(=O)O[C@@H](C)CC(=O)O[C@@H](C)CC(=O)O[C@@H](C)CC(=O)O[C@@H](C)CC(=O)O[C@@H](C)CC(=O)O[C@@H](C)CC(=O)O[C@@H](C)CC(=O)O[C@@H](C)CC(=O)O[C@@H](C)CC(=O)OCCCC(=O)O[C@@H](C)CC(=O)O[C@@H](C)CC(=O)O[C@@H](C)CC(=O)OCCCC(=O)O[C@@H](C)CC(=O)O[C@@H](C)CC(=O)O[C@@H](C)CC(=O)OCCCC(=O)O[C@@H](C)CC(=O)O[C@@H](C)CC(=O)O[C@@H](C)CC(=O)O[C@@H](C)CC(=O)O[C@@H](C)CC(=O)O[C@@H](C)CC(=O)O[C@@H](C)CC(=O)O[C@@H](C)CC(=O)O[C@@H](C)CC(=O)O[C@@H](C)CC(C)=O,162.0,True
CO[C@@H](C)CC(=O)O[C@@H](C)CC(=O)O[C@@H](C)CC(=O)O[C@@H](C)CC(=O)O[C@@H](C)CC(=O)O[C@@H](C)CC(=O)O[C@@H](C)CC(=O)O[C@@H](C)CC(=O)O[C@@H](C)CC(=O)O[C@@H](C)CC(=O)O[C@@H](C)CC(=O)O[C@@H](C)CC(=O)O[C@@H](C)CC(=O)O[C@@H](C)CC(=O)O[C@@H](C)CC(=O)O[C@@H](C)CC(=O)O[C@@H](C)CC(=O)O[C@@H](C)CC(=O)O[C@@H](C)CC(=O)O[C@@H](C)CC(=O)O[C@@H](C)CC(=O)O[C@@H](C)CC(=O)O[C@@H](C)CC(=O)O[C@@H](C)CC(=O)OCCCC(=O)O[C@@H](C)CC(=O)O[C@@H](C)CC(=O)O[C@@H](C)CC(=O)OCCCC(=O)O[C@@H](C)CC(=O)O[C@@H](C)CC(=O)O[C@@H](C)CC(=O)O[C@@H](C)CC(=O)O[C@@H](C)CC(=O)O[C@@H](C)CC(=O)O[C@@H](C)CC(=O)O[C@@H](C)CC(=O)O[C@@H](C)CC(=O)O[C@@H](C)CC(C)=O,163.0,True
CO[C@@H](C)CC(=O)O[C@@H](C)CC(=O)O[C@@H](C)CC(=O)O[C@@H](C)CC(=O)O[C@@H](C)CC(=O)O[C@@H](C)CC(=O)O[C@@H](C)CC(=O)O[C@@H](C)CC(=O)O[C@@H](C)CC(=O)O[C@@H](C)CC(=O)O[C@@H](C)CC(=O)O[C@@H](C)CC(=O)O[C@@H](C)CC(=O)O[C@@H](C)CC(=O)O[C@@H](C)CC(=O)O[C@@H](C)CC(=O)O[C@@H](C)CC(=O)O[C@@H](C)CC(=O)O[C@@H](C)CC(=O)O[C@@H](C)CC(=O)O[C@@H](C)CC(=O)O[C@@H](C)CC(=O)O[C@@H](C)CC(=O)O[C@@H](C)CC(=O)OCCCC(=O)O[C@@H](C)CC(=O)O[C@@H](C)CC(=O)O[C@@H](C)CC(=O)O[C@@H](C)CC(=O)O[C@@H](C)CC(=O)O[C@@H](C)CC(=O)O[C@@H](C)CC(=O)O[C@@H](C)CC(=O)O[C@@H](C)CC(=O)O[C@@H](C)CC(=O)O[C@@H](C)CC(=O)O[C@@H](C)CC(=O)O[C@@H](C)CC(=O)O[C@@H](C)CC(C)=O,163.0,True
CO[C@@H](C)CC(=O)O[C@@H](C)CC(=O)O[C@@H](C)CC(=O)O[C@@H](C)CC(=O)O[C@@H](C)CC(=O)O[C@@H](C)CC(=O)O[C@@H](C)CC(=O)O[C@@H](C)CC(=O)O[C@@H](C)CC(=O)O[C@@H](C)CC(=O)O[C@@H](C)CC(=O)O[C@@H](C)CC(=O)O[C@@H](C)CC(=O)O[C@@H](C)CC(=O)O[C@@H](C)CC(=O)O[C@@H](C)CC(=O)O[C@@H](C)CC(=O)O[C@@H](C)CC(=O)O[C@@H](C)CC(=O)O[C@@H](C)CC(=O)O[C@@H](C)CC(=O)O[C@@H](C)CC(=O)O[C@@H](C)CC(=O)O[C@@H](C)CC(=O)OCCCC(=O)O[C@@H](C)CC(=O)O[C@@H](C)CC(=O)O[C@@H](C)CC(=O)O[C@@H](C)CC(=O)O[C@@H](C)CC(=O)O[C@@H](C)CC(=O)O[C@@H](C)CC(=O)O[C@@H](C)CC(=O)O[C@@H](C)CC(=O)O[C@@H](C)CC(=O)O[C@@H](C)CC(=O)O[C@@H](C)CC(=O)O[C@@H](C)CC(=O)O[C@@H](C)CC(C)=O,165.0,True
CCCCC[C@H](CC(=O)O[C@H](CCCCC)CC(=O)O[C@H](CCCCC)CC(=O)O[C@H](CCCCC)CC(=O)O[C@H](CCCCC)CC(=O)O[C@H](CCCCC)CC(=O)O[C@H](CCCCC)CC(=O)O[C@H](CCCCC)CC(=O)O[C@H](CCCCC)CC(=O)O[C@H](CCCCC)CC(=O)O[C@H](CCCCC)CC(=O)O[C@H](CCCCC)CC(=O)O[C@H](CCCCC)CC(=O)O[C@H](CCCCC)CC(=O)O[C@H](CCCCC)CC(=O)O[C@H](CCCCC)CC(=O)O[C@H](CCCCC)CC(=O)O[C@H](CCCCC)CC(=O)O[C@H](CCCCC)CC(=O)O[C@H](CCCCC)CC(=O)O[C@H](CCCCC)CC(=O)O[C@H](CCCCC)CC(=O)O[C@H](CCCCC)CC(=O)O[C@H](CCCCC)CC(=O)O[C@H](CCCCC)CC(=O)O[C@H](CCCCC)CC(=O)O[C@H](CCCCC)CC(=O)O[C@H](CCCCC)CC(=O)O[C@H](CCCCC)CC(=O)O[C@H](CCCCC)CC(=O)O[C@H](CCCCC)CC(=O)O[C@H](CCCCC)CC(=O)O[C@H](CCCCC)CC(=O)O[C@H](CCCCC)CC(=O)O[C@H](CCCCC)CC(=O)O[C@H](CCCCC)CC(=O)O[C@H](CCCCC)CC(=O)O[C@H](CCCCC)CC(=O)O[C@H](CCCCC)CC(C)=O)OC,66.1,True
COCCCC(=O)OCCCC(=O)OCCC(=O)OCCCC(=O)OCCCC(=O)OCCCC(=O)OCCCC(=O)OCCCC(=O)OCCCC(=O)OCCCC(=O)OCCCC(=O)OCCCC(=O)OCCCC(=O)OCCC(=O)OCCCC(=O)OCCCC(=O)OCCCC(=O)OCCCC(=O)OCCCC(=O)OCCCC(=O)OCCCC(=O)OCCCC(=O)OCCCC(=O)OCCCC(=O)OCCCC(=O)OCCCC(=O)OCCC(=O)OCCC(=O)OCCCC(=O)OCCCC(=O)OCCCC(=O)OCCC(=O)OCCC(=O)OCCCC(=O)OCCCC(=O)OCCCC(=O)OCCCC(=O)OCCC(=O)OCCCC(C)=O,35.7,True
COCCC(=O)OCCC(=O)OCCC(=O)OCCC(=O)OCCC(=O)OCCCC(=O)OCCC(=O)OCCC(=O)OCCC(=O)OCCC(=O)OCCC(=O)OCCC(=O)OCCC(=O)OCCC(=O)OCCC(=O)OCCC(=O)OCCC(=O)OCCC(=O)OCCC(=O)OCCC(=O)OCCCC(=O)OCCC(=O)OCCC(=O)OCCC(=O)OCCCC(=O)OCCC(=O)OCCC(=O)OCCC(=O)OCCCC(=O)OCCC(=O)OCCC(=O)OCCC(=O)OCCC(=O)OCCC(=O)OCCC(=O)OCCC(=O)OCCC(=O)OCCC(=O)OCCC(C)=O,61.7,True
COCCC(=O)OCCCC(=O)OCCC(=O)OCCC(=O)OCCC(=O)OCCCC(=O)OCCC(=O)OCCCC(=O)OCCCC(=O)OCCC(=O)OCCC(=O)OCCC(=O)OCCC(=O)OCCC(=O)OCCC(=O)OCCCC(=O)OCCC(=O)OCCCC(=O)OCCC(=O)OCCC(=O)OCCCC(=O)OCCC(=O)OCCC(=O)OCCC(=O)OCCCC(=O)OCCCC(=O)OCCC(=O)OCCC(=O)OCCCC(=O)OCCC(=O)OCCC(=O)OCCC(=O)OCCC(=O)OCCC(=O)OCCC(=O)OCCC(=O)OCCC(=O)OCCC(=O)OCCC(C)=O,62.7,True
COCCC(=O)OCCCC(=O)OCCC(=O)OCCC(=O)OCCC(=O)OCCCC(=O)OCCCC(=O)OCCCC(=O)OCCCC(=O)OCCC(=O)OCCCC(=O)OCCC(=O)OCCC(=O)OCCC(=O)OCCC(=O)OCCCC(=O)OCCCC(=O)OCCCC(=O)OCCC(=O)OCCCC(=O)OCCCC(=O)OCCCC(=O)OCCC(=O)OCCC(=O)OCCCC(=O)OCCCC(=O)OCCC(=O)OCCC(=O)OCCCC(=O)OCCC(=O)OCCC(=O)OCCC(=O)OCCC(=O)OCCC(=O)OCCC(=O)OCCC(=O)OCCC(=O)OCCC(=O)OCCC(C)=O,63.5,True
COCCCC(=O)OCCCC(=O)OCCC(=O)OCCC(=O)OCCC(=O)OCCCC(=O)OCCCC(=O)OCCCC(=O)OCCCC(=O)OCCCC(=O)OCCCC(=O)OCCCC(=O)OCCC(=O)OCCC(=O)OCCC(=O)OCCCC(=O)OCCCC(=O)OCCCC(=O)OCCCC(=O)OCCCC(=O)OCCCC(=O)OCCCC(=O)OCCCC(=O)OCCCC(=O)OCCCC(=O)OCCCC(=O)OCCC(=O)OCCC(=O)OCCCC(=O)OCCCC(=O)OCCCC(=O)OCCC(=O)OCCC(=O)OCCC(=O)OCCCC(=O)OCCCC(=O)OCCCC(=O)OCCC(=O)OCCC(C)=O,64.8,True
CO[C@H](CCCOc1ccc(C)cc1)CC(=O)O[C@H](CCCOc1ccc(C)cc1)CC(=O)O[C@H](COc1ccc(C)cc1)CC(=O)O[C@H](CCCOc1ccc(C)cc1)CC(=O)O[C@H](COc1ccc(C)cc1)CC(=O)O[C@H](CCCOc1ccc(C)cc1)CC(=O)O[C@H](CCCOc1ccc(C)cc1)CC(=O)O[C@H](CCCOc1ccc(C)cc1)CC(=O)O[C@H](CCCOc1ccc(C)cc1)CC(=O)O[C@H](CCCOc1ccc(C)cc1)CC(=O)O[C@H](CCCOc1ccc(C)cc1)CC(=O)O[C@H](CCCOc1ccc(C)cc1)CC(=O)O[C@H](CCCOc1ccc(C)cc1)CC(=O)O[C@H](COc1ccc(C)cc1)CC(=O)O[C@H](COc1ccc(C)cc1)CC(=O)O[C@H](CCCOc1ccc(C)cc1)CC(=O)O[C@H](CCCOc1ccc(C)cc1)CC(=O)O[C@H](CCCOc1ccc(C)cc1)CC(=O)O[C@H](CCCOc1ccc(C)cc1)CC(=O)O[C@H](CCCOc1ccc(C)cc1)CC(=O)O[C@H](CCCOc1ccc(C)cc1)CC(=O)O[C@H](CCCOc1ccc(C)cc1)CC(=O)O[C@H](CCCOc1ccc(C)cc1)CC(=O)O[C@H](CCCOc1ccc(C)cc1)CC(=O)O[C@H](CCCOc1ccc(C)cc1)CC(=O)O[C@H](CCCOc1ccc(C)cc1)CC(=O)O[C@H](COc1ccc(C)cc1)CC(=O)O[C@H](COc1ccc(C)cc1)CC(=O)O[C@H](CCCOc1ccc(C)cc1)CC(=O)O[C@H](CCCOc1ccc(C)cc1)CC(=O)O[C@H](CCCOc1ccc(C)cc1)CC(=O)O[C@H](COc1ccc(C)cc1)CC(=O)O[C@H](COc1ccc(C)cc1)CC(=O)O[C@H](COc1ccc(C)cc1)CC(=O)O[C@H](CCCOc1ccc(C)cc1)CC(=O)O[C@H](CCCOc1ccc(C)cc1)CC(=O)O[C@H](CCCOc1ccc(C)cc1)CC(=O)O[C@H](COc1ccc(C)cc1)CC(=O)O[C@H](COc1ccc(C)cc1)CC(C)=O,97.0,True
CO[C@H](CCOc1ccc(F)cc1)CC(=O)O[C@H](CCOc1ccc(F)cc1)CC(=O)O[C@H](CCOc1ccc(F)cc1)CC(=O)O[C@H](CCOc1ccc(F)cc1)CC(=O)O[C@H](CCOc1ccc(F)cc1)CC(=O)O[C@H](CCOc1ccc(F)cc1)CC(=O)O[C@H](CCOc1ccc(F)cc1)CC(=O)O[C@H](CCOc1ccc(F)cc1)CC(=O)O[C@H](CCOc1ccc(F)cc1)CC(=O)O[C@H](CCOc1ccc(F)cc1)CC(=O)O[C@H](CCOc1ccc(F)cc1)CC(=O)O[C@H](CCOc1ccc(F)cc1)CC(=O)O[C@H](CCOc1ccc(F)cc1)CC(=O)O[C@H](CCOc1ccc(F)cc1)CC(=O)O[C@H](CCOc1ccc(F)cc1)CC(=O)O[C@H](CCOc1ccc(F)cc1)CC(=O)O[C@H](CCOc1ccc(F)cc1)CC(=O)O[C@H](CCOc1ccc(F)cc1)CC(=O)O[C@H](CCOc1ccc(F)cc1)CC(=O)O[C@H](CCOc1ccc(F)cc1)CC(=O)O[C@H](CCCCOc1ccc(F)cc1)CC(=O)O[C@H](CCOc1ccc(F)cc1)CC(=O)O[C@H](CCOc1ccc(F)cc1)CC(=O)O[C@H](CCOc1ccc(F)cc1)CC(=O)O[C@H](CCCCOc1ccc(F)cc1)CC(=O)O[C@H](CCOc1ccc(F)cc1)CC(=O)O[C@H](CCOc1ccc(F)cc1)CC(=O)O[C@H](CCOc1ccc(F)cc1)CC(=O)O[C@H](CCCCOc1ccc(F)cc1)CC(=O)O[C@H](CCOc1ccc(F)cc1)CC(=O)O[C@H](CCOc1ccc(F)cc1)CC(=O)O[C@H](CCOc1ccc(F)cc1)CC(=O)O[C@H](CCOc1ccc(F)cc1)CC(=O)O[C@H](CCOc1ccc(F)cc1)CC(=O)O[C@H](CCOc1ccc(F)cc1)CC(=O)O[C@H](CCOc1ccc(F)cc1)CC(=O)O[C@H](CCOc1ccc(F)cc1)CC(=O)O[C@H](CCOc1ccc(F)cc1)CC(=O)O[C@H](CCOc1ccc(F)cc1)CC(C)=O,52.0,True
CCCCCCCCC[C@H](CC(=O)O[C@H](CCc1ccccc1)CC(=O)O[C@H](CCCCCCCCC)CC(=O)O[C@H](CCCCCCCCC)CC(=O)O[C@H](CCCCCCCCC)CC(=O)O[C@H](CCc1ccccc1)CC(=O)O[C@H](CCc1ccccc1)CC(=O)O[C@H](CCc1ccccc1)CC(=O)O[C@H](CCc1ccccc1)CC(=O)O[C@H](CCCCCCCCC)CC(=O)O[C@H](CCCCCCCCC)CC(=O)O[C@H](CCCCCCCCC)CC(=O)O[C@H](CCCCCCCCC)CC(=O)O[C@H](CCCCCCCCC)CC(=O)O[C@H](CCCCCCCCC)CC(=O)O[C@H](CCc1ccccc1)CC(=O)O[C@H](CCCCCCCCC)CC(=O)O[C@H](CCc1ccccc1)CC(=O)O[C@H](CCCCCCCCC)CC(=O)O[C@H](CCCCCCCCC)CC(=O)O[C@H](CCc1ccccc1)CC(=O)O[C@H](CCc1ccccc1)CC(=O)O[C@H](CCCCCCCCC)CC(=O)O[C@H](CCCCCCCCC)CC(=O)O[C@H](CCc1ccccc1)CC(=O)O[C@H](CCc1ccccc1)CC(=O)O[C@H](CCCCCCCCC)CC(=O)O[C@H](CCCCCCCCC)CC(=O)O[C@H](CCc1ccccc1)CC(=O)O[C@H](CCCCCCCCC)CC(=O)O[C@H](CCCCCCCCC)CC(=O)O[C@H](CCCCCCCCC)CC(=O)O[C@H](CCCCCCCCC)CC(=O)O[C@H](CCCCCCCCC)CC(=O)O[C@H](CCCCCCCCC)CC(=O)O[C@H](CCCCCCCCC)CC(=O)O[C@H](CCCCCCCCC)CC(=O)O[C@H](CCCCCCCCC)CC(=O)O[C@H](CCCCCCCCC)CC(C)=O)OC,75.8,True
CCCCCCCCC[C@H](CC(=O)O[C@H](CCc1ccccc1)CC(=O)O[C@H](CCCCCCCCC)CC(=O)O[C@H](CCCCCCCCC)CC(=O)O[C@H](CCCCCCCCC)CC(=O)O[C@H](CCc1ccccc1)CC(=O)O[C@H](CCCCCCCCC)CC(=O)O[C@H](CCCCCCCCC)CC(=O)O[C@H](CCCCCCCCC)CC(=O)O[C@H](CCCCCCCCC)CC(=O)O[C@H](CCCCCCCCC)CC(=O)O[C@H](CCCCCCCCC)CC(=O)O[C@H](CCCCCCCCC)CC(=O)O[C@H](CCCCCCCCC)CC(=O)O[C@H](CCCCCCCCC)CC(=O)O[C@H](CCc1ccccc1)CC(=O)O[C@H](CCCCCCCCC)CC(=O)O[C@H](CCCCCCCCC)CC(=O)O[C@H](CCCCCCCCC)CC(=O)O[C@H](CCCCCCCCC)CC(=O)O[C@H](CCc1ccccc1)CC(=O)O[C@H](CCCCCCCCC)CC(=O)O[C@H](CCCCCCCCC)CC(=O)O[C@H](CCCCCCCCC)CC(=O)O[C@H](CCc1ccccc1)CC(=O)O[C@H](CCc1ccccc1)CC(=O)O[C@H](CCCCCCCCC)CC(=O)O[C@H](CCCCCCCCC)CC(=O)O[C@H](CCc1ccccc1)CC(=O)O[C@H](CCCCCCCCC)CC(=O)O[C@H](CCCCCCCCC)CC(=O)O[C@H](CCCCCCCCC)CC(=O)O[C@H](CCCCCCCCC)CC(=O)O[C@H](CCCCCCCCC)CC(=O)O[C@H](CCCCCCCCC)CC(=O)O[C@H](CCCCCCCCC)CC(=O)O[C@H](CCCCCCCCC)CC(=O)O[C@H](CCCCCCCCC)CC(=O)O[C@H](CCCCCCCCC)CC(C)=O)OC,80.1,True
CCCCCCCCC[C@H](CC(=O)O[C@H](CCCCCCCCC)CC(=O)O[C@H](CCCCCCCCC)CC(=O)O[C@H](CCCCCCCCC)CC(=O)O[C@H](CCCCCCCCC)CC(=O)O[C@H](CCCCCCCCC)CC(=O)O[C@H](CCCCCCCCC)CC(=O)O[C@H](CCCCCCCCC)CC(=O)O[C@H](CCCCCCCCC)CC(=O)O[C@H](CCCCCCCCC)CC(=O)O[C@H](CCCCCCCCC)CC(=O)O[C@H](CCCCCCCCC)CC(=O)O[C@H](CCCCCCCCC)CC(=O)O[C@H](CCCCCCCCC)CC(=O)O[C@H](CCCCCCCCC)CC(=O)O[C@H](CCCCCCCCC)CC(=O)O[C@H](CCCCCCCCC)CC(=O)O[C@H](CCCCCCCCC)CC(=O)O[C@H](CCCCCCCCC)CC(=O)O[C@H](CCCCCCCCC)CC(=O)O[C@H](CCCCCCCCC)CC(=O)O[C@H](CCCCCCCCC)CC(=O)O[C@H](CCCCCCCCC)CC(=O)O[C@H](CCCCCCCCC)CC(=O)O[C@H](CCc1ccccc1)CC(=O)O[C@H](CCCCCCCCC)CC(=O)O[C@H](CCCCCCCCC)CC(=O)O[C@H](CCCCCCCCC)CC(=O)O[C@H](CCCCCCCCC)CC(=O)O[C@H](CCCCCCCCC)CC(=O)O[C@H](CCCCCCCCC)CC(=O)O[C@H](CCCCCCCCC)CC(=O)O[C@H](CCCCCCCCC)CC(=O)O[C@H](CCCCCCCCC)CC(=O)O[C@H](CCCCCCCCC)CC(=O)O[C@H](CCCCCCCCC)CC(=O)O[C@H](CCCCCCCCC)CC(=O)O[C@H](CCCCCCCCC)CC(=O)O[C@H](CCCCCCCCC)CC(C)=O)OC,81.0,True
CCCCCCCCC[C@H](CC(=O)O[C@H](CCCCCCCCC)CC(=O)O[C@H](CCCCCCC)CC(=O)O[C@H](CCCCCCCCC)CC(=O)O[C@H](CCCCCCCCC)CC(=O)O[C@H](CCCCCCCCC)CC(=O)O[C@H](CCCCCCCCC)CC(=O)O[C@H](CCCCCCCCC)CC(=O)O[C@H](CCCCCCCCC)CC(=O)O[C@H](CCCCCCCCC)CC(=O)O[C@H](CCCCCCCCC)CC(=O)O[C@H](CCCCCCCCC)CC(=O)O[C@H](CCCCCCCCC)CC(=O)O[C@H](CCCCCCC)CC(=O)O[C@H](CCCCCCCCC)CC(=O)O[C@H](CCCCCCCCC)CC(=O)O[C@H](CCCCCCCCC)CC(=O)O[C@H](CCCCCCCCC)CC(=O)O[C@H](CCCCCCCCC)CC(=O)O[C@H](CCCCCCCCC)CC(=O)O[C@H](CCCCCCCCC)CC(=O)O[C@H](CCCCCCCCC)CC(=O)O[C@H](CCCCCCCCC)CC(=O)O[C@H](CCCCCCCCC)CC(=O)O[C@H](CCCCCCCCC)CC(=O)O[C@H](CCCCCCCCC)CC(=O)O[C@H](CCCCCCC)CC(=O)O[C@H](CCCCCCC)CC(=O)O[C@H](CCCCCCCCC)CC(=O)O[C@H](CCCCCCCCC)CC(=O)O[C@H](CCCCCCCCC)CC(=O)O[C@H](CCCCCCC)CC(=O)O[C@H](CCCCCCCCC)CC(=O)O[C@H](CCCCCCCCC)CC(=O)O[C@H](CCCCCCCCC)CC(=O)O[C@H](CCCCCCCCC)CC(=O)O[C@H](CCCCCCCCC)CC(=O)O[C@H](CCCCCCC)CC(=O)O[C@H](CCCCCCCCC)CC(C)=O)OC,77.6,True
CCCCC[C@H](CC(=O)O[C@H](CCCCC)CC(=O)O[C@H](CCCCC)CC(=O)O[C@H](CCCCC)CC(=O)O[C@H](CCCCC)CC(=O)O[C@H](CCCCC)CC(=O)O[C@H](CCCCC)CC(=O)O[C@H](CCCCC)CC(=O)O[C@H](CCCCC)CC(=O)O[C@H](CCCCC)CC(=O)O[C@H](CCCCC)CC(=O)O[C@H](CCCCC)CC(=O)O[C@H](CCCCC)CC(=O)O[C@H](CCCCC)CC(=O)O[C@H](CCCCC)CC(=O)O[C@H](CCCCC)CC(=O)O[C@H](CCCCC)CC(=O)O[C@H](CCCCC)CC(=O)O[C@H](CCCCC)CC(=O)O[C@H](CCCCC)CC(=O)O[C@H](CCCCC)CC(=O)O[C@H](CCCCC)CC(=O)O[C@H](CCCCC)CC(=O)O[C@H](CCCCC)CC(=O)O[C@H](CCCCC)CC(=O)O[C@H](CCCCC)CC(=O)O[C@H](CCCCC)CC(=O)O[C@H](CCC)CC(=O)O[C@H](CCCCC)CC(=O)O[C@H](CCCCC)CC(=O)O[C@H](CCCCC)CC(=O)O[C@H](CCCCC)CC(=O)O[C@H](CCCCC)CC(=O)O[C@H](CCCCC)CC(=O)O[C@H](CCCCC)CC(=O)O[C@H](CCCCC)CC(=O)O[C@H](CCCCC)CC(=O)O[C@H](CCC)CC(=O)O[C@H](CCCCC)CC(C)=O)OC,61.0,True
CCCCCCC[C@H](CC(=O)O[C@H](CCCCCCC)CC(=O)O[C@H](CCCCCCC)CC(=O)O[C@H](CCCCCCC)CC(=O)O[C@H](CCCCCCC)CC(=O)O[C@H](CCCCCCC)CC(=O)O[C@H](CCCCCCC)CC(=O)O[C@H](CCCCCCC)CC(=O)O[C@H](CCCCCCC)CC(=O)O[C@H](CCCCCCC)CC(=O)O[C@H](CCCCCCC)CC(=O)O[C@H](CCCCCCC)CC(=O)O[C@H](CCCCCCC)CC(=O)O[C@H](CCCCCCC)CC(=O)O[C@H](CCCCCCC)CC(=O)O[C@H](CCCCCCC)CC(=O)O[C@H](CCCCCCC)CC(=O)O[C@H](CCCCCCC)CC(=O)O[C@H](CCCCCCC)CC(=O)O[C@H](CCCCCCC)CC(=O)O[C@H](CCCCCCC)CC(=O)O[C@H](CCCCCCC)CC(=O)O[C@H](CCCCCCC)CC(=O)O[C@H](CCCCCCC)CC(=O)O[C@H](CCCCCCC)CC(=O)O[C@H](CCCCCCC)CC(=O)O[C@H](CCCCC)CC(=O)O[C@H](CCCCC)CC(=O)O[C@H](CCCCCCC)CC(=O)O[C@H](CCCCCCC)CC(=O)O[C@H](CCCCCCC)CC(=O)O[C@H](CCCCCCC)CC(=O)O[C@H](CCCCCCC)CC(=O)O[C@H](CCCCCCC)CC(=O)O[C@H](CCCCCCC)CC(=O)O[C@H](CCCCCCC)CC(=O)O[C@H](CCCCCCC)CC(=O)O[C@H](CCCCC)CC(=O)O[C@H](CCCCCCC)CC(C)=O)OC,69.4,True
CCCCCCCCC[C@H](CC(=O)O[C@H](CCCCCCCCC)CC(=O)O[C@H](CCCCCCC)CC(=O)O[C@H](CCCCCCC)CC(=O)O[C@H](CCCCCCC)CC(=O)O[C@H](CCCCCCCCC)CC(=O)O[C@H](CCCCCCCCC)CC(=O)O[C@H](CCCCCCCCC)CC(=O)O[C@H](CCCCCCCCC)CC(=O)O[C@H](CCCCCCCCC)CC(=O)O[C@H](CCCCCCCCC)CC(=O)O[C@H](CCCCCCCCC)CC(=O)O[C@H](CCCCCCC)CC(=O)O[C@H](CCCCCCC)CC(=O)O[C@H](CCCCCCC)CC(=O)O[C@H](CCCCCCCCC)CC(=O)O[C@H](CCCCCCCCC)CC(=O)O[C@H](CCCCCCCCC)CC(=O)O[C@H](CCCCCCCCC)CC(=O)O[C@H](CCCCCCCCC)CC(=O)O[C@H](CCCCCCCCC)CC(=O)O[C@H](CCCCCCCCC)CC(=O)O[C@H](CCCCCCCCC)CC(=O)O[C@H](CCCCCCC)CC(=O)O[C@H](CCCCCCCCC)CC(=O)O[C@H](CCCCCCCCC)CC(=O)O[C@H](CCCCCCC)CC(=O)O[C@H](CCCCCCC)CC(=O)O[C@H](CCCCCCCCC)CC(=O)O[C@H](CCCCCCC)CC(=O)O[C@H](CCCCCCCCC)CC(=O)O[C@H](CCCCCCC)CC(=O)O[C@H](CCCCCCC)CC(=O)O[C@H](CCCCCCC)CC(=O)O[C@H](CCCCCCC)CC(=O)O[C@H](CCCCCCC)CC(=O)O[C@H](CCCCCCCCC)CC(=O)O[C@H](CCCCCCC)CC(=O)O[C@H](CCCCCCC)CC(C)=O)OC,74.9,True
CO[C@@H](C)CC(=O)OCCCCC(=O)O[C@@H](C)CC(=O)O[C@@H](C)CC(=O)O[C@@H](C)CC(=O)OCCCCC(=O)O[C@@H](C)CC(=O)O[C@@H](C)CC(=O)OCCCCC(=O)O[C@@H](C)CC(=O)O[C@@H](C)CC(=O)O[C@@H](C)CC(=O)O[C@@H](C)CC(=O)O[C@@H](C)CC(=O)O[C@@H](C)CC(=O)OCCCCC(=O)O[C@@H](C)CC(=O)O[C@@H](C)CC(=O)O[C@@H](C)CC(=O)O[C@@H](C)CC(=O)OCCCCC(=O)O[C@@H](C)CC(=O)O[C@@H](C)CC(=O)O[C@@H](C)CC(=O)OCCCCC(=O)OCCCCC(=O)O[C@@H](C)CC(=O)O[C@@H](C)CC(=O)OCCCCC(=O)O[C@@H](C)CC(=O)O[C@@H](C)CC(=O)O[C@@H](C)CC(=O)O[C@@H](C)CC(=O)O[C@@H](C)CC(=O)O[C@@H](C)CC(=O)O[C@@H](C)CC(=O)O[C@@H](C)CC(=O)O[C@@H](C)CC(=O)O[C@@H](C)CC(C)=O,133.0,True
CCC[C@@H](CC(=O)O[C@H](C)CC(=O)O[C@H](C)CC(=O)O[C@H](C)CC(=O)O[C@@H](CCC)CC(=O)O[C@H](C)CC(=O)O[C@H](C)CC(=O)O[C@H](C)CC(=O)O[C@H](C)CC(=O)O[C@H](C)CC(=O)O[C@H](C)CC(=O)O[C@H](C)CC(=O)O[C@H](C)CC(=O)O[C@H](C)CC(C)=O)OC(=O)C[C@@H](C)OC(=O)C[C@@H](C)OC(=O)C[C@@H](C)OC(=O)C[C@H](CCC)OC(=O)C[C@@H](C)OC(=O)C[C@@H](C)OC(=O)C[C@@H](C)OC(=O)C[C@@H](C)OC(=O)C[C@@H](C)OC(=O)C[C@@H](C)OC(=O)C[C@@H](C)OC(=O)C[C@@H](C)OC(=O)C[C@@H](C)OC(=O)C[C@@H](C)OC(=O)C[C@@H](C)OC(=O)C[C@@H](C)OC(=O)C[C@@H](C)OC(=O)C[C@@H](C)OC(=O)C[C@@H](C)OC(=O)C[C@@H](C)OC(=O)C[C@@H](C)OC(=O)C[C@@H](C)OC(=O)C[C@H](CCC)OC(=O)C[C@@H](C)OC(=O)C[C@@H](C)OC(=O)C[C@@H](C)OC,127.0,True
COCCCCCCOC(=O)OCCCCCCOC(=O)OCCCCCCOC(=O)OCCCCCCOC(=O)OCCCCCCOC(=O)OCCCCCCOC(=O)OCCCCCCOC(=O)OCCCCCCOC(=O)OCCCCCCOC(=O)OCCCCCCOC(=O)OCCCCCCOC(=O)OCCCCCCOC(=O)OCCCCCCOC(=O)OCCCCCCOC(=O)OCCCCCCOC(=O)OCCCCCCOC(=O)OCCCCCCOC(=O)OCCCCCCOC(=O)OCCCCCCOC(=O)OCCCCCCOC(=O)OCCCCCCOC(=O)OCCCCCCOC(=O)OCCCCCCOC(=O)OCCCCCCOC(=O)OCCCCCCOC(=O)OCCCCCCOC(=O)OCCCCCCOC(=O)OCCCCCCOC(=O)OCCCCCCOC(=O)OCCCCCCOC(=O)OCCCCCCOC(=O)OCCCCCCOC(=O)OCCCCCCOC(=O)OCCCCCCOC(=O)OCCCCCCOC(=O)OCCCCCCOC(=O)OCCCCCCOC(=O)OCCCCCCOC(=O)OCCCCCCOC(=O)OCCCCCCOC(C)=O,60.0,True
COCCCCCCOC(=O)CCC(=O)OCCCCCCOC(=O)CCC(=O)OCCCCCCOC(=O)CCC(=O)OCCCCCCOC(=O)CCC(=O)OCCCCCCOC(=O)CCC(=O)OCCCCCCOC(=O)CCC(=O)OCCCCCCOC(=O)CCC(=O)OCCCCCCOC(=O)CCC(=O)OCCCCCCOC(=O)CCC(=O)OCCCCCCOC(=O)CCC(=O)OCCCCCCOC(=O)CCC(=O)OCCCCCCOC(=O)CCC(=O)OCCCCCCOC(=O)CCC(=O)OCCCCCCOC(=O)CCC(=O)OCCCCCCOC(=O)CCC(=O)OCCCCCCOC(=O)CCC(=O)OCCCCCCOC(=O)CCC(=O)OCCCCCCOC(=O)CCC(=O)OCCCCCCOC(=O)CCC(=O)OCCCCCCOC(=O)CCC(=O)OCCCCCCOC(=O)CCC(=O)OCCCCCCOC(=O)CCC(=O)OCCCCCCOC(=O)CCC(=O)OCCCCCCOC(=O)CCC(=O)OCCCCCCOC(=O)CCC(=O)OCCCCCCOC(=O)CCC(=O)OCCCCCCOC(=O)CCC(=O)OCCCCCCOC(=O)CCC(=O)OCCCCCCOC(=O)CCC(=O)OCCCCCCOC(=O)CCC(=O)OCCCCCCOC(=O)CCC(=O)OCCCCCCOC(=O)CCC(=O)OCCCCCCOC(=O)CCC(=O)OCCCCCCOC(=O)CCC(=O)OCCCCCCOC(=O)CCC(=O)OCCCCCCOC(=O)CCC(=O)OCCCCCCOC(=O)CCC(=O)OCCCCCCOC(=O)CCC(=O)OCCCCCCOC(=O)CCC(=O)OCCCCCCOC(=O)CCC(C)=O,57.0,True
COCCCCCCOC(=O)CCCC(=O)OCCCCCCOC(=O)CCCC(=O)OCCCCCCOC(=O)CCCC(=O)OCCCCCCOC(=O)CCCC(=O)OCCCCCCOC(=O)CCCC(=O)OCCCCCCOC(=O)CCCC(=O)OCCCCCCOC(=O)CCCC(=O)OCCCCCCOC(=O)CCCC(=O)OCCCCCCOC(=O)CCCC(=O)OCCCCCCOC(=O)CCCC(=O)OCCCCCCOC(=O)CCCC(=O)OCCCCCCOC(=O)CCCC(=O)OCCCCCCOC(=O)CCCC(=O)OCCCCCCOC(=O)CCCC(=O)OCCCCCCOC(=O)CCCC(=O)OCCCCCCOC(=O)CCCC(=O)OCCCCCCOC(=O)CCCC(=O)OCCCCCCOC(=O)CCCC(=O)OCCCCCCOC(=O)CCCC(=O)OCCCCCCOC(=O)CCCC(=O)OCCCCCCOC(=O)CCCC(=O)OCCCCCCOC(=O)CCCC(=O)OCCCCCCOC(=O)CCCC(=O)OCCCCCCOC(=O)CCCC(=O)OCCCCCCOC(=O)CCCC(=O)OCCCCCCOC(=O)CCCC(=O)OCCCCCCOC(=O)CCCC(=O)OCCCCCCOC(=O)CCCC(=O)OCCCCCCOC(=O)CCCC(=O)OCCCCCCOC(=O)CCCC(=O)OCCCCCCOC(=O)CCCC(=O)OCCCCCCOC(=O)CCCC(=O)OCCCCCCOC(=O)CCCC(=O)OCCCCCCOC(=O)CCCC(=O)OCCCCCCOC(=O)CCCC(=O)OCCCCCCOC(=O)CCCC(=O)OCCCCCCOC(=O)CCCC(=O)OCCCCCCOC(=O)CCCC(=O)OCCCCCCOC(=O)CCCC(=O)OCCCCCCOC(=O)CCCC(C)=O,34.0,True
COCCCCCCOC(=O)CCCCCCCC(=O)OCCCCCCOC(=O)CCCCCCCC(=O)OCCCCCCOC(=O)CCCCCCCC(=O)OCCCCCCOC(=O)CCCCCCCC(=O)OCCCCCCOC(=O)CCCCCCCC(=O)OCCCCCCOC(=O)CCCCCCCC(=O)OCCCCCCOC(=O)CCCCCCCC(=O)OCCCCCCOC(=O)CCCCCCCC(=O)OCCCCCCOC(=O)CCCCCCCC(=O)OCCCCCCOC(=O)CCCCCCCC(=O)OCCCCCCOC(=O)CCCCCCCC(=O)OCCCCCCOC(=O)CCCCCCCC(=O)OCCCCCCOC(=O)CCCCCCCC(=O)OCCCCCCOC(=O)CCCCCCCC(=O)OCCCCCCOC(=O)CCCCCCCC(=O)OCCCCCCOC(=O)CCCCCCCC(=O)OCCCCCCOC(=O)CCCCCCCC(=O)OCCCCCCOC(=O)CCCCCCCC(=O)OCCCCCCOC(=O)CCCCCCCC(=O)OCCCCCCOC(=O)CCCCCCCC(=O)OCCCCCCOC(=O)CCCCCCCC(=O)OCCCCCCOC(=O)CCCCCCCC(=O)OCCCCCCOC(=O)CCCCCCCC(=O)OCCCCCCOC(=O)CCCCCCCC(=O)OCCCCCCOC(=O)CCCCCCCC(=O)OCCCCCCOC(=O)CCCCCCCC(=O)OCCCCCCOC(=O)CCCCCCCC(=O)OCCCCCCOC(=O)CCCCCCCC(=O)OCCCCCCOC(=O)CCCCCCCC(=O)OCCCCCCOC(=O)CCCCCCCC(=O)OCCCCCCOC(=O)CCCCCCCC(=O)OCCCCCCOC(=O)CCCCCCCC(=O)OCCCCCCOC(=O)CCCCCCCC(=O)OCCCCCCOC(=O)CCCCCCCC(=O)OCCCCCCOC(=O)CCCCCCCC(=O)OCCCCCCOC(=O)CCCCCCCC(=O)OCCCCCCOC(=O)CCCCCCCC(=O)OCCCCCCOC(=O)CCCCCCCC(=O)OCCCCCCOC(=O)CCCCCCCC(=O)OCCCCCCOC(=O)CCCCCCCC(C)=O,53.0,True
COCCCCCCOC(=O)CCCCCC(=O)OCCCCCCOC(=O)CCCCCC(=O)OCCCCCCOC(=O)CCCCCC(=O)OCCCCCCOC(=O)CCCCCC(=O)OCCCCCCOC(=O)CCCCCC(=O)OCCCCCCOC(=O)CCCCCC(=O)OCCCCCCOC(=O)CCCCCC(=O)OCCCCCCOC(=O)CCCCCC(=O)OCCCCCCOC(=O)CCCCCC(=O)OCCCCCCOC(=O)CCCCCC(=O)OCCCCCCOC(=O)CCCCCC(=O)OCCCCCCOC(=O)CCCCCC(=O)OCCCCCCOC(=O)CCCCCC(=O)OCCCCCCOC(=O)CCCCCC(=O)OCCCCCCOC(=O)CCCCCC(=O)OCCCCCCOC(=O)CCCCCC(=O)OCCCCCCOC(=O)CCCCCC(=O)OCCCCCCOC(=O)CCCCCC(=O)OCCCCCCOC(=O)CCCCCC(=O)OCCCCCCOC(=O)CCCCCC(=O)OCCCCCCOC(=O)CCCCCC(=O)OCCCCCCOC(=O)CCCCCC(=O)OCCCCCCOC(=O)CCCCCC(=O)OCCCCCCOC(=O)CCCCCC(=O)OCCCCCCOC(=O)CCCCCC(=O)OCCCCCCOC(=O)CCCCCC(=O)OCCCCCCOC(=O)CCCCCC(=O)OCCCCCCOC(=O)CCCCCC(=O)OCCCCCCOC(=O)CCCCCC(=O)OCCCCCCOC(=O)CCCCCC(=O)OCCCCCCOC(=O)CCCCCC(=O)OCCCCCCOC(=O)CCCCCC(=O)OCCCCCCOC(=O)CCCCCC(=O)OCCCCCCOC(=O)CCCCCC(=O)OCCCCCCOC(=O)CCCCCC(=O)OCCCCCCOC(=O)CCCCCC(=O)OCCCCCCOC(=O)CCCCCC(=O)OCCCCCCOC(=O)CCCCCC(=O)OCCCCCCOC(=O)CCCCCC(=O)OCCCCCCOC(=O)CCCCCC(C)=O,50.0,True
COCCCCCCOC(=O)COCC(=O)OCCCCCCOC(=O)COCC(=O)OCCCCCCOC(=O)COCC(=O)OCCCCCCOC(=O)COCC(=O)OCCCCCCOC(=O)COCC(=O)OCCCCCCOC(=O)COCC(=O)OCCCCCCOC(=O)COCC(=O)OCCCCCCOC(=O)COCC(=O)OCCCCCCOC(=O)COCC(=O)OCCCCCCOC(=O)COCC(=O)OCCCCCCOC(=O)COCC(=O)OCCCCCCOC(=O)COCC(=O)OCCCCCCOC(=O)COCC(=O)OCCCCCCOC(=O)COCC(=O)OCCCCCCOC(=O)COCC(=O)OCCCCCCOC(=O)COCC(=O)OCCCCCCOC(=O)COCC(=O)OCCCCCCOC(=O)COCC(=O)OCCCCCCOC(=O)COCC(=O)OCCCCCCOC(=O)COCC(=O)OCCCCCCOC(=O)COCC(=O)OCCCCCCOC(=O)COCC(=O)OCCCCCCOC(=O)COCC(=O)OCCCCCCOC(=O)COCC(=O)OCCCCCCOC(=O)COCC(=O)OCCCCCCOC(=O)COCC(=O)OCCCCCCOC(=O)COCC(=O)OCCCCCCOC(=O)COCC(=O)OCCCCCCOC(=O)COCC(=O)OCCCCCCOC(=O)COCC(=O)OCCCCCCOC(=O)COCC(=O)OCCCCCCOC(=O)COCC(=O)OCCCCCCOC(=O)COCC(=O)OCCCCCCOC(=O)COCC(=O)OCCCCCCOC(=O)COCC(=O)OCCCCCCOC(=O)COCC(=O)OCCCCCCOC(=O)COCC(=O)OCCCCCCOC(=O)COCC(=O)OCCCCCCOC(=O)COCC(=O)OCCCCCCOC(=O)COCC(C)=O,51.0,True
CNCCCCCCNC(=O)c1cccc(C(=O)NCCCCCCNC(=O)c2cccc(C(=O)NCCCCCCNC(=O)c3cccc(C(=O)NCCCCCCNC(=O)c4cccc(C(=O)NCCCCCCNC(=O)c5cccc(C(=O)NCCCCCCNC(=O)c6cccc(C(=O)NCCCCCCNC(=O)c7cccc(C(=O)NCCCCCCNC(=O)c8cccc(C(=O)NCCCCCCNC(=O)c9cccc(C(=O)NCCCCCCNC(=O)c%10cccc(C(=O)NCCCCCCNC(=O)c%11cccc(C(=O)NCCCCCCNC(=O)c%12cccc(C(=O)NCCCCCCNC(=O)c%13cccc(C(=O)NCCCCCCNC(=O)c%14cccc(C(=O)NCCCCCCNC(=O)c%15cccc(C(=O)NCCCCCCNC(=O)c%16cccc(C(=O)NCCCCCCNC(=O)c%17cccc(C(=O)NCCCCCCNC(=O)c%18cccc(C(=O)NCCCCCCNC(=O)c%19cccc(C(=O)NCCCCCCNC(=O)c%20cccc(C(=O)NCCCCCCNC(=O)c%21cccc(C(=O)NCCCCCCNC(=O)c%22cccc(C(=O)NCCCCCCNC(=O)c%23cccc(C(=O)NCCCCCCNC(=O)c%24cccc(C(=O)NCCCCCCNC(=O)c%25cccc(C(=O)NCCCCCCNC(=O)c%26cccc(C(=O)NCCCCCCNC(=O)c%27cccc(C(=O)NCCCCCCNC(=O)c%28cccc(C(=O)NCCCCCCNC(=O)c%29cccc(C(=O)NCCCCCCNC(=O)c%30cccc(C(=O)NCCCCCCNC(=O)c%31cccc(C(=O)NCCCCCCNC(=O)c%32cccc(C(=O)NCCCCCCNC(=O)c%33cccc(C(=O)NCCCCCCNC(=O)c%34cccc(C(=O)NCCCCCCNC(=O)c%35cccc(C(=O)NCCCCCCNC(=O)c%36cccc(C(=O)NCCCCCCNC(=O)c%37cccc(C(=O)NCCCCCCNC(=O)c%38cccc(C(=O)NCCCCCCNC(=O)c%39cccc(C(=O)NCCCCCCNC(=O)c%40cccc(C(C)=O)c%40)c%39)c%38)c%37)c%36)c%35)c%34)c%33)c%32)c%31)c%30)c%29)c%28)c%27)c%26)c%25)c%24)c%23)c%22)c%21)c%20)c%19)c%18)c%17)c%16)c%15)c%14)c%13)c%12)c%11)c%10)c9)c8)c7)c6)c5)c4)c3)c2)c1,200.0,True
CNCCCCCCNC(=O)CCCCCC(=O)NCCCCCCNC(=O)CCCCCC(=O)NCCCCCCNC(=O)CCCCCC(=O)NCCCCCCNC(=O)CCCCCC(=O)NCCCCCCNC(=O)CCCCCC(=O)NCCCCCCNC(=O)CCCCCC(=O)NCCCCCCNC(=O)CCCCCC(=O)NCCCCCCNC(=O)CCCCCC(=O)NCCCCCCNC(=O)CCCCCC(=O)NCCCCCCNC(=O)CCCCCC(=O)NCCCCCCNC(=O)CCCCCC(=O)NCCCCCCNC(=O)CCCCCC(=O)NCCCCCCNC(=O)CCCCCC(=O)NCCCCCCNC(=O)CCCCCC(=O)NCCCCCCNC(=O)CCCCCC(=O)NCCCCCCNC(=O)CCCCCC(=O)NCCCCCCNC(=O)CCCCCC(=O)NCCCCCCNC(=O)CCCCCC(=O)NCCCCCCNC(=O)CCCCCC(=O)NCCCCCCNC(=O)CCCCCC(=O)NCCCCCCNC(=O)CCCCCC(=O)NCCCCCCNC(=O)CCCCCC(=O)NCCCCCCNC(=O)CCCCCC(=O)NCCCCCCNC(=O)CCCCCC(=O)NCCCCCCNC(=O)CCCCCC(=O)NCCCCCCNC(=O)CCCCCC(=O)NCCCCCCNC(=O)CCCCCC(=O)NCCCCCCNC(=O)CCCCCC(=O)NCCCCCCNC(=O)CCCCCC(=O)NCCCCCCNC(=O)CCCCCC(=O)NCCCCCCNC(=O)CCCCCC(=O)NCCCCCCNC(=O)CCCCCC(=O)NCCCCCCNC(=O)CCCCCC(=O)NCCCCCCNC(=O)CCCCCC(=O)NCCCCCCNC(=O)CCCCCC(=O)NCCCCCCNC(=O)CCCCCC(=O)NCCCCCCNC(=O)CCCCCC(=O)NCCCCCCNC(=O)CCCCCC(=O)NCCCCCCNC(=O)CCCCCC(=O)NCCCCCCNC(=O)CCCCCC(C)=O,202.0,True
CNCCCCCCNC(=O)CCSCCC(=O)NCCCCCCNC(=O)CCSCCC(=O)NCCCCCCNC(=O)CCSCCC(=O)NCCCCCCNC(=O)CCSCCC(=O)NCCCCCCNC(=O)CCSCCC(=O)NCCCCCCNC(=O)CCSCCC(=O)NCCCCCCNC(=O)CCSCCC(=O)NCCCCCCNC(=O)CCSCCC(=O)NCCCCCCNC(=O)CCSCCC(=O)NCCCCCCNC(=O)CCSCCC(=O)NCCCCCCNC(=O)CCSCCC(=O)NCCCCCCNC(=O)CCSCCC(=O)NCCCCCCNC(=O)CCSCCC(=O)NCCCCCCNC(=O)CCSCCC(=O)NCCCCCCNC(=O)CCSCCC(=O)NCCCCCCNC(=O)CCSCCC(=O)NCCCCCCNC(=O)CCSCCC(=O)NCCCCCCNC(=O)CCSCCC(=O)NCCCCCCNC(=O)CCSCCC(=O)NCCCCCCNC(=O)CCSCCC(=O)NCCCCCCNC(=O)CCSCCC(=O)NCCCCCCNC(=O)CCSCCC(=O)NCCCCCCNC(=O)CCSCCC(=O)NCCCCCCNC(=O)CCSCCC(=O)NCCCCCCNC(=O)CCSCCC(=O)NCCCCCCNC(=O)CCSCCC(=O)NCCCCCCNC(=O)CCSCCC(=O)NCCCCCCNC(=O)CCSCCC(=O)NCCCCCCNC(=O)CCSCCC(=O)NCCCCCCNC(=O)CCSCCC(=O)NCCCCCCNC(=O)CCSCCC(=O)NCCCCCCNC(=O)CCSCCC(=O)NCCCCCCNC(=O)CCSCCC(=O)NCCCCCCNC(=O)CCSCCC(=O)NCCCCCCNC(=O)CCSCCC(=O)NCCCCCCNC(=O)CCSCCC(=O)NCCCCCCNC(=O)CCSCCC(=O)NCCCCCCNC(=O)CCSCCC(=O)NCCCCCCNC(=O)CCSCCC(=O)NCCCCCCNC(=O)CCSCCC(C)=O,216.0,True
CNCCCCCCNC(=O)CCCCCCCCCCCCC(=O)NCCCCCCNC(=O)CCCCCCCCCCCCC(=O)NCCCCCCNC(=O)CCCCCCCCCCCCC(=O)NCCCCCCNC(=O)CCCCCCCCCCCCC(=O)NCCCCCCNC(=O)CCCCCCCCCCCCC(=O)NCCCCCCNC(=O)CCCCCCCCCCCCC(=O)NCCCCCCNC(=O)CCCCCCCCCCCCC(=O)NCCCCCCNC(=O)CCCCCCCCCCCCC(=O)NCCCCCCNC(=O)CCCCCCCCCCCCC(=O)NCCCCCCNC(=O)CCCCCCCCCCCCC(=O)NCCCCCCNC(=O)CCCCCCCCCCCCC(=O)NCCCCCCNC(=O)CCCCCCCCCCCCC(=O)NCCCCCCNC(=O)CCCCCCCCCCCCC(=O)NCCCCCCNC(=O)CCCCCCCCCCCCC(=O)NCCCCCCNC(=O)CCCCCCCCCCCCC(=O)NCCCCCCNC(=O)CCCCCCCCCCCCC(=O)NCCCCCCNC(=O)CCCCCCCCCCCCC(=O)NCCCCCCNC(=O)CCCCCCCCCCCCC(=O)NCCCCCCNC(=O)CCCCCCCCCCCCC(=O)NCCCCCCNC(=O)CCCCCCCCCCCCC(=O)NCCCCCCNC(=O)CCCCCCCCCCCCC(=O)NCCCCCCNC(=O)CCCCCCCCCCCCC(=O)NCCCCCCNC(=O)CCCCCCCCCCCCC(=O)NCCCCCCNC(=O)CCCCCCCCCCCCC(=O)NCCCCCCNC(=O)CCCCCCCCCCCCC(=O)NCCCCCCNC(=O)CCCCCCCCCCCCC(=O)NCCCCCCNC(=O)CCCCCCCCCCCCC(=O)NCCCCCCNC(=O)CCCCCCCCCCCCC(=O)NCCCCCCNC(=O)CCCCCCCCCCCCC(=O)NCCCCCCNC(=O)CCCCCCCCCCCCC(=O)NCCCCCCNC(=O)CCCCCCCCCCCCC(=O)NCCCCCCNC(=O)CCCCCCCCCCCCC(=O)NCCCCCCNC(=O)CCCCCCCCCCCCC(=O)NCCCCCCNC(=O)CCCCCCCCCCCCC(=O)NCCCCCCNC(=O)CCCCCCCCCCCCC(=O)NCCCCCCNC(=O)CCCCCCCCCCCCC(=O)NCCCCCCNC(=O)CCCCCCCCCCCCC(=O)NCCCCCCNC(=O)CCCCCCCCCCCCC(=O)NCCCCCCNC(=O)CCCCCCCCCCCCC(=O)NCCCCCCNC(=O)CCCCCCCCCCCCC(C)=O,209.0,True
CNCCCCCCNC(=O)c1ccc(S(=O)(=O)c2ccc(C(=O)NCCCCCCNC(=O)c3ccc(S(=O)(=O)c4ccc(C(=O)NCCCCCCNC(=O)c5ccc(S(=O)(=O)c6ccc(C(=O)NCCCCCCNC(=O)c7ccc(S(=O)(=O)c8ccc(C(=O)NCCCCCCNC(=O)c9ccc(S(=O)(=O)c%10ccc(C(=O)NCCCCCCNC(=O)c%11ccc(S(=O)(=O)c%12ccc(C(=O)NCCCCCCNC(=O)c%13ccc(S(=O)(=O)c%14ccc(C(=O)NCCCCCCNC(=O)c%15ccc(S(=O)(=O)c%16ccc(C(=O)NCCCCCCNC(=O)c%17ccc(S(=O)(=O)c%18ccc(C(=O)NCCCCCCNC(=O)c%19ccc(S(=O)(=O)c%20ccc(C(=O)NCCCCCCNC(=O)c%21ccc(S(=O)(=O)c%22ccc(C(=O)NCCCCCCNC(=O)c%23ccc(S(=O)(=O)c%24ccc(C(=O)NCCCCCCNC(=O)c%25ccc(S(=O)(=O)c%26ccc(C(=O)NCCCCCCNC(=O)c%27ccc(S(=O)(=O)c%28ccc(C(=O)NCCCCCCNC(=O)c%29ccc(S(=O)(=O)c%30ccc(C(=O)NCCCCCCNC(=O)c%31ccc(S(=O)(=O)c%32ccc(C(=O)NCCCCCCNC(=O)c%33ccc(S(=O)(=O)c%34ccc(C(=O)NCCCCCCNC(=O)c%35ccc(S(=O)(=O)c%36ccc(C(=O)NCCCCCCNC(=O)c%37ccc(S(=O)(=O)c%38ccc(C(=O)NCCCCCCNC(=O)c%39ccc(S(=O)(=O)c%40ccc(C(=O)NCCCCCCNC(=O)c%41ccc(S(=O)(=O)c%42ccc(C(=O)NCCCCCCNC(=O)c%43ccc(S(=O)(=O)c%44ccc(C(=O)NCCCCCCNC(=O)c%45ccc(S(=O)(=O)c%46ccc(C(=O)NCCCCCCNC(=O)c%47ccc(S(=O)(=O)c%48ccc(C(=O)NCCCCCCNC(=O)c%49ccc(S(=O)(=O)c%50ccc(C(=O)NCCCCCCNC(=O)c%51ccc(S(=O)(=O)c%52ccc(C(=O)NCCCCCCNC(=O)c%53ccc(S(=O)(=O)c%54ccc(C(=O)NCCCCCCNC(=O)c%55ccc(S(=O)(=O)c%56ccc(C(=O)NCCCCCCNC(=O)c%57ccc(S(=O)(=O)c%58ccc(C(=O)NCCCCCCNC(=O)c%59ccc(S(=O)(=O)c%60ccc(C(=O)NCCCCCCNC(=O)c%61ccc(S(=O)(=O)c%62ccc(C(=O)NCCCCCCNC(=O)c%63ccc(S(=O)(=O)c%64ccc(C(=O)NCCCCCCNC(=O)c%65ccc(S(=O)(=O)c%66ccc(C(=O)NCCCCCCNC(=O)c%67ccc(S(=O)(=O)c%68ccc(C(=O)NCCCCCCNC(=O)c%69ccc(S(=O)(=O)c%70ccc(C(=O)NCCCCCCNC(=O)c%71ccc(S(=O)(=O)c%72ccc(C(=O)NCCCCCCNC(=O)c%73ccc(S(=O)(=O)c%74ccc(C(=O)NCCCCCCNC(=O)c%75ccc(S(=O)(=O)c%76ccc(C(=O)NCCCCCCNC(=O)c%77ccc(S(=O)(=O)c%78ccc(C(=O)NCCCCCCNC(=O)c%79ccc(S(=O)(=O)c%80ccc(C(C)=O)cc%80)cc%79)cc%78)cc%77)cc%76)cc%75)cc%74)cc%73)cc%72)cc%71)cc%70)cc%69)cc%68)cc%67)cc%66)cc%65)cc%64)cc%63)cc%62)cc%61)cc%60)cc%59)cc%58)cc%57)cc%56)cc%55)cc%54)cc%53)cc%52)cc%51)cc%50)cc%49)cc%48)cc%47)cc%46)cc%45)cc%44)cc%43)cc%42)cc%41)cc%40)cc%39)cc%38)cc%37)cc%36)cc%35)cc%34)cc%33)cc%32)cc%31)cc%30)cc%29)cc%28)cc%27)cc%26)cc%25)cc%24)cc%23)cc%22)cc%21)cc%20)cc%19)cc%18)cc%17)cc%16)cc%15)cc%14)cc%13)cc%12)cc%11)cc%10)cc9)cc8)cc7)cc6)cc5)cc4)cc3)cc2)cc1,310.0,True
CC(=O)c1ccc(C(=O)N(C)CCCCCCN(C)C(=O)c2ccc(C(=O)N(C)CCCCCCN(C)C(=O)c3ccc(C(=O)N(C)CCCCCCN(C)C(=O)c4ccc(C(=O)N(C)CCCCCCN(C)C(=O)c5ccc(C(=O)N(C)CCCCCCN(C)C(=O)c6ccc(C(=O)N(C)CCCCCCN(C)C(=O)c7ccc(C(=O)N(C)CCCCCCN(C)C(=O)c8ccc(C(=O)N(C)CCCCCCN(C)C(=O)c9ccc(C(=O)N(C)CCCCCCN(C)C(=O)c%10ccc(C(=O)N(C)CCCCCCN(C)C(=O)c%11ccc(C(=O)N(C)CCCCCCN(C)C(=O)c%12ccc(C(=O)N(C)CCCCCCN(C)C(=O)c%13ccc(C(=O)N(C)CCCCCCN(C)C(=O)c%14ccc(C(=O)N(C)CCCCCCN(C)C(=O)c%15ccc(C(=O)N(C)CCCCCCN(C)C(=O)c%16ccc(C(=O)N(C)CCCCCCN(C)C(=O)c%17ccc(C(=O)N(C)CCCCCCN(C)C(=O)c%18ccc(C(=O)N(C)CCCCCCN(C)C(=O)c%19ccc(C(=O)N(C)CCCCCCN(C)C(=O)c%20ccc(C(=O)N(C)CCCCCCN(C)C(=O)c%21ccc(C(=O)N(C)CCCCCCN(C)C(=O)c%22ccc(C(=O)N(C)CCCCCCN(C)C(=O)c%23ccc(C(=O)N(C)CCCCCCN(C)C(=O)c%24ccc(C(=O)N(C)CCCCCCN(C)C(=O)c%25ccc(C(=O)N(C)CCCCCCN(C)C(=O)c%26ccc(C(=O)N(C)CCCCCCN(C)C(=O)c%27ccc(C(=O)N(C)CCCCCCN(C)C(=O)c%28ccc(C(=O)N(C)CCCCCCN(C)C(=O)c%29ccc(C(=O)N(C)CCCCCCN(C)C(=O)c%30ccc(C(=O)N(C)CCCCCCN(C)C(=O)c%31ccc(C(=O)N(C)CCCCCCN(C)C(=O)c%32ccc(C(=O)N(C)CCCCCCN(C)C(=O)c%33ccc(C(=O)N(C)CCCCCCN(C)C(=O)c%34ccc(C(=O)N(C)CCCCCCN(C)C(=O)c%35ccc(C(=O)N(C)CCCCCCN(C)C(=O)c%36ccc(C(=O)N(C)CCCCCCN(C)C(=O)c%37ccc(C(=O)N(C)CCCCCCN(C)C(=O)c%38ccc(C(=O)N(C)CCCCCCN(C)C(=O)c%39ccc(C(=O)N(C)CCCCCCN(C)C(=O)c%40ccc(C(=O)N(C)CCCCCCN(C)C)cc%40)cc%39)cc%38)cc%37)cc%36)cc%35)cc%34)cc%33)cc%32)cc%31)cc%30)cc%29)cc%28)cc%27)cc%26)cc%25)cc%24)cc%23)cc%22)cc%21)cc%20)cc%19)cc%18)cc%17)cc%16)cc%15)cc%14)cc%13)cc%12)cc%11)cc%10)cc9)cc8)cc7)cc6)cc5)cc4)cc3)cc2)cc1,260.0,True
CNCCNC(=O)NCCNC(=O)NCCNC(=O)NCCNC(=O)NCCNC(=O)NCCNC(=O)NCCNC(=O)NCCNC(=O)NCCNC(=O)NCCNC(=O)NCCNC(=O)NCCNC(=O)NCCNC(=O)NCCNC(=O)NCCNC(=O)NCCNC(=O)NCCNC(=O)NCCNC(=O)NCCNC(=O)NCCNC(=O)NCCNC(=O)NCCNC(=O)NCCNC(=O)NCCNC(=O)NCCNC(=O)NCCNC(=O)NCCNC(=O)NCCNC(=O)NCCNC(=O)NCCNC(=O)NCCNC(=O)NCCNC(=O)NCCNC(=O)NCCNC(=O)NCCNC(=O)NCCNC(=O)NCCNC(=O)NCCNC(=O)NCCNC(=O)NCCNC(C)=O,400.0,True
CC[C@H](CC(C)C)C[C@H](CC(C)C)C[C@H](CC(C)C)C[C@H](CC(C)C)C[C@H](CC(C)C)C[C@H](CC(C)C)C[C@H](CC(C)C)C[C@H](CC(C)C)C[C@H](CC(C)C)C[C@H](CC(C)C)C[C@H](CC(C)C)C[C@H](CC(C)C)C[C@H](CC(C)C)C[C@H](CC(C)C)C[C@H](CC(C)C)C[C@H](CC(C)C)C[C@H](CC(C)C)C[C@H](CC(C)C)C[C@H](CC(C)C)C[C@H](CC(C)C)C[C@H](CC(C)C)C[C@H](CC(C)C)C[C@H](CC(C)C)C[C@H](CC(C)C)C[C@@H](CC(C)C)C[C@@H](CC(C)C)C[C@@H](CC(C)C)C[C@@H](CC(C)C)C[C@@H](CC(C)C)C[C@@H](CC(C)C)C[C@@H](CC(C)C)C[C@@H](CC(C)C)C[C@@H](CC(C)C)C[C@H](CC(C)C)C[C@H](CC(C)C)C[C@H](CC(C)C)C[C@H](CC(C)C)C[C@H](CC(C)C)C[C@H](CC(C)C)C[C@@H](C)CC(C)C,64.0,True
CC[C@H](CC(C)C)C[C@H](CC(C)C)C[C@@H](CC(C)C)C[C@H](CC(C)C)C[C@@H](CC(C)C)C[C@H](CC(C)C)C[C@@H](CC(C)C)C[C@H](CC(C)C)C[C@@H](CC(C)C)C[C@@H](CC(C)C)C[C@H](CC(C)C)C[C@@H](CC(C)C)C[C@@H](CC(C)C)C[C@H](CC(C)C)C[C@@H](CC(C)C)C[C@H](CC(C)C)C[C@@H](CC(C)C)C[C@H](CC(C)C)C[C@@H](CC(C)C)C[C@@H](CC(C)C)C[C@H](CC(C)C)C[C@@H](CC(C)C)C[C@H](CC(C)C)C[C@@H](CC(C)C)C[C@H](CC(C)C)C[C@@H](CC(C)C)C[C@H](CC(C)C)C[C@@H](CC(C)C)C[C@H](CC(C)C)C[C@@H](CC(C)C)C[C@H](CC(C)C)C[C@@H](CC(C)C)C[C@H](CC(C)C)C[C@@H](CC(C)C)C[C@H](CC(C)C)C[C@@H](CC(C)C)C[C@H](CC(C)C)C[C@@H](CC(C)C)C[C@H](CC(C)C)C[C@H](C)CC(C)C,42.0,True
CC[C@@H](C)C[C@@H](C)C[C@H](C)C[C@@H](C)C[C@H](C)C[C@@H](C)C[C@H](C)C[C@H](C)C[C@@H](C)C[C@@H](C)C[C@H](C)C[C@@H](C)C[C@@H](C)C[C@H](C)C[C@@H](C)C[C@H](C)C[C@@H](C)C[C@H](C)C[C@@H](C)C[C@@H](C)C[C@H](C)C[C@@H](C)C[C@H](C)C[C@@H](C)C[C@H](C)C[C@@H](C)C[C@H](C)C[C@@H](C)C[C@H](C)C[C@@H](C)C[C@H](C)C[C@@H](C)C[C@H](C)C[C@@H](C)C[C@H](C)C[C@@H](C)C[C@H](C)C[C@@H](C)C[C@H](C)CC(C)C,135.0,True
CC[C@@H](C)C[C@H](C)C[C@@H](C)C[C@H](C)C[C@@H](C)C[C@H](C)C[C@@H](C)C[C@H](C)C[C@@H](C)C[C@H](C)C[C@@H](C)C[C@H](C)C[C@@H](C)C[C@H](C)C[C@@H](C)C[C@H](C)C[C@@H](C)C[C@H](C)C[C@@H](C)C[C@@H](C)C[C@H](C)C[C@@H](C)C[C@H](C)C[C@@H](C)C[C@H](C)C[C@@H](C)C[C@H](C)C[C@@H](C)C[C@H](C)C[C@@H](C)C[C@H](C)C[C@@H](C)C[C@H](C)C[C@@H](C)C[C@H](C)C[C@@H](C)C[C@H](C)C[C@@H](C)C[C@H](C)CC(C)C,186.0,True
CC[C@H](C[C@@H](C[C@H](C[C@@H](C[C@H](C[C@@H](C[C@H](C[C@@H](C[C@H](C[C@@H](C[C@H](C[C@@H](C[C@H](C[C@@H](C[C@H](C[C@@H](C[C@H](C[C@@H](C[C@H](C[C@H](C[C@@H](C[C@H](C[C@@H](C[C@H](C[C@@H](C[C@H](C[C@@H](C[C@H](C[C@@H](C[C@H](C[C@@H](C[C@H](C[C@@H](C[C@H](C[C@@H](C[C@H](C[C@@H](C[C@H](C[C@@H](C[C@H](C)c1ccccc1)c1ccccc1)c1ccccc1)c1ccccc1)c1ccccc1)c1ccccc1)c1ccccc1)c1ccccc1)c1ccccc1)c1ccccc1)c1ccccc1)c1ccccc1)c1ccccc1)c1ccccc1)c1ccccc1)c1ccccc1)c1ccccc1)c1ccccc1)c1ccccc1)c1ccccc1)c1ccccc1)c1ccccc1)c1ccccc1)c1ccccc1)c1ccccc1)c1ccccc1)c1ccccc1)c1ccccc1)c1ccccc1)c1ccccc1)c1ccccc1)c1ccccc1)c1ccccc1)c1ccccc1)c1ccccc1)c1ccccc1)c1ccccc1)c1ccccc1)c1ccccc1)c1ccccc1,265.0,True
CC[C@H](C[C@H](C[C@H](C[C@H](C[C@H](C[C@H](C[C@H](C[C@H](C[C@H](C[C@H](C[C@H](C[C@H](C[C@H](C[C@H](C[C@H](C[C@H](C[C@H](C[C@H](C[C@H](C[C@H](C[C@H](C[C@H](C[C@H](C[C@H](C[C@H](C[C@H](C[C@H](C[C@H](C[C@H](C[C@H](C[C@H](C[C@H](C[C@H](C[C@H](C[C@H](C[C@H](C[C@H](C[C@H](C[C@H](C[C@H](C)c1ccccc1)c1ccccc1)c1ccccc1)c1ccccc1)c1ccccc1)c1ccccc1)c1ccccc1)c1ccccc1)c1ccccc1)c1ccccc1)c1ccccc1)c1ccccc1)c1ccccc1)c1ccccc1)c1ccccc1)c1ccccc1)c1ccccc1)c1ccccc1)c1ccccc1)c1ccccc1)c1ccccc1)c1ccccc1)c1ccccc1)c1ccccc1)c1ccccc1)c1ccccc1)c1ccccc1)c1ccccc1)c1ccccc1)c1ccccc1)c1ccccc1)c1ccccc1)c1ccccc1)c1ccccc1)c1ccccc1)c1ccccc1)c1ccccc1)c1ccccc1)c1ccccc1)c1ccccc1,230.0,True
